SET FOREIGN_KEY_CHECKS = 0;
SET NAMES utf8mb4;
-- gen_table DDL
CREATE TABLE `gen_table` (`table_id` BIGINT NOT NULL AUTO_INCREMENT Comment "编号",
`table_name` VARCHAR(200) CHARACTER SET utf8mb4 COLLATE utf8mb4_unicode_ci NULL DEFAULT '' Comment "表名称",
`table_comment` VARCHAR(500) CHARACTER SET utf8mb4 COLLATE utf8mb4_unicode_ci NULL DEFAULT '' Comment "表描述",
`sub_table_name` VARCHAR(64) CHARACTER SET utf8mb4 COLLATE utf8mb4_unicode_ci NULL Comment "关联子表的表名",
`sub_table_fk_name` VARCHAR(64) CHARACTER SET utf8mb4 COLLATE utf8mb4_unicode_ci NULL Comment "子表关联的外键名",
`class_name` VARCHAR(100) CHARACTER SET utf8mb4 COLLATE utf8mb4_unicode_ci NULL DEFAULT '' Comment "实体类名称",
`tpl_category` VARCHAR(200) CHARACTER SET utf8mb4 COLLATE utf8mb4_unicode_ci NULL DEFAULT 'crud' Comment "使用的模板（crud单表操作 tree树表操作）",
`tpl_web_type` VARCHAR(30) CHARACTER SET utf8mb4 COLLATE utf8mb4_unicode_ci NULL DEFAULT '' Comment "前端模板类型（element-ui模版 element-plus模版）",
`package_name` VARCHAR(100) CHARACTER SET utf8mb4 COLLATE utf8mb4_unicode_ci NULL Comment "生成包路径",
`module_name` VARCHAR(30) CHARACTER SET utf8mb4 COLLATE utf8mb4_unicode_ci NULL Comment "生成模块名",
`business_name` VARCHAR(30) CHARACTER SET utf8mb4 COLLATE utf8mb4_unicode_ci NULL Comment "生成业务名",
`function_name` VARCHAR(50) CHARACTER SET utf8mb4 COLLATE utf8mb4_unicode_ci NULL Comment "生成功能名",
`function_author` VARCHAR(50) CHARACTER SET utf8mb4 COLLATE utf8mb4_unicode_ci NULL Comment "生成功能作者",
`gen_type` CHAR(1) CHARACTER SET utf8mb4 COLLATE utf8mb4_unicode_ci NULL DEFAULT '0' Comment "生成代码方式（0zip压缩包 1自定义路径）",
`gen_path` VARCHAR(200) CHARACTER SET utf8mb4 COLLATE utf8mb4_unicode_ci NULL DEFAULT '/' Comment "生成路径（不填默认项目路径）",
`options` VARCHAR(1000) CHARACTER SET utf8mb4 COLLATE utf8mb4_unicode_ci NULL Comment "其它生成选项",
`create_by` VARCHAR(64) CHARACTER SET utf8mb4 COLLATE utf8mb4_unicode_ci NULL DEFAULT '' Comment "创建者",
`create_time` DATETIME NULL Comment "创建时间",
`update_by` VARCHAR(64) CHARACTER SET utf8mb4 COLLATE utf8mb4_unicode_ci NULL DEFAULT '' Comment "更新者",
`update_time` DATETIME NULL Comment "更新时间",
`remark` VARCHAR(500) CHARACTER SET utf8mb4 COLLATE utf8mb4_unicode_ci NULL Comment "备注",
PRIMARY KEY (`table_id`)) ENGINE = InnoDB CHARACTER SET = utf8mb4 COLLATE = utf8mb4_unicode_ci AUTO_INCREMENT = 17 ROW_FORMAT = Dynamic COMMENT = "代码生成业务表";
-- gen_table_column DDL
CREATE TABLE `gen_table_column` (`column_id` BIGINT NOT NULL AUTO_INCREMENT Comment "编号",
`table_id` BIGINT NULL Comment "归属表编号",
`column_name` VARCHAR(200) CHARACTER SET utf8mb4 COLLATE utf8mb4_unicode_ci NULL Comment "列名称",
`column_comment` VARCHAR(500) CHARACTER SET utf8mb4 COLLATE utf8mb4_unicode_ci NULL Comment "列描述",
`column_type` VARCHAR(100) CHARACTER SET utf8mb4 COLLATE utf8mb4_unicode_ci NULL Comment "列类型",
`java_type` VARCHAR(500) CHARACTER SET utf8mb4 COLLATE utf8mb4_unicode_ci NULL Comment "JAVA类型",
`java_field` VARCHAR(200) CHARACTER SET utf8mb4 COLLATE utf8mb4_unicode_ci NULL Comment "JAVA字段名",
`is_pk` CHAR(1) CHARACTER SET utf8mb4 COLLATE utf8mb4_unicode_ci NULL Comment "是否主键（1是）",
`is_increment` CHAR(1) CHARACTER SET utf8mb4 COLLATE utf8mb4_unicode_ci NULL Comment "是否自增（1是）",
`is_required` CHAR(1) CHARACTER SET utf8mb4 COLLATE utf8mb4_unicode_ci NULL Comment "是否必填（1是）",
`is_insert` CHAR(1) CHARACTER SET utf8mb4 COLLATE utf8mb4_unicode_ci NULL Comment "是否为插入字段（1是）",
`is_edit` CHAR(1) CHARACTER SET utf8mb4 COLLATE utf8mb4_unicode_ci NULL Comment "是否编辑字段（1是）",
`is_list` CHAR(1) CHARACTER SET utf8mb4 COLLATE utf8mb4_unicode_ci NULL Comment "是否列表字段（1是）",
`is_query` CHAR(1) CHARACTER SET utf8mb4 COLLATE utf8mb4_unicode_ci NULL Comment "是否查询字段（1是）",
`query_type` VARCHAR(200) CHARACTER SET utf8mb4 COLLATE utf8mb4_unicode_ci NULL DEFAULT 'EQ' Comment "查询方式（等于、不等于、大于、小于、范围）",
`html_type` VARCHAR(200) CHARACTER SET utf8mb4 COLLATE utf8mb4_unicode_ci NULL Comment "显示类型（文本框、文本域、下拉框、复选框、单选框、日期控件）",
`dict_type` VARCHAR(200) CHARACTER SET utf8mb4 COLLATE utf8mb4_unicode_ci NULL DEFAULT '' Comment "字典类型",
`sort` INT NULL Comment "排序",
`create_by` VARCHAR(64) CHARACTER SET utf8mb4 COLLATE utf8mb4_unicode_ci NULL DEFAULT '' Comment "创建者",
`create_time` DATETIME NULL Comment "创建时间",
`update_by` VARCHAR(64) CHARACTER SET utf8mb4 COLLATE utf8mb4_unicode_ci NULL DEFAULT '' Comment "更新者",
`update_time` DATETIME NULL Comment "更新时间",
PRIMARY KEY (`column_id`)) ENGINE = InnoDB CHARACTER SET = utf8mb4 COLLATE = utf8mb4_unicode_ci AUTO_INCREMENT = 135 ROW_FORMAT = Dynamic COMMENT = "代码生成业务表字段";
-- sys_config DDL
CREATE TABLE `sys_config` (`config_id` INT NOT NULL AUTO_INCREMENT Comment "参数主键",
`config_name` VARCHAR(100) CHARACTER SET utf8mb4 COLLATE utf8mb4_unicode_ci NULL DEFAULT '' Comment "参数名称",
`config_key` VARCHAR(100) CHARACTER SET utf8mb4 COLLATE utf8mb4_unicode_ci NULL DEFAULT '' Comment "参数键名",
`config_value` VARCHAR(500) CHARACTER SET utf8mb4 COLLATE utf8mb4_unicode_ci NULL DEFAULT '' Comment "参数键值",
`config_type` CHAR(1) CHARACTER SET utf8mb4 COLLATE utf8mb4_unicode_ci NULL DEFAULT 'N' Comment "系统内置（Y是 N否）",
`create_by` VARCHAR(64) CHARACTER SET utf8mb4 COLLATE utf8mb4_unicode_ci NULL DEFAULT '' Comment "创建者",
`create_time` DATETIME NULL Comment "创建时间",
`update_by` VARCHAR(64) CHARACTER SET utf8mb4 COLLATE utf8mb4_unicode_ci NULL DEFAULT '' Comment "更新者",
`update_time` DATETIME NULL Comment "更新时间",
`remark` VARCHAR(500) CHARACTER SET utf8mb4 COLLATE utf8mb4_unicode_ci NULL Comment "备注",
PRIMARY KEY (`config_id`)) ENGINE = InnoDB CHARACTER SET = utf8mb4 COLLATE = utf8mb4_unicode_ci AUTO_INCREMENT = 100 ROW_FORMAT = Dynamic COMMENT = "参数配置表";
-- sys_dept DDL
CREATE TABLE `sys_dept` (`dept_id` BIGINT NOT NULL AUTO_INCREMENT Comment "部门id",
`parent_id` BIGINT NULL DEFAULT 0 Comment "父部门id",
`ancestors` VARCHAR(50) CHARACTER SET utf8mb4 COLLATE utf8mb4_unicode_ci NULL DEFAULT '' Comment "祖级列表",
`dept_name` VARCHAR(30) CHARACTER SET utf8mb4 COLLATE utf8mb4_unicode_ci NULL DEFAULT '' Comment "部门名称",
`order_num` INT NULL DEFAULT 0 Comment "显示顺序",
`leader` VARCHAR(20) CHARACTER SET utf8mb4 COLLATE utf8mb4_unicode_ci NULL Comment "负责人",
`phone` VARCHAR(11) CHARACTER SET utf8mb4 COLLATE utf8mb4_unicode_ci NULL Comment "联系电话",
`email` VARCHAR(50) CHARACTER SET utf8mb4 COLLATE utf8mb4_unicode_ci NULL Comment "邮箱",
`status` CHAR(1) CHARACTER SET utf8mb4 COLLATE utf8mb4_unicode_ci NULL DEFAULT '0' Comment "部门状态（0正常 1停用）",
`del_flag` CHAR(1) CHARACTER SET utf8mb4 COLLATE utf8mb4_unicode_ci NULL DEFAULT '0' Comment "删除标志（0代表存在 2代表删除）",
`create_by` VARCHAR(64) CHARACTER SET utf8mb4 COLLATE utf8mb4_unicode_ci NULL DEFAULT '' Comment "创建者",
`create_time` DATETIME NULL Comment "创建时间",
`update_by` VARCHAR(64) CHARACTER SET utf8mb4 COLLATE utf8mb4_unicode_ci NULL DEFAULT '' Comment "更新者",
`update_time` DATETIME NULL Comment "更新时间",
PRIMARY KEY (`dept_id`)) ENGINE = InnoDB CHARACTER SET = utf8mb4 COLLATE = utf8mb4_unicode_ci AUTO_INCREMENT = 200 ROW_FORMAT = Dynamic COMMENT = "部门表";
-- sys_dict_data DDL
CREATE TABLE `sys_dict_data` (`dict_code` BIGINT NOT NULL AUTO_INCREMENT Comment "字典编码",
`dict_sort` INT NULL DEFAULT 0 Comment "字典排序",
`dict_label` VARCHAR(100) CHARACTER SET utf8mb4 COLLATE utf8mb4_unicode_ci NULL DEFAULT '' Comment "字典标签",
`dict_value` VARCHAR(100) CHARACTER SET utf8mb4 COLLATE utf8mb4_unicode_ci NULL DEFAULT '' Comment "字典键值",
`dict_type` VARCHAR(100) CHARACTER SET utf8mb4 COLLATE utf8mb4_unicode_ci NULL DEFAULT '' Comment "字典类型",
`css_class` VARCHAR(100) CHARACTER SET utf8mb4 COLLATE utf8mb4_unicode_ci NULL Comment "样式属性（其他样式扩展）",
`list_class` VARCHAR(100) CHARACTER SET utf8mb4 COLLATE utf8mb4_unicode_ci NULL Comment "表格回显样式",
`is_default` CHAR(1) CHARACTER SET utf8mb4 COLLATE utf8mb4_unicode_ci NULL DEFAULT 'N' Comment "是否默认（Y是 N否）",
`status` CHAR(1) CHARACTER SET utf8mb4 COLLATE utf8mb4_unicode_ci NULL DEFAULT '0' Comment "状态（0正常 1停用）",
`create_by` VARCHAR(64) CHARACTER SET utf8mb4 COLLATE utf8mb4_unicode_ci NULL DEFAULT '' Comment "创建者",
`create_time` DATETIME NULL Comment "创建时间",
`update_by` VARCHAR(64) CHARACTER SET utf8mb4 COLLATE utf8mb4_unicode_ci NULL DEFAULT '' Comment "更新者",
`update_time` DATETIME NULL Comment "更新时间",
`remark` VARCHAR(500) CHARACTER SET utf8mb4 COLLATE utf8mb4_unicode_ci NULL Comment "备注",
PRIMARY KEY (`dict_code`)) ENGINE = InnoDB CHARACTER SET = utf8mb4 COLLATE = utf8mb4_unicode_ci AUTO_INCREMENT = 119 ROW_FORMAT = Dynamic COMMENT = "字典数据表";
-- sys_dict_type DDL
CREATE TABLE `sys_dict_type` (`dict_id` BIGINT NOT NULL AUTO_INCREMENT Comment "字典主键",
`dict_name` VARCHAR(100) CHARACTER SET utf8mb4 COLLATE utf8mb4_unicode_ci NULL DEFAULT '' Comment "字典名称",
`dict_type` VARCHAR(100) CHARACTER SET utf8mb4 COLLATE utf8mb4_unicode_ci NULL DEFAULT '' Comment "字典类型",
`status` CHAR(1) CHARACTER SET utf8mb4 COLLATE utf8mb4_unicode_ci NULL DEFAULT '0' Comment "状态（0正常 1停用）",
`create_by` VARCHAR(64) CHARACTER SET utf8mb4 COLLATE utf8mb4_unicode_ci NULL DEFAULT '' Comment "创建者",
`create_time` DATETIME NULL Comment "创建时间",
`update_by` VARCHAR(64) CHARACTER SET utf8mb4 COLLATE utf8mb4_unicode_ci NULL DEFAULT '' Comment "更新者",
`update_time` DATETIME NULL Comment "更新时间",
`remark` VARCHAR(500) CHARACTER SET utf8mb4 COLLATE utf8mb4_unicode_ci NULL Comment "备注",
UNIQUE INDEX `dict_type`(`dict_type` ASC) USING BTREE,
PRIMARY KEY (`dict_id`)) ENGINE = InnoDB CHARACTER SET = utf8mb4 COLLATE = utf8mb4_unicode_ci AUTO_INCREMENT = 105 ROW_FORMAT = Dynamic COMMENT = "字典类型表";
-- sys_job DDL
CREATE TABLE `sys_job` (`job_id` BIGINT NOT NULL AUTO_INCREMENT Comment "任务ID",
`job_name` VARCHAR(64) CHARACTER SET utf8mb4 COLLATE utf8mb4_unicode_ci NOT NULL DEFAULT '' Comment "任务名称",
`job_group` VARCHAR(64) CHARACTER SET utf8mb4 COLLATE utf8mb4_unicode_ci NOT NULL DEFAULT 'DEFAULT' Comment "任务组名",
`invoke_target` VARCHAR(500) CHARACTER SET utf8mb4 COLLATE utf8mb4_unicode_ci NOT NULL Comment "调用目标字符串",
`cron_expression` VARCHAR(255) CHARACTER SET utf8mb4 COLLATE utf8mb4_unicode_ci NULL DEFAULT '' Comment "cron执行表达式",
`misfire_policy` VARCHAR(20) CHARACTER SET utf8mb4 COLLATE utf8mb4_unicode_ci NULL DEFAULT '3' Comment "计划执行错误策略（1立即执行 2执行一次 3放弃执行）",
`concurrent` CHAR(1) CHARACTER SET utf8mb4 COLLATE utf8mb4_unicode_ci NULL DEFAULT '1' Comment "是否并发执行（0允许 1禁止）",
`status` CHAR(1) CHARACTER SET utf8mb4 COLLATE utf8mb4_unicode_ci NULL DEFAULT '0' Comment "状态（0正常 1暂停）",
`create_by` VARCHAR(64) CHARACTER SET utf8mb4 COLLATE utf8mb4_unicode_ci NULL DEFAULT '' Comment "创建者",
`create_time` DATETIME NULL Comment "创建时间",
`update_by` VARCHAR(64) CHARACTER SET utf8mb4 COLLATE utf8mb4_unicode_ci NULL DEFAULT '' Comment "更新者",
`update_time` DATETIME NULL Comment "更新时间",
`remark` VARCHAR(500) CHARACTER SET utf8mb4 COLLATE utf8mb4_unicode_ci NULL DEFAULT '' Comment "备注信息",
PRIMARY KEY (`job_id`,
`job_name`,
`job_group`)) ENGINE = InnoDB CHARACTER SET = utf8mb4 COLLATE = utf8mb4_unicode_ci AUTO_INCREMENT = 100 ROW_FORMAT = Dynamic COMMENT = "定时任务调度表";
-- sys_job_log DDL
CREATE TABLE `sys_job_log` (`job_log_id` BIGINT NOT NULL AUTO_INCREMENT Comment "任务日志ID",
`job_name` VARCHAR(64) CHARACTER SET utf8mb4 COLLATE utf8mb4_unicode_ci NOT NULL Comment "任务名称",
`job_group` VARCHAR(64) CHARACTER SET utf8mb4 COLLATE utf8mb4_unicode_ci NOT NULL Comment "任务组名",
`invoke_target` VARCHAR(500) CHARACTER SET utf8mb4 COLLATE utf8mb4_unicode_ci NOT NULL Comment "调用目标字符串",
`job_message` VARCHAR(500) CHARACTER SET utf8mb4 COLLATE utf8mb4_unicode_ci NULL Comment "日志信息",
`status` CHAR(1) CHARACTER SET utf8mb4 COLLATE utf8mb4_unicode_ci NULL DEFAULT '0' Comment "执行状态（0正常 1失败）",
`exception_info` VARCHAR(2000) CHARACTER SET utf8mb4 COLLATE utf8mb4_unicode_ci NULL DEFAULT '' Comment "异常信息",
`create_time` DATETIME NULL Comment "创建时间",
PRIMARY KEY (`job_log_id`)) ENGINE = InnoDB CHARACTER SET = utf8mb4 COLLATE = utf8mb4_unicode_ci ROW_FORMAT = Dynamic COMMENT = "定时任务调度日志表";
-- sys_logininfor DDL
CREATE TABLE `sys_logininfor` (`info_id` BIGINT NOT NULL AUTO_INCREMENT Comment "访问ID",
`user_name` VARCHAR(50) CHARACTER SET utf8mb4 COLLATE utf8mb4_unicode_ci NULL DEFAULT '' Comment "用户账号",
`ipaddr` VARCHAR(128) CHARACTER SET utf8mb4 COLLATE utf8mb4_unicode_ci NULL DEFAULT '' Comment "登录IP地址",
`login_location` VARCHAR(255) CHARACTER SET utf8mb4 COLLATE utf8mb4_unicode_ci NULL DEFAULT '' Comment "登录地点",
`browser` VARCHAR(50) CHARACTER SET utf8mb4 COLLATE utf8mb4_unicode_ci NULL DEFAULT '' Comment "浏览器类型",
`os` VARCHAR(50) CHARACTER SET utf8mb4 COLLATE utf8mb4_unicode_ci NULL DEFAULT '' Comment "操作系统",
`status` CHAR(1) CHARACTER SET utf8mb4 COLLATE utf8mb4_unicode_ci NULL DEFAULT '0' Comment "登录状态（0成功 1失败）",
`msg` VARCHAR(255) CHARACTER SET utf8mb4 COLLATE utf8mb4_unicode_ci NULL DEFAULT '' Comment "提示消息",
`login_time` DATETIME NULL Comment "访问时间",
INDEX `idx_sys_logininfor_lt`(`login_time` ASC) USING BTREE,
INDEX `idx_sys_logininfor_s`(`status` ASC) USING BTREE,
PRIMARY KEY (`info_id`)) ENGINE = InnoDB CHARACTER SET = utf8mb4 COLLATE = utf8mb4_unicode_ci AUTO_INCREMENT = 145 ROW_FORMAT = Dynamic COMMENT = "系统访问记录";
-- sys_menu DDL
CREATE TABLE `sys_menu` (`menu_id` BIGINT NOT NULL AUTO_INCREMENT Comment "菜单ID",
`menu_name` VARCHAR(50) CHARACTER SET utf8mb4 COLLATE utf8mb4_unicode_ci NOT NULL Comment "菜单名称",
`parent_id` BIGINT NULL DEFAULT 0 Comment "父菜单ID",
`order_num` INT NULL DEFAULT 0 Comment "显示顺序",
`path` VARCHAR(200) CHARACTER SET utf8mb4 COLLATE utf8mb4_unicode_ci NULL DEFAULT '' Comment "路由地址",
`component` VARCHAR(255) CHARACTER SET utf8mb4 COLLATE utf8mb4_unicode_ci NULL Comment "组件路径",
`query` VARCHAR(255) CHARACTER SET utf8mb4 COLLATE utf8mb4_unicode_ci NULL Comment "路由参数",
`is_frame` INT NULL DEFAULT 1 Comment "是否为外链（0是 1否）",
`is_cache` INT NULL DEFAULT 0 Comment "是否缓存（0缓存 1不缓存）",
`menu_type` CHAR(1) CHARACTER SET utf8mb4 COLLATE utf8mb4_unicode_ci NULL DEFAULT '' Comment "菜单类型（M目录 C菜单 F按钮）",
`visible` CHAR(1) CHARACTER SET utf8mb4 COLLATE utf8mb4_unicode_ci NULL DEFAULT '0' Comment "菜单状态（0显示 1隐藏）",
`status` CHAR(1) CHARACTER SET utf8mb4 COLLATE utf8mb4_unicode_ci NULL DEFAULT '0' Comment "菜单状态（0正常 1停用）",
`perms` VARCHAR(100) CHARACTER SET utf8mb4 COLLATE utf8mb4_unicode_ci NULL Comment "权限标识",
`icon` VARCHAR(100) CHARACTER SET utf8mb4 COLLATE utf8mb4_unicode_ci NULL DEFAULT '#' Comment "菜单图标",
`create_by` VARCHAR(64) CHARACTER SET utf8mb4 COLLATE utf8mb4_unicode_ci NULL DEFAULT '' Comment "创建者",
`create_time` DATETIME NULL Comment "创建时间",
`update_by` VARCHAR(64) CHARACTER SET utf8mb4 COLLATE utf8mb4_unicode_ci NULL DEFAULT '' Comment "更新者",
`update_time` DATETIME NULL Comment "更新时间",
`remark` VARCHAR(500) CHARACTER SET utf8mb4 COLLATE utf8mb4_unicode_ci NULL DEFAULT '' Comment "备注",
PRIMARY KEY (`menu_id`)) ENGINE = InnoDB CHARACTER SET = utf8mb4 COLLATE = utf8mb4_unicode_ci AUTO_INCREMENT = 2065 ROW_FORMAT = Dynamic COMMENT = "菜单权限表";
-- sys_notice DDL
CREATE TABLE `sys_notice` (`notice_id` INT NOT NULL AUTO_INCREMENT Comment "公告ID",
`notice_title` VARCHAR(50) CHARACTER SET utf8mb4 COLLATE utf8mb4_unicode_ci NOT NULL Comment "公告标题",
`notice_type` CHAR(1) CHARACTER SET utf8mb4 COLLATE utf8mb4_unicode_ci NOT NULL Comment "公告类型（1通知 2公告）",
`notice_content` LONGBLOB NULL Comment "公告内容",
`status` CHAR(1) CHARACTER SET utf8mb4 COLLATE utf8mb4_unicode_ci NULL DEFAULT '0' Comment "公告状态（0正常 1关闭）",
`create_by` VARCHAR(64) CHARACTER SET utf8mb4 COLLATE utf8mb4_unicode_ci NULL DEFAULT '' Comment "创建者",
`create_time` DATETIME NULL Comment "创建时间",
`update_by` VARCHAR(64) CHARACTER SET utf8mb4 COLLATE utf8mb4_unicode_ci NULL DEFAULT '' Comment "更新者",
`update_time` DATETIME NULL Comment "更新时间",
`remark` VARCHAR(255) CHARACTER SET utf8mb4 COLLATE utf8mb4_unicode_ci NULL Comment "备注",
PRIMARY KEY (`notice_id`)) ENGINE = InnoDB CHARACTER SET = utf8mb4 COLLATE = utf8mb4_unicode_ci AUTO_INCREMENT = 2 ROW_FORMAT = Dynamic COMMENT = "通知公告表";
-- sys_oper_log DDL
CREATE TABLE `sys_oper_log` (`oper_id` BIGINT NOT NULL AUTO_INCREMENT Comment "日志主键",
`title` VARCHAR(50) CHARACTER SET utf8mb4 COLLATE utf8mb4_unicode_ci NULL DEFAULT '' Comment "模块标题",
`business_type` INT NULL DEFAULT 0 Comment "业务类型（0其它 1新增 2修改 3删除）",
`method` VARCHAR(100) CHARACTER SET utf8mb4 COLLATE utf8mb4_unicode_ci NULL DEFAULT '' Comment "方法名称",
`request_method` VARCHAR(10) CHARACTER SET utf8mb4 COLLATE utf8mb4_unicode_ci NULL DEFAULT '' Comment "请求方式",
`operator_type` INT NULL DEFAULT 0 Comment "操作类别（0其它 1后台用户 2手机端用户）",
`oper_name` VARCHAR(50) CHARACTER SET utf8mb4 COLLATE utf8mb4_unicode_ci NULL DEFAULT '' Comment "操作人员",
`dept_name` VARCHAR(50) CHARACTER SET utf8mb4 COLLATE utf8mb4_unicode_ci NULL DEFAULT '' Comment "部门名称",
`oper_url` VARCHAR(255) CHARACTER SET utf8mb4 COLLATE utf8mb4_unicode_ci NULL DEFAULT '' Comment "请求URL",
`oper_ip` VARCHAR(128) CHARACTER SET utf8mb4 COLLATE utf8mb4_unicode_ci NULL DEFAULT '' Comment "主机地址",
`oper_location` VARCHAR(255) CHARACTER SET utf8mb4 COLLATE utf8mb4_unicode_ci NULL DEFAULT '' Comment "操作地点",
`oper_param` VARCHAR(2000) CHARACTER SET utf8mb4 COLLATE utf8mb4_unicode_ci NULL DEFAULT '' Comment "请求参数",
`json_result` VARCHAR(2000) CHARACTER SET utf8mb4 COLLATE utf8mb4_unicode_ci NULL DEFAULT '' Comment "返回参数",
`status` INT NULL DEFAULT 0 Comment "操作状态（0正常 1异常）",
`error_msg` VARCHAR(2000) CHARACTER SET utf8mb4 COLLATE utf8mb4_unicode_ci NULL DEFAULT '' Comment "错误消息",
`oper_time` DATETIME NULL Comment "操作时间",
`cost_time` BIGINT NULL DEFAULT 0 Comment "消耗时间",
INDEX `idx_sys_oper_log_bt`(`business_type` ASC) USING BTREE,
INDEX `idx_sys_oper_log_ot`(`oper_time` ASC) USING BTREE,
INDEX `idx_sys_oper_log_s`(`status` ASC) USING BTREE,
PRIMARY KEY (`oper_id`)) ENGINE = InnoDB CHARACTER SET = utf8mb4 COLLATE = utf8mb4_unicode_ci AUTO_INCREMENT = 657 ROW_FORMAT = Dynamic COMMENT = "操作日志记录";
-- sys_post DDL
CREATE TABLE `sys_post` (`post_id` BIGINT NOT NULL AUTO_INCREMENT Comment "岗位ID",
`post_code` VARCHAR(64) CHARACTER SET utf8mb4 COLLATE utf8mb4_unicode_ci NOT NULL Comment "岗位编码",
`post_name` VARCHAR(50) CHARACTER SET utf8mb4 COLLATE utf8mb4_unicode_ci NOT NULL Comment "岗位名称",
`post_sort` INT NOT NULL Comment "显示顺序",
`status` CHAR(1) CHARACTER SET utf8mb4 COLLATE utf8mb4_unicode_ci NOT NULL Comment "状态（0正常 1停用）",
`create_by` VARCHAR(64) CHARACTER SET utf8mb4 COLLATE utf8mb4_unicode_ci NULL DEFAULT '' Comment "创建者",
`create_time` DATETIME NULL Comment "创建时间",
`update_by` VARCHAR(64) CHARACTER SET utf8mb4 COLLATE utf8mb4_unicode_ci NULL DEFAULT '' Comment "更新者",
`update_time` DATETIME NULL Comment "更新时间",
`remark` VARCHAR(500) CHARACTER SET utf8mb4 COLLATE utf8mb4_unicode_ci NULL Comment "备注",
PRIMARY KEY (`post_id`)) ENGINE = InnoDB CHARACTER SET = utf8mb4 COLLATE = utf8mb4_unicode_ci AUTO_INCREMENT = 4 ROW_FORMAT = Dynamic COMMENT = "岗位信息表";
-- sys_role DDL
CREATE TABLE `sys_role` (`role_id` BIGINT NOT NULL AUTO_INCREMENT Comment "角色ID",
`role_name` VARCHAR(30) CHARACTER SET utf8mb4 COLLATE utf8mb4_unicode_ci NOT NULL Comment "角色名称",
`role_key` VARCHAR(100) CHARACTER SET utf8mb4 COLLATE utf8mb4_unicode_ci NOT NULL Comment "角色权限字符串",
`role_sort` INT NOT NULL Comment "显示顺序",
`data_scope` CHAR(1) CHARACTER SET utf8mb4 COLLATE utf8mb4_unicode_ci NULL DEFAULT '1' Comment "数据范围（1：全部数据权限 2：自定数据权限 3：本部门数据权限 4：本部门及以下数据权限）",
`menu_check_strictly` TINYINT(1) NULL DEFAULT 1 Comment "菜单树选择项是否关联显示",
`dept_check_strictly` TINYINT(1) NULL DEFAULT 1 Comment "部门树选择项是否关联显示",
`status` CHAR(1) CHARACTER SET utf8mb4 COLLATE utf8mb4_unicode_ci NOT NULL Comment "角色状态（0正常 1停用）",
`del_flag` CHAR(1) CHARACTER SET utf8mb4 COLLATE utf8mb4_unicode_ci NULL DEFAULT '0' Comment "删除标志（0代表存在 2代表删除）",
`create_by` VARCHAR(64) CHARACTER SET utf8mb4 COLLATE utf8mb4_unicode_ci NULL DEFAULT '' Comment "创建者",
`create_time` DATETIME NULL Comment "创建时间",
`update_by` VARCHAR(64) CHARACTER SET utf8mb4 COLLATE utf8mb4_unicode_ci NULL DEFAULT '' Comment "更新者",
`update_time` DATETIME NULL Comment "更新时间",
`remark` VARCHAR(500) CHARACTER SET utf8mb4 COLLATE utf8mb4_unicode_ci NULL Comment "备注",
PRIMARY KEY (`role_id`)) ENGINE = InnoDB CHARACTER SET = utf8mb4 COLLATE = utf8mb4_unicode_ci AUTO_INCREMENT = 100 ROW_FORMAT = Dynamic COMMENT = "角色信息表";
-- sys_role_dept DDL
CREATE TABLE `sys_role_dept` (`role_id` BIGINT NOT NULL Comment "角色ID",
`dept_id` BIGINT NOT NULL Comment "部门ID",
PRIMARY KEY (`role_id`,
`dept_id`)) ENGINE = InnoDB CHARACTER SET = utf8mb4 COLLATE = utf8mb4_unicode_ci ROW_FORMAT = Dynamic COMMENT = "角色和部门关联表";
-- sys_role_menu DDL
CREATE TABLE `sys_role_menu` (`role_id` BIGINT NOT NULL Comment "角色ID",
`menu_id` BIGINT NOT NULL Comment "菜单ID",
PRIMARY KEY (`role_id`,
`menu_id`)) ENGINE = InnoDB CHARACTER SET = utf8mb4 COLLATE = utf8mb4_unicode_ci ROW_FORMAT = Dynamic COMMENT = "角色和菜单关联表";
-- sys_user DDL
CREATE TABLE `sys_user` (`user_id` BIGINT NOT NULL AUTO_INCREMENT Comment "用户ID",
`dept_id` BIGINT NULL Comment "部门ID",
`user_name` VARCHAR(30) CHARACTER SET utf8mb4 COLLATE utf8mb4_unicode_ci NOT NULL Comment "用户账号",
`nick_name` VARCHAR(30) CHARACTER SET utf8mb4 COLLATE utf8mb4_unicode_ci NOT NULL Comment "用户昵称",
`user_type` VARCHAR(2) CHARACTER SET utf8mb4 COLLATE utf8mb4_unicode_ci NULL DEFAULT '00' Comment "用户类型（00系统用户）",
`email` VARCHAR(50) CHARACTER SET utf8mb4 COLLATE utf8mb4_unicode_ci NULL DEFAULT '' Comment "用户邮箱",
`phonenumber` VARCHAR(11) CHARACTER SET utf8mb4 COLLATE utf8mb4_unicode_ci NULL DEFAULT '' Comment "手机号码",
`sex` CHAR(1) CHARACTER SET utf8mb4 COLLATE utf8mb4_unicode_ci NULL DEFAULT '0' Comment "用户性别（0男 1女 2未知）",
`avatar` VARCHAR(100) CHARACTER SET utf8mb4 COLLATE utf8mb4_unicode_ci NULL DEFAULT '' Comment "头像地址",
`password` VARCHAR(100) CHARACTER SET utf8mb4 COLLATE utf8mb4_unicode_ci NULL DEFAULT '' Comment "密码",
`status` CHAR(1) CHARACTER SET utf8mb4 COLLATE utf8mb4_unicode_ci NULL DEFAULT '0' Comment "帐号状态（0正常 1停用）",
`del_flag` CHAR(1) CHARACTER SET utf8mb4 COLLATE utf8mb4_unicode_ci NULL DEFAULT '0' Comment "删除标志（0代表存在 2代表删除）",
`login_ip` VARCHAR(128) CHARACTER SET utf8mb4 COLLATE utf8mb4_unicode_ci NULL DEFAULT '' Comment "最后登录IP",
`login_date` DATETIME NULL Comment "最后登录时间",
`create_by` VARCHAR(64) CHARACTER SET utf8mb4 COLLATE utf8mb4_unicode_ci NULL DEFAULT '' Comment "创建者",
`create_time` DATETIME NULL Comment "创建时间",
`update_by` VARCHAR(64) CHARACTER SET utf8mb4 COLLATE utf8mb4_unicode_ci NULL DEFAULT '' Comment "更新者",
`update_time` DATETIME NULL Comment "更新时间",
`remark` VARCHAR(500) CHARACTER SET utf8mb4 COLLATE utf8mb4_unicode_ci NULL Comment "备注",
PRIMARY KEY (`user_id`)) ENGINE = InnoDB CHARACTER SET = utf8mb4 COLLATE = utf8mb4_unicode_ci AUTO_INCREMENT = 100 ROW_FORMAT = Dynamic COMMENT = "用户信息表";
-- sys_user_post DDL
CREATE TABLE `sys_user_post` (`user_id` BIGINT NOT NULL Comment "用户ID",
`post_id` BIGINT NOT NULL Comment "岗位ID",
PRIMARY KEY (`user_id`,
`post_id`)) ENGINE = InnoDB CHARACTER SET = utf8mb4 COLLATE = utf8mb4_unicode_ci ROW_FORMAT = Dynamic COMMENT = "用户与岗位关联表";
-- sys_user_role DDL
CREATE TABLE `sys_user_role` (`user_id` BIGINT NOT NULL Comment "用户ID",
`role_id` BIGINT NOT NULL Comment "角色ID",
PRIMARY KEY (`user_id`,
`role_id`)) ENGINE = InnoDB CHARACTER SET = utf8mb4 COLLATE = utf8mb4_unicode_ci ROW_FORMAT = Dynamic COMMENT = "用户和角色关联表";
-- tb_channel DDL
CREATE TABLE `tb_channel` (`id` BIGINT NOT NULL AUTO_INCREMENT Comment "主键，货道唯一ID",
`channel_code` VARCHAR(10) CHARACTER SET utf8mb4 COLLATE utf8mb4_0900_ai_ci NOT NULL Comment "货道编号（如 1-1, 2-3）",
`sku_id` BIGINT NULL Comment "商品ID（逻辑外键，关联 tb_sku.sku_id）",
`vm_id` BIGINT NOT NULL Comment "售货机ID（逻辑外键，关联 tb_vending_machine.id）",
`inner_code` VARCHAR(15) CHARACTER SET utf8mb4 COLLATE utf8mb4_0900_ai_ci NOT NULL Comment "售货机软编号（冗余，便于按机器查询）",
`max_capacity` INT NOT NULL DEFAULT 0 Comment "货道最大容量",
`current_capacity` INT NULL DEFAULT 0 Comment "货道当前容量",
`last_supply_time` DATETIME NULL Comment "上次补货时间",
`create_time` TIMESTAMP NULL DEFAULT CURRENT_TIMESTAMP Comment "创建时间",
`update_time` TIMESTAMP NULL DEFAULT CURRENT_TIMESTAMP ON UPDATE CURRENT_TIMESTAMP(0) Comment "修改时间",
INDEX `idx_inner_code`(`inner_code` ASC) USING BTREE,
INDEX `idx_vm_id`(`vm_id` ASC) USING BTREE,
PRIMARY KEY (`id`)) ENGINE = InnoDB CHARACTER SET = utf8mb4 COLLATE = utf8mb4_0900_ai_ci AUTO_INCREMENT = 6249 ROW_FORMAT = Dynamic COMMENT = "售货机货道表";
-- tb_emp DDL
CREATE TABLE `tb_emp` (`id` INT NOT NULL AUTO_INCREMENT Comment "主键",
`user_name` VARCHAR(50) CHARACTER SET utf8mb4 COLLATE utf8mb4_0900_ai_ci NOT NULL Comment "员工名称",
`region_id` BIGINT NULL Comment "所属区域Id（逻辑外键，关联 tb_region.id）",
`region_name` VARCHAR(50) CHARACTER SET utf8mb4 COLLATE utf8mb4_0900_ai_ci NULL Comment "区域名称",
`role_id` INT NULL Comment "角色id（逻辑外键，关联 tb_role.role_id）",
`role_code` VARCHAR(10) CHARACTER SET utf8mb4 COLLATE utf8mb4_0900_ai_ci NULL Comment "角色编号",
`role_name` VARCHAR(50) CHARACTER SET utf8mb4 COLLATE utf8mb4_0900_ai_ci NULL Comment "角色名称",
`mobile` VARCHAR(15) CHARACTER SET utf8mb4 COLLATE utf8mb4_0900_ai_ci NULL Comment "联系电话",
`image` VARCHAR(500) CHARACTER SET utf8mb4 COLLATE utf8mb4_0900_ai_ci NULL Comment "员工头像",
`status` TINYINT NULL DEFAULT 1 Comment "是否启用",
`create_time` TIMESTAMP NULL DEFAULT CURRENT_TIMESTAMP Comment "创建时间",
`update_time` TIMESTAMP NULL DEFAULT CURRENT_TIMESTAMP ON UPDATE CURRENT_TIMESTAMP(0) Comment "修改时间",
INDEX `idx_region_id`(`region_id` ASC) USING BTREE,
INDEX `idx_role_id`(`role_id` ASC) USING BTREE,
UNIQUE INDEX `uk_emp_mobile`(`mobile` ASC) USING BTREE,
UNIQUE INDEX `uk_emp_user_name`(`user_name` ASC) USING BTREE,
PRIMARY KEY (`id`)) ENGINE = InnoDB CHARACTER SET = utf8mb4 COLLATE = utf8mb4_0900_ai_ci AUTO_INCREMENT = 73 ROW_FORMAT = Dynamic COMMENT = "工单员工表";
-- tb_job DDL
CREATE TABLE `tb_job` (`id` INT NOT NULL AUTO_INCREMENT Comment "主键",
`alert_value` INT NULL DEFAULT 0 Comment "警戒值百分比",
PRIMARY KEY (`id`)) ENGINE = InnoDB CHARACTER SET = utf8mb4 COLLATE = utf8mb4_unicode_ci ROW_FORMAT = Dynamic COMMENT = "自动补货任务";
-- tb_node DDL
CREATE TABLE `tb_node` (`id` BIGINT NOT NULL AUTO_INCREMENT Comment "主键，自增",
`node_name` VARCHAR(100) CHARACTER SET utf8mb4 COLLATE utf8mb4_0900_ai_ci NOT NULL Comment "点位名称",
`address_detail` VARCHAR(255) CHARACTER SET utf8mb4 COLLATE utf8mb4_0900_ai_ci NOT NULL Comment "详细地址",
`business_type` INT NOT NULL Comment "商圈类型（1: 商务区, 2: 居民区, 3: 学校区, 4: 交通枢纽, 5: 景点）",
`region_id` BIGINT NULL Comment "逻辑外键：关联区域表 tb_region.id",
`partner_id` BIGINT NULL Comment "逻辑外键：关联合作商表 tb_partner.id",
`create_time` DATETIME NULL DEFAULT CURRENT_TIMESTAMP Comment "创建时间",
`update_time` DATETIME NULL DEFAULT CURRENT_TIMESTAMP ON UPDATE CURRENT_TIMESTAMP(0) Comment "修改时间",
`create_by` VARCHAR(50) CHARACTER SET utf8mb4 COLLATE utf8mb4_0900_ai_ci NULL Comment "创建人",
`update_by` VARCHAR(50) CHARACTER SET utf8mb4 COLLATE utf8mb4_0900_ai_ci NULL Comment "修改人",
`remark` VARCHAR(255) CHARACTER SET utf8mb4 COLLATE utf8mb4_0900_ai_ci NULL Comment "备注",
INDEX `idx_partner_id`(`partner_id` ASC) USING BTREE,
INDEX `idx_region_id`(`region_id` ASC) USING BTREE,
PRIMARY KEY (`id`)) ENGINE = InnoDB CHARACTER SET = utf8mb4 COLLATE = utf8mb4_0900_ai_ci AUTO_INCREMENT = 16 ROW_FORMAT = Dynamic COMMENT = "点位表";
-- tb_order DDL
CREATE TABLE `tb_order` (`id` BIGINT NOT NULL Comment "主键",
`order_no` VARCHAR(50) CHARACTER SET utf8mb4 COLLATE utf8mb4_0900_ai_ci NOT NULL Comment "订单编号",
`third_no` VARCHAR(34) CHARACTER SET utf8mb4 COLLATE utf8mb4_0900_ai_ci NULL Comment "第三方平台单号",
`inner_code` VARCHAR(15) CHARACTER SET utf8mb4 COLLATE utf8mb4_0900_ai_ci NULL Comment "机器编号",
`channel_code` VARCHAR(10) CHARACTER SET utf8mb4 COLLATE utf8mb4_0900_ai_ci NULL Comment "货道编号",
`sku_id` BIGINT NULL Comment "skuId（逻辑外键，关联 tb_sku.sku_id）",
`sku_name` VARCHAR(20) CHARACTER SET utf8mb4 COLLATE utf8mb4_0900_ai_ci NULL Comment "商品名称",
`class_id` INT NULL Comment "商品类别Id（逻辑外键，关联 tb_sku_class.class_id）",
`status` INT NULL Comment "订单状态:0-待支付;1-支付完成;2-出货成功;3-出货失败;4-已取消",
`amount` INT NOT NULL DEFAULT 0 Comment "支付金额",
`price` INT NOT NULL DEFAULT 0 Comment "商品金额",
`pay_type` VARCHAR(10) CHARACTER SET utf8mb4 COLLATE utf8mb4_0900_ai_ci NULL Comment "支付类型，1支付宝 2微信",
`pay_status` INT NULL DEFAULT 0 Comment "支付状态，0-未支付;1-支付完成;2-退款中;3-退款完成",
`bill` INT NULL DEFAULT 0 Comment "合作商账单金额",
`addr` VARCHAR(200) CHARACTER SET utf8mb4 COLLATE utf8mb4_0900_ai_ci NULL Comment "点位地址",
`region_id` BIGINT NULL Comment "所属区域Id（逻辑外键，关联 tb_region.id）",
`region_name` VARCHAR(50) CHARACTER SET utf8mb4 COLLATE utf8mb4_0900_ai_ci NULL Comment "区域名称",
`business_type` INT NULL Comment "所属商圈",
`partner_id` BIGINT NULL Comment "合作商Id（逻辑外键，关联 tb_partner.id）",
`open_id` VARCHAR(200) CHARACTER SET utf8mb4 COLLATE utf8mb4_0900_ai_ci NULL Comment "跨站身份验证",
`node_id` BIGINT NULL Comment "点位Id（逻辑外键，关联 tb_node.id）",
`node_name` VARCHAR(50) CHARACTER SET utf8mb4 COLLATE utf8mb4_0900_ai_ci NULL Comment "点位名称",
`cancel_desc` VARCHAR(200) CHARACTER SET utf8mb4 COLLATE utf8mb4_0900_ai_ci NULL DEFAULT '' Comment "取消原因",
`create_time` TIMESTAMP NULL Comment "创建时间",
`update_time` TIMESTAMP NULL Comment "更新时间",
UNIQUE INDEX `uk_order_order_no`(`order_no` ASC) USING BTREE,
PRIMARY KEY (`id`)) ENGINE = InnoDB CHARACTER SET = utf8mb4 COLLATE = utf8mb4_0900_ai_ci ROW_FORMAT = Dynamic COMMENT = "订单表";
-- tb_order_collect DDL
CREATE TABLE `tb_order_collect` (`id` BIGINT NOT NULL Comment "Id",
`partner_id` BIGINT NULL Comment "合作商Id（逻辑外键，关联 tb_partner.id）",
`partner_name` VARCHAR(100) CHARACTER SET utf8mb4 COLLATE utf8mb4_0900_ai_ci NULL Comment "合作商名称",
`order_total_money` BIGINT NULL Comment "日订单收入总金额(平台端总数)",
`order_date` DATE NULL Comment "发生日期",
`total_bill` INT NULL DEFAULT 0 Comment "分成总金额",
`node_id` BIGINT NULL Comment "点位ID（逻辑外键，关联 tb_node.id）",
`node_name` VARCHAR(50) CHARACTER SET utf8mb4 COLLATE utf8mb4_0900_ai_ci NULL Comment "点位",
`order_count` INT NULL Comment "订单数",
`ratio` INT NULL Comment "分成比例",
`region_name` VARCHAR(50) CHARACTER SET utf8mb4 COLLATE utf8mb4_0900_ai_ci NULL Comment "区域名称",
UNIQUE INDEX `uk_order_collect_id`(`id` ASC) USING BTREE,
PRIMARY KEY (`id`)) ENGINE = InnoDB CHARACTER SET = utf8mb4 COLLATE = utf8mb4_0900_ai_ci ROW_FORMAT = Dynamic COMMENT = "合作商订单汇总表";
-- tb_order_month_collect DDL
CREATE TABLE `tb_order_month_collect` (`id` BIGINT NOT NULL Comment "id",
`partner_id` BIGINT NULL Comment "合作商Id（逻辑外键，关联 tb_partner.id）",
`partner_name` VARCHAR(100) CHARACTER SET utf8mb4 COLLATE utf8mb4_0900_ai_ci NULL Comment "合作商名称",
`region_id` BIGINT NULL Comment "区域Id（逻辑外键，关联 tb_region.id）",
`region_name` VARCHAR(50) CHARACTER SET utf8mb4 COLLATE utf8mb4_0900_ai_ci NULL Comment "地区名称",
`order_total_money` BIGINT NULL Comment "订单总金额",
`order_total_count` BIGINT NULL Comment "订单总数",
`month` INT NULL Comment "月份",
`year` INT NULL Comment "年份",
UNIQUE INDEX `uk_order_month_collect_id`(`id` ASC) USING BTREE,
PRIMARY KEY (`id`)) ENGINE = InnoDB CHARACTER SET = utf8mb4 COLLATE = utf8mb4_0900_ai_ci ROW_FORMAT = Dynamic COMMENT = "按月统计各公司销售情况表";
-- tb_partner DDL
CREATE TABLE `tb_partner` (`id` BIGINT NOT NULL AUTO_INCREMENT Comment "主键，自增",
`partner_name` VARCHAR(100) CHARACTER SET utf8mb4 COLLATE utf8mb4_0900_ai_ci NOT NULL Comment "合作商名称",
`contact_person` VARCHAR(50) CHARACTER SET utf8mb4 COLLATE utf8mb4_0900_ai_ci NULL Comment "联系人",
`phone` VARCHAR(20) CHARACTER SET utf8mb4 COLLATE utf8mb4_0900_ai_ci NULL Comment "联系电话",
`profit_ratio` INT NOT NULL Comment "分成比例（百分比，如：70 表示 70%）",
`account` VARCHAR(50) CHARACTER SET utf8mb4 COLLATE utf8mb4_0900_ai_ci NOT NULL Comment "账号",
`password` VARCHAR(255) CHARACTER SET utf8mb4 COLLATE utf8mb4_0900_ai_ci NOT NULL Comment "密码（建议加密存储）",
`create_time` DATETIME NULL DEFAULT CURRENT_TIMESTAMP Comment "创建时间",
`update_time` DATETIME NULL DEFAULT CURRENT_TIMESTAMP ON UPDATE CURRENT_TIMESTAMP(0) Comment "修改时间",
`create_by` VARCHAR(50) CHARACTER SET utf8mb4 COLLATE utf8mb4_0900_ai_ci NULL Comment "创建人",
`update_by` VARCHAR(50) CHARACTER SET utf8mb4 COLLATE utf8mb4_0900_ai_ci NULL Comment "修改人",
`remark` VARCHAR(255) CHARACTER SET utf8mb4 COLLATE utf8mb4_0900_ai_ci NULL Comment "备注",
PRIMARY KEY (`id`)) ENGINE = InnoDB CHARACTER SET = utf8mb4 COLLATE = utf8mb4_0900_ai_ci AUTO_INCREMENT = 8 ROW_FORMAT = Dynamic COMMENT = "合作商表";
-- tb_policy DDL
CREATE TABLE `tb_policy` (`policy_id` BIGINT NOT NULL AUTO_INCREMENT Comment "策略id",
`policy_name` VARCHAR(30) CHARACTER SET utf8mb4 COLLATE utf8mb4_0900_ai_ci NULL Comment "策略名称",
`discount` INT NULL Comment "策略方案，如：80代表8折",
`create_time` TIMESTAMP NULL DEFAULT CURRENT_TIMESTAMP Comment "创建时间",
`update_time` TIMESTAMP NULL DEFAULT CURRENT_TIMESTAMP Comment "修改时间",
UNIQUE INDEX `uk_policy_policy_name`(`policy_name` ASC) USING BTREE,
PRIMARY KEY (`policy_id`)) ENGINE = InnoDB CHARACTER SET = utf8mb4 COLLATE = utf8mb4_0900_ai_ci AUTO_INCREMENT = 16 ROW_FORMAT = Dynamic COMMENT = "策略表";
-- tb_region DDL
CREATE TABLE `tb_region` (`id` BIGINT NOT NULL AUTO_INCREMENT Comment "主键，自增",
`region_name` VARCHAR(100) CHARACTER SET utf8mb4 COLLATE utf8mb4_0900_ai_ci NOT NULL Comment "区域名称，如：朝阳区、海淀区",
`create_time` DATETIME NULL DEFAULT CURRENT_TIMESTAMP Comment "创建时间",
`update_time` DATETIME NULL DEFAULT CURRENT_TIMESTAMP ON UPDATE CURRENT_TIMESTAMP(0) Comment "修改时间",
`create_by` VARCHAR(50) CHARACTER SET utf8mb4 COLLATE utf8mb4_0900_ai_ci NULL Comment "创建人",
`update_by` VARCHAR(50) CHARACTER SET utf8mb4 COLLATE utf8mb4_0900_ai_ci NULL Comment "修改人",
`remark` VARCHAR(255) CHARACTER SET utf8mb4 COLLATE utf8mb4_0900_ai_ci NULL Comment "备注",
PRIMARY KEY (`id`)) ENGINE = InnoDB CHARACTER SET = utf8mb4 COLLATE = utf8mb4_0900_ai_ci AUTO_INCREMENT = 13 ROW_FORMAT = Dynamic COMMENT = "区域表";
-- tb_role DDL
CREATE TABLE `tb_role` (`role_id` INT NOT NULL AUTO_INCREMENT,
`role_code` VARCHAR(50) CHARACTER SET utf8mb4 COLLATE utf8mb4_0900_ai_ci NULL Comment "角色编码",
`role_name` VARCHAR(50) CHARACTER SET utf8mb4 COLLATE utf8mb4_0900_ai_ci NULL Comment "角色名称",
UNIQUE INDEX `uk_role_role_code`(`role_code` ASC) USING BTREE,
UNIQUE INDEX `uk_role_role_name`(`role_name` ASC) USING BTREE,
PRIMARY KEY (`role_id`)) ENGINE = InnoDB CHARACTER SET = utf8mb4 COLLATE = utf8mb4_0900_ai_ci AUTO_INCREMENT = 8 ROW_FORMAT = Dynamic COMMENT = "工单角色表";
-- tb_sku DDL
CREATE TABLE `tb_sku` (`sku_id` BIGINT NOT NULL AUTO_INCREMENT Comment "主键",
`sku_name` VARCHAR(50) CHARACTER SET utf8mb4 COLLATE utf8mb4_0900_ai_ci NOT NULL Comment "商品名称",
`sku_image` VARCHAR(500) CHARACTER SET utf8mb4 COLLATE utf8mb4_0900_ai_ci NOT NULL Comment "商品图片",
`brand_Name` VARCHAR(50) CHARACTER SET utf8mb4 COLLATE utf8mb4_0900_ai_ci NOT NULL Comment "品牌",
`unit` VARCHAR(20) CHARACTER SET utf8mb4 COLLATE utf8mb4_0900_ai_ci NULL Comment "规格(净含量)",
`price` INT NOT NULL DEFAULT 1 Comment "商品价格，单位分",
`class_id` INT NOT NULL Comment "商品类型Id（逻辑外键，关联 tb_sku_class.class_id）",
`is_discount` TINYINT(1) NULL DEFAULT 0 Comment "是否打折促销",
`create_time` TIMESTAMP NULL DEFAULT CURRENT_TIMESTAMP Comment "创建时间",
`update_time` TIMESTAMP NULL DEFAULT CURRENT_TIMESTAMP Comment "修改时间",
INDEX `idx_class_id`(`class_id` ASC) USING BTREE,
UNIQUE INDEX `tb_sku_sku_name_uindex`(`sku_name` ASC) USING BTREE,
PRIMARY KEY (`sku_id`)) ENGINE = InnoDB CHARACTER SET = utf8mb4 COLLATE = utf8mb4_0900_ai_ci AUTO_INCREMENT = 22 ROW_FORMAT = Dynamic COMMENT = "商品表";
-- tb_sku_class DDL
CREATE TABLE `tb_sku_class` (`class_id` INT NOT NULL AUTO_INCREMENT Comment "主键",
`class_name` VARCHAR(50) CHARACTER SET utf8mb4 COLLATE utf8mb4_0900_ai_ci NULL DEFAULT '' Comment "类别名称",
`parent_id` INT NULL DEFAULT 0 Comment "上级id",
`create_time` TIMESTAMP NULL DEFAULT CURRENT_TIMESTAMP Comment "创建时间",
`update_time` TIMESTAMP NULL DEFAULT CURRENT_TIMESTAMP ON UPDATE CURRENT_TIMESTAMP(0) Comment "更新时间",
UNIQUE INDEX `uk_sku_class_class_name`(`class_name` ASC) USING BTREE,
PRIMARY KEY (`class_id`)) ENGINE = InnoDB CHARACTER SET = utf8mb4 COLLATE = utf8mb4_0900_ai_ci AUTO_INCREMENT = 23 ROW_FORMAT = Dynamic COMMENT = "商品类型表";
-- tb_task DDL
CREATE TABLE `tb_task` (`task_id` BIGINT NOT NULL AUTO_INCREMENT Comment "工单ID",
`task_code` VARCHAR(40) CHARACTER SET utf8mb4 COLLATE utf8mb4_unicode_ci NOT NULL Comment "工单编号",
`task_status` INT NULL Comment "工单状态",
`create_type` INT NULL Comment "创建类型 0：自动 1：手动",
`inner_code` VARCHAR(15) CHARACTER SET utf8mb4 COLLATE utf8mb4_unicode_ci NULL Comment "售货机编码",
`user_id` INT NULL Comment "执行人id",
`user_name` VARCHAR(50) CHARACTER SET utf8mb4 COLLATE utf8mb4_unicode_ci NULL Comment "执行人名称",
`region_id` BIGINT NULL Comment "所属区域Id（逻辑外键，关联 tb_region.id）",
`desc` VARCHAR(200) CHARACTER SET utf8mb4 COLLATE utf8mb4_unicode_ci NULL Comment "备注",
`product_type_id` INT NULL DEFAULT 1 Comment "工单类型id",
`assignor_id` INT NULL Comment "指派人Id",
`addr` VARCHAR(200) CHARACTER SET utf8mb4 COLLATE utf8mb4_unicode_ci NULL Comment "地址",
`create_time` TIMESTAMP NULL DEFAULT CURRENT_TIMESTAMP Comment "创建时间",
`update_time` TIMESTAMP NULL DEFAULT CURRENT_TIMESTAMP Comment "更新时间",
INDEX `idx_create_type`(`create_type` ASC) USING BTREE,
INDEX `idx_product_type_id`(`product_type_id` ASC) USING BTREE,
INDEX `idx_task_status`(`task_status` ASC) USING BTREE,
UNIQUE INDEX `uk_task_code`(`task_code` ASC) USING BTREE,
PRIMARY KEY (`task_id`)) ENGINE = InnoDB CHARACTER SET = utf8mb4 COLLATE = utf8mb4_unicode_ci AUTO_INCREMENT = 550 ROW_FORMAT = Dynamic COMMENT = "工单表";
-- tb_task_collect DDL
CREATE TABLE `tb_task_collect` (`id` INT NOT NULL AUTO_INCREMENT,
`user_id` INT NULL,
`finish_count` INT NULL DEFAULT 0 Comment "当日工单完成数",
`progress_count` INT NULL DEFAULT 0 Comment "当日进行中的工单数",
`cancel_count` INT NULL DEFAULT 0 Comment "当日取消工单数",
`collect_date` DATE NULL Comment "汇总的日期",
PRIMARY KEY (`id`)) ENGINE = InnoDB CHARACTER SET = utf8mb4 COLLATE = utf8mb4_unicode_ci AUTO_INCREMENT = 249 ROW_FORMAT = Dynamic COMMENT = "工单按日统计表";
-- tb_task_details DDL
CREATE TABLE `tb_task_details` (`details_id` BIGINT NOT NULL AUTO_INCREMENT,
`task_id` BIGINT NULL Comment "工单Id（逻辑外键，关联 tb_task.task_id）",
`channel_code` VARCHAR(10) CHARACTER SET utf8mb4 COLLATE utf8mb4_unicode_ci NULL Comment "货道编号",
`expect_capacity` INT NOT NULL DEFAULT 0 Comment "补货期望容量",
`sku_id` BIGINT NULL Comment "商品Id（逻辑外键，关联 tb_sku.sku_id）",
`sku_name` VARCHAR(50) CHARACTER SET utf8mb4 COLLATE utf8mb4_unicode_ci NULL,
`sku_image` VARCHAR(500) CHARACTER SET utf8mb4 COLLATE utf8mb4_unicode_ci NULL,
INDEX `idx_task_id`(`task_id` ASC) USING BTREE,
PRIMARY KEY (`details_id`)) ENGINE = InnoDB CHARACTER SET = utf8mb4 COLLATE = utf8mb4_unicode_ci AUTO_INCREMENT = 3802 ROW_FORMAT = Dynamic COMMENT = "工单详情，只有补货工单才有";
-- tb_task_type DDL
CREATE TABLE `tb_task_type` (`type_id` INT NOT NULL,
`type_name` VARCHAR(20) CHARACTER SET utf8mb4 COLLATE utf8mb4_unicode_ci NULL Comment "类型名称",
`type` INT NULL DEFAULT 1 Comment "工单类型。1:维修工单;2:运营工单",
PRIMARY KEY (`type_id`)) ENGINE = InnoDB CHARACTER SET = utf8mb4 COLLATE = utf8mb4_unicode_ci ROW_FORMAT = Dynamic COMMENT = "工单类型";
-- tb_vending_machine DDL
CREATE TABLE `tb_vending_machine` (`id` BIGINT NOT NULL AUTO_INCREMENT Comment "主键，设备唯一ID",
`inner_code` VARCHAR(15) CHARACTER SET utf8mb4 COLLATE utf8mb4_0900_ai_ci NOT NULL DEFAULT '000' Comment "设备编号（唯一标识）",
`channel_max_capacity` INT NULL Comment "设备最大容量（总货道数）",
`node_id` BIGINT NOT NULL Comment "点位ID（逻辑外键，关联 tb_node.id）",
`addr` VARCHAR(100) CHARACTER SET utf8mb4 COLLATE utf8mb4_0900_ai_ci NULL Comment "详细地址",
`last_supply_time` DATETIME NULL Comment "上次补货时间",
`business_type` INT NOT NULL Comment "商圈类型",
`region_id` BIGINT NOT NULL Comment "区域ID（逻辑外键，关联 tb_region.id）",
`partner_id` BIGINT NOT NULL Comment "合作商ID（逻辑外键，关联 tb_partner.id）",
`vm_type_id` INT NOT NULL DEFAULT 0 Comment "设备型号ID（逻辑外键，关联 tb_vm_type.id）",
`vm_status` INT NOT NULL DEFAULT 0 Comment "设备状态：0-未投放;1-运营;2-待维修;3-撤机",
`running_status` VARCHAR(100) CHARACTER SET utf8mb4 COLLATE utf8mb4_0900_ai_ci NULL Comment "运行状态JSON字符串",
`longitudes` DOUBLE NULL DEFAULT 0 Comment "经度",
`latitude` DOUBLE NULL DEFAULT 0 Comment "纬度",
`client_id` VARCHAR(50) CHARACTER SET utf8mb4 COLLATE utf8mb4_0900_ai_ci NULL Comment "客户端连接ID，用于EMQ认证",
`policy_id` BIGINT NULL Comment "策略ID（逻辑外键，关联 tb_policy.policy_id）",
`create_time` TIMESTAMP NOT NULL DEFAULT CURRENT_TIMESTAMP Comment "创建时间",
`update_time` TIMESTAMP NULL DEFAULT CURRENT_TIMESTAMP ON UPDATE CURRENT_TIMESTAMP(0) Comment "修改时间",
INDEX `idx_node_id`(`node_id` ASC) USING BTREE,
INDEX `idx_partner_id`(`partner_id` ASC) USING BTREE,
INDEX `idx_policy_id`(`policy_id` ASC) USING BTREE,
INDEX `idx_region_id`(`region_id` ASC) USING BTREE,
INDEX `idx_vm_type_id`(`vm_type_id` ASC) USING BTREE,
UNIQUE INDEX `uk_inner_code`(`inner_code` ASC) USING BTREE,
PRIMARY KEY (`id`)) ENGINE = InnoDB CHARACTER SET = utf8mb4 COLLATE = utf8mb4_0900_ai_ci AUTO_INCREMENT = 135 ROW_FORMAT = Dynamic COMMENT = "设备表";
-- tb_vendout_running DDL
CREATE TABLE `tb_vendout_running` (`id` BIGINT NOT NULL AUTO_INCREMENT Comment "id",
`order_no` VARCHAR(38) CHARACTER SET utf8mb4 COLLATE utf8mb4_0900_ai_ci NOT NULL DEFAULT '' Comment "订单编号",
`inner_code` VARCHAR(15) CHARACTER SET utf8mb4 COLLATE utf8mb4_0900_ai_ci NOT NULL Comment "售货机编号",
`channel_code` VARCHAR(10) CHARACTER SET utf8mb4 COLLATE utf8mb4_0900_ai_ci NULL Comment "货道编号",
`status` CHAR(1) CHARACTER SET utf8mb4 COLLATE utf8mb4_0900_ai_ci NULL Comment "状态",
`create_time` TIMESTAMP NULL DEFAULT CURRENT_TIMESTAMP Comment "创建时间",
`update_time` TIMESTAMP NULL DEFAULT CURRENT_TIMESTAMP Comment "更新时间",
PRIMARY KEY (`id`)) ENGINE = InnoDB CHARACTER SET = utf8mb4 COLLATE = utf8mb4_0900_ai_ci ROW_FORMAT = Dynamic COMMENT = "出货流水";
-- tb_vm_type DDL
CREATE TABLE `tb_vm_type` (`id` INT NOT NULL AUTO_INCREMENT Comment "主键",
`name` VARCHAR(15) CHARACTER SET utf8mb4 COLLATE utf8mb4_0900_ai_ci NOT NULL Comment "型号名称",
`model` VARCHAR(20) CHARACTER SET utf8mb4 COLLATE utf8mb4_0900_ai_ci NULL Comment "型号编码",
`image` VARCHAR(500) CHARACTER SET utf8mb4 COLLATE utf8mb4_0900_ai_ci NULL Comment "设备图片",
`vm_row` INT NOT NULL DEFAULT 1 Comment "货道行",
`vm_col` INT NOT NULL DEFAULT 1 Comment "货道列",
`channel_max_capacity` INT NULL DEFAULT 0 Comment "设备容量",
`create_time` DATETIME NULL DEFAULT now() Comment "创建日期",
UNIQUE INDEX `uk_vm_type_model`(`model` ASC) USING BTREE,
UNIQUE INDEX `uk_vm_type_name`(`name` ASC) USING BTREE,
PRIMARY KEY (`id`)) ENGINE = InnoDB CHARACTER SET = utf8mb4 COLLATE = utf8mb4_0900_ai_ci AUTO_INCREMENT = 24 ROW_FORMAT = Dynamic COMMENT = "设备类型表";
-- gen_table DML
INSERT INTO `gen_table` (`table_id`,`table_name`,`table_comment`,`sub_table_name`,`sub_table_fk_name`,`class_name`,`tpl_category`,`tpl_web_type`,`package_name`,`module_name`,`business_name`,`function_name`,`function_author`,`gen_type`,`gen_path`,`options`,`create_by`,`create_time`,`update_by`,`update_time`,`remark`) VALUES (1,'tb_node','点位表',NULL,NULL,'Node','crud','element-plus','com.dkd.manage','manage','node','点位管理','luo','0','/','{"parentMenuId":"2000"}','admin','2025-09-14 06:39:05','','2025-09-14 07:11:54',NULL),(2,'tb_partner','合作商表',NULL,NULL,'Partner','crud','element-plus','com.dkd.manage','manage','partner','合作商管理','luo','0','/','{"parentMenuId":2000}','admin','2025-09-14 06:39:05','','2025-09-14 06:50:33',NULL),(3,'tb_region','区域表',NULL,NULL,'Region','crud','element-plus','com.dkd.manage','manage','region','区域管理','luo','0','/','{"parentMenuId":"2000"}','admin','2025-09-14 06:39:05','','2025-09-14 07:35:07',NULL),(4,'tb_emp','工单员工表',NULL,NULL,'Emp','crud','element-plus','com.dkd.manage','manage','emp','人员列表','luo','0','/','{"parentMenuId":2019}','admin','2025-09-17 00:54:17','','2025-09-17 01:23:04',NULL),(5,'tb_role','工单角色表',NULL,NULL,'Role','crud','element-plus','com.dkd.manage','manage','role','工单角色','ruoyi','0','/','{"parentMenuId":"2019"}','admin','2025-09-17 00:54:17','','2025-09-17 01:24:53',NULL),(6,'tb_task_collect','工单按日统计表',NULL,NULL,'TbTaskCollect','crud','','com.dkd.system','system','collect','工单按日统计','ruoyi','0','/',NULL,'admin','2025-09-17 10:33:21','',NULL,NULL),(7,'tb_vending_machine','设备表',NULL,NULL,'VendingMachine','crud','element-plus','com.dkd.manage','manage','vm','设备管理','luo','0','/','{"parentMenuId":2028}','admin','2025-09-18 08:47:21','','2025-09-18 09:22:06',NULL),(8,'tb_vm_type','设备类型表',NULL,NULL,'VmType','crud','element-plus','com.dkd.manage','manage','vmType','设备类型管理','luo','0','/','{"parentMenuId":2028}','admin','2025-09-18 08:47:22','','2025-09-18 09:03:41',NULL),(9,'tb_channel','售货机货道表',NULL,NULL,'Channel','crud','element-plus','com.dkd.manage','manage','channel','售货机货道','luo','0','/','{"parentMenuId":2028}','admin','2025-09-18 08:47:33','','2025-09-18 09:24:38',NULL),(10,'tb_policy','策略表',NULL,NULL,'Policy','crud','element-plus','com.dkd.manage','manage','policy','策略管理','luo','0','/','{"parentMenuId":"2042"}','admin','2025-09-22 09:21:18','','2025-09-22 09:27:41',NULL),(11,'tb_sku','商品表',NULL,NULL,'Sku','crud','element-plus','com.dkd.manage','manage','skuType','商品管理','luo','0','/','{"parentMenuId":"2049"}','admin','2025-09-22 16:21:48','','2025-09-22 16:38:04',NULL),(13,'tb_sku_class','商品类型表',NULL,NULL,'SkuClass','crud','element-plus','com.dkd.manage','manage','sku','商品管理','luo','0','/','{"parentMenuId":2049}','admin','2025-09-22 16:27:56','','2025-09-22 16:30:04',NULL),(14,'tb_task','工单表',NULL,NULL,'Task','crud','element-plus','com.dkd.manage','manage','task','工单','luo','0','/','{"parentMenuId":2062}','admin','2025-09-29 08:55:01','','2025-09-29 08:58:15',NULL),(15,'tb_task_details','工单详情，只有补货工单才有',NULL,NULL,'TaskDetails','crud','element-plus','com.dkd.manage','manage','taskDetails','工单详情','luo','0','/','{"parentMenuId":2062}','admin','2025-09-29 08:55:01','','2025-09-29 08:59:52',NULL),(16,'tb_task_type','工单类型',NULL,NULL,'TaskType','crud','element-plus','com.dkd.manage','manage','taskType','工单类型','luo','0','/','{"parentMenuId":2062}','admin','2025-09-29 08:55:01','','2025-09-29 09:01:06',NULL),(17,'tb_job','自动补货任务',NULL,NULL,'Job','crud','element-plus','com.dkd.manage','manage','job','自动补货任务','luo','0','/','{"parentMenuId":2062}','admin','2025-09-29 08:55:22','','2025-09-29 09:02:15',NULL);
-- gen_table_column DML
INSERT INTO `gen_table_column` (`column_id`,`table_id`,`column_name`,`column_comment`,`column_type`,`java_type`,`java_field`,`is_pk`,`is_increment`,`is_required`,`is_insert`,`is_edit`,`is_list`,`is_query`,`query_type`,`html_type`,`dict_type`,`sort`,`create_by`,`create_time`,`update_by`,`update_time`) VALUES (1,1,'id','主键','bigint','Long','id','1','1','0','0',NULL,NULL,NULL,'EQ','input','',1,'admin','2025-09-14 06:39:05','','2025-09-14 07:11:54'),(2,1,'node_name','点位名称','varchar(100)','String','nodeName','0','0','1','1','1','1','1','LIKE','input','',2,'admin','2025-09-14 06:39:05','','2025-09-14 07:11:54'),(3,1,'address_detail','详细地址','varchar(255)','String','addressDetail','0','0','1','1','1','1','0','EQ','textarea','',3,'admin','2025-09-14 06:39:05','','2025-09-14 07:11:54'),(4,1,'business_type','商圈类型','int','Long','businessType','0','0','0','1','1','1','0','EQ','select','business_type',4,'admin','2025-09-14 06:39:05','','2025-09-14 07:11:54'),(5,1,'region_id','区域ID','bigint','Long','regionId','0','0','0','1','1','1','1','EQ','input','',5,'admin','2025-09-14 06:39:05','','2025-09-14 07:11:54'),(6,1,'partner_id','合作商ID','bigint','Long','partnerId','0','0','0','1','1','1','1','EQ','input','',6,'admin','2025-09-14 06:39:05','','2025-09-14 07:11:54'),(7,1,'create_time','创建时间','datetime','Date','createTime','0','0','0','0',NULL,NULL,NULL,'EQ','datetime','',7,'admin','2025-09-14 06:39:05','','2025-09-14 07:11:54'),(8,1,'update_time','修改时间','datetime','Date','updateTime','0','0','0','0','0',NULL,NULL,'EQ','datetime','',8,'admin','2025-09-14 06:39:05','','2025-09-14 07:11:54'),(9,1,'create_by','创建人','varchar(50)','String','createBy','0','0','0','0',NULL,NULL,NULL,'EQ','input','',9,'admin','2025-09-14 06:39:05','','2025-09-14 07:11:54'),(10,1,'update_by','修改人','varchar(50)','String','updateBy','0','0','0','0','0',NULL,NULL,'EQ','input','',10,'admin','2025-09-14 06:39:05','','2025-09-14 07:11:54'),(11,1,'remark','备注','varchar(255)','String','remark','0','0','0','0','0','0',NULL,'EQ','input','',11,'admin','2025-09-14 06:39:05','','2025-09-14 07:11:54'),(12,2,'id','主键，自增','bigint','Long','id','1','1','0','0',NULL,NULL,NULL,'EQ','input','',1,'admin','2025-09-14 06:39:05','','2025-09-14 06:50:33'),(13,2,'partner_name','合作商名称','varchar(100)','String','partnerName','0','0','1','1','1','1','1','LIKE','input','',2,'admin','2025-09-14 06:39:05','','2025-09-14 06:50:33'),(14,2,'contact_person','联系人','varchar(50)','String','contactPerson','0','0','1','1','1','1','0','EQ','input','',3,'admin','2025-09-14 06:39:05','','2025-09-14 06:50:33'),(15,2,'phone','联系电话','varchar(20)','String','phone','0','0','1','1','1','1','0','EQ','input','',4,'admin','2025-09-14 06:39:05','','2025-09-14 06:50:33'),(16,2,'profit_ratio','分成比例','int','Long','profitRatio','0','0','1','1','1','1','0','EQ','input','',5,'admin','2025-09-14 06:39:05','','2025-09-14 06:50:33'),(17,2,'account','账号','varchar(50)','String','account','0','0','1','1','1','1','0','EQ','input','',6,'admin','2025-09-14 06:39:05','','2025-09-14 06:50:33'),(18,2,'password','密码','varchar(255)','String','password','0','0','1','1','1','0','0','EQ','input','',7,'admin','2025-09-14 06:39:05','','2025-09-14 06:50:33'),(19,2,'create_time','创建时间','datetime','Date','createTime','0','0','0','0',NULL,NULL,NULL,'EQ','datetime','',8,'admin','2025-09-14 06:39:05','','2025-09-14 06:50:33'),(20,2,'update_time','修改时间','datetime','Date','updateTime','0','0','0','0','0',NULL,NULL,'EQ','datetime','',9,'admin','2025-09-14 06:39:05','','2025-09-14 06:50:33'),(21,2,'create_by','创建人','varchar(50)','String','createBy','0','0','0','0',NULL,NULL,NULL,'EQ','input','',10,'admin','2025-09-14 06:39:05','','2025-09-14 06:50:33'),(22,2,'update_by','修改人','varchar(50)','String','updateBy','0','0','0','0','0',NULL,NULL,'EQ','input','',11,'admin','2025-09-14 06:39:05','','2025-09-14 06:50:33'),(23,2,'remark','备注','varchar(255)','String','remark','0','0','0','0','0','0',NULL,'EQ','input','',12,'admin','2025-09-14 06:39:05','','2025-09-14 06:50:33'),(24,3,'id','主键，自增','bigint','Long','id','1','1','0','0',NULL,NULL,NULL,'EQ','input','',1,'admin','2025-09-14 06:39:05','','2025-09-14 07:35:07'),(25,3,'region_name','区域名称','varchar(100)','String','regionName','0','0','1','1','1','1','1','LIKE','input','',2,'admin','2025-09-14 06:39:05','','2025-09-14 07:35:07'),(26,3,'create_time','创建时间','datetime','Date','createTime','0','0','0','0',NULL,NULL,NULL,'EQ','datetime','',3,'admin','2025-09-14 06:39:05','','2025-09-14 07:35:07'),(27,3,'update_time','修改时间','datetime','Date','updateTime','0','0','0','0','0',NULL,NULL,'EQ','datetime','',4,'admin','2025-09-14 06:39:05','','2025-09-14 07:35:07'),(28,3,'create_by','创建人','varchar(50)','String','createBy','0','0','0','0',NULL,NULL,NULL,'EQ','input','',5,'admin','2025-09-14 06:39:05','','2025-09-14 07:35:07'),(29,3,'update_by','修改人','varchar(50)','String','updateBy','0','0','0','0','0',NULL,NULL,'EQ','input','',6,'admin','2025-09-14 06:39:05','','2025-09-14 07:35:07'),(30,3,'remark','备注说明','varchar(255)','String','remark','0','0','1','1','1','1',NULL,'EQ','textarea','',7,'admin','2025-09-14 06:39:05','','2025-09-14 07:35:07'),(31,4,'id','主键','int','Long','id','1','1','0','0',NULL,NULL,NULL,'EQ','input','',1,'admin','2025-09-17 00:54:17','','2025-09-17 01:23:04'),(32,4,'user_name','人员名称','varchar(50)','String','userName','0','0','1','1','1','1','1','LIKE','input','',2,'admin','2025-09-17 00:54:17','','2025-09-17 01:23:04'),(33,4,'region_id','负责区域','bigint','Long','regionId','0','0','1','1','1','0','1','EQ','input','',3,'admin','2025-09-17 00:54:17','','2025-09-17 01:23:04'),(34,4,'region_name','归属区域','varchar(50)','String','regionName','0','0','0','0','0','1','0','LIKE','input','',4,'admin','2025-09-17 00:54:17','','2025-09-17 01:23:04'),(35,4,'role_id','角色id（逻辑外键，关联 tb_role.role_id）','int','Long','roleId','0','0','0','0','0','0','1','EQ','input','',5,'admin','2025-09-17 00:54:17','','2025-09-17 01:23:04'),(36,4,'role_code','角色','varchar(10)','String','roleCode','0','0','1','1','1','0','1','EQ','input','',6,'admin','2025-09-17 00:54:17','','2025-09-17 01:23:04'),(37,4,'role_name','角色名称','varchar(50)','String','roleName','0','0','0','0','0','1','0','LIKE','input','',7,'admin','2025-09-17 00:54:17','','2025-09-17 01:23:04'),(38,4,'mobile','联系电话','varchar(15)','String','mobile','0','0','1','1','1','1','0','EQ','input','',8,'admin','2025-09-17 00:54:17','','2025-09-17 01:23:04'),(39,4,'image','员工头像','varchar(500)','String','image','0','0','1','1','1','1','0','EQ','imageUpload','',9,'admin','2025-09-17 00:54:17','','2025-09-17 01:23:04'),(40,4,'status','员工状态','tinyint','Long','status','0','0','1','1','1','1','1','EQ','radio','emp_staus',10,'admin','2025-09-17 00:54:17','','2025-09-17 01:23:04'),(41,4,'create_time','创建时间','timestamp','Date','createTime','0','0','0','0',NULL,NULL,NULL,'EQ','datetime','',11,'admin','2025-09-17 00:54:17','','2025-09-17 01:23:04'),(42,4,'update_time','修改时间','timestamp','Date','updateTime','0','0','0','0','0',NULL,NULL,'EQ','datetime','',12,'admin','2025-09-17 00:54:17','','2025-09-17 01:23:04'),(43,5,'role_id',NULL,'int','Long','roleId','1','1','0','1',NULL,NULL,NULL,'EQ','input','',1,'admin','2025-09-17 00:54:17','','2025-09-17 01:24:53'),(44,5,'role_code','角色编码','varchar(50)','String','roleCode','0','0','0','1','1','1','1','EQ','input','',2,'admin','2025-09-17 00:54:17','','2025-09-17 01:24:53'),(45,5,'role_name','角色名称','varchar(50)','String','roleName','0','0','0','1','1','1','1','LIKE','input','',3,'admin','2025-09-17 00:54:17','','2025-09-17 01:24:53'),(46,6,'id',NULL,'int','Long','id','1','1','0','1',NULL,NULL,NULL,'EQ','input','',1,'admin','2025-09-17 10:33:21','',NULL),(47,6,'user_id',NULL,'int','Long','userId','0','0','0','1','1','1','1','EQ','input','',2,'admin','2025-09-17 10:33:21','',NULL),(48,6,'finish_count','当日工单完成数','int','Long','finishCount','0','0','0','1','1','1','1','EQ','input','',3,'admin','2025-09-17 10:33:21','',NULL),(49,6,'progress_count','当日进行中的工单数','int','Long','progressCount','0','0','0','1','1','1','1','EQ','input','',4,'admin','2025-09-17 10:33:21','',NULL),(50,6,'cancel_count','当日取消工单数','int','Long','cancelCount','0','0','0','1','1','1','1','EQ','input','',5,'admin','2025-09-17 10:33:21','',NULL),(51,6,'collect_date','汇总的日期','date','Date','collectDate','0','0','0','1','1','1','1','EQ','datetime','',6,'admin','2025-09-17 10:33:21','',NULL),(52,7,'id','主键，设备唯一ID','bigint','Long','id','1','1','0','0',NULL,NULL,NULL,'EQ','input','',1,'admin','2025-09-18 08:47:22','','2025-09-18 09:22:06'),(53,7,'inner_code','设备编号','varchar(15)','String','innerCode','0','0','0','1','1','1','1','EQ','input','',2,'admin','2025-09-18 08:47:22','','2025-09-18 09:22:06'),(54,7,'channel_max_capacity','设备最大容量（总货道数）','int','Long','channelMaxCapacity','0','0','0','0','0','0','0','EQ','input','',3,'admin','2025-09-18 08:47:22','','2025-09-18 09:22:06'),(55,7,'node_id','点位ID','bigint','Long','nodeId','0','0','1','1','1','0','1','EQ','input','',4,'admin','2025-09-18 08:47:22','','2025-09-18 09:22:06'),(56,7,'addr','详细地址','varchar(100)','String','addr','0','0','0','0','0','1','0','EQ','input','',5,'admin','2025-09-18 08:47:22','','2025-09-18 09:22:06'),(57,7,'last_supply_time','上次补货时间','datetime','Date','lastSupplyTime','0','0','0','0','0','0','0','EQ','datetime','',6,'admin','2025-09-18 08:47:22','','2025-09-18 09:22:06'),(58,7,'business_type','商圈类型','int','Long','businessType','0','0','0','0','0','0','1','EQ','select','',7,'admin','2025-09-18 08:47:22','','2025-09-18 09:22:06'),(59,7,'region_id','区域ID','bigint','Long','regionId','0','0','0','0','0','0','1','EQ','input','',8,'admin','2025-09-18 08:47:22','','2025-09-18 09:22:06'),(60,7,'partner_id','合作商','bigint','Long','partnerId','0','0','0','0','0','1','1','EQ','input','',9,'admin','2025-09-18 08:47:22','','2025-09-18 09:22:06'),(61,7,'vm_type_id','设备型号','int','Long','vmTypeId','0','0','1','1','1','1','1','EQ','input','',10,'admin','2025-09-18 08:47:22','','2025-09-18 09:22:06'),(62,7,'vm_status','设备状态','int','Long','vmStatus','0','0','0','0','0','1','1','EQ','select','vm_status',11,'admin','2025-09-18 08:47:22','','2025-09-18 09:22:06'),(63,7,'running_status','运行状态JSON字符串','varchar(100)','String','runningStatus','0','0','0','0','0','0','0','EQ','radio','',12,'admin','2025-09-18 08:47:22','','2025-09-18 09:22:06'),(64,7,'longitudes','经度','double','Long','longitudes','0','0','0','0','0','0','0','EQ','input','',13,'admin','2025-09-18 08:47:22','','2025-09-18 09:22:06'),(65,7,'latitude','纬度','double','Long','latitude','0','0','0','0','0','0','0','EQ','input','',14,'admin','2025-09-18 08:47:22','','2025-09-18 09:22:06'),(66,7,'client_id','客户端连接ID，用于EMQ认证','varchar(50)','String','clientId','0','0','0','0','0','0','0','EQ','input','',15,'admin','2025-09-18 08:47:22','','2025-09-18 09:22:06'),(67,7,'policy_id','策略ID','bigint','Long','policyId','0','0','0','0','0','0','1','EQ','input','',16,'admin','2025-09-18 08:47:22','','2025-09-18 09:22:06'),(68,7,'create_time','创建时间','timestamp','Date','createTime','0','0','0','0',NULL,'0',NULL,'EQ','datetime','',17,'admin','2025-09-18 08:47:22','','2025-09-18 09:22:06'),(69,7,'update_time','修改时间','timestamp','Date','updateTime','0','0','0','0','0',NULL,NULL,'EQ','datetime','',18,'admin','2025-09-18 08:47:22','','2025-09-18 09:22:06'),(70,8,'id','主键','int','Long','id','1','1','0','0',NULL,NULL,NULL,'EQ','input','',1,'admin','2025-09-18 08:47:22','','2025-09-18 09:03:41'),(71,8,'name','型号名称','varchar(15)','String','name','0','0','1','1','1','1','1','LIKE','input','',2,'admin','2025-09-18 08:47:22','','2025-09-18 09:03:41'),(72,8,'model','型号编码','varchar(20)','String','model','0','0','1','1','1','1','1','EQ','input','',3,'admin','2025-09-18 08:47:22','','2025-09-18 09:03:41'),(73,8,'image','设备图片','varchar(500)','String','image','0','0','1','1','1','1','0','EQ','imageUpload','',4,'admin','2025-09-18 08:47:22','','2025-09-18 09:03:41'),(74,8,'vm_row','货道行','int','Long','vmRow','0','0','1','1','1','1','0','EQ','input','',5,'admin','2025-09-18 08:47:22','','2025-09-18 09:03:41'),(75,8,'vm_col','货道列','int','Long','vmCol','0','0','1','1','1','1','0','EQ','input','',6,'admin','2025-09-18 08:47:22','','2025-09-18 09:03:42'),(76,8,'channel_max_capacity','设备容量','int','Long','channelMaxCapacity','0','0','1','1','1','1','0','EQ','input','',7,'admin','2025-09-18 08:47:22','','2025-09-18 09:03:42'),(77,9,'id','主键，货道唯一ID','bigint','Long','id','1','1','0','1',NULL,NULL,NULL,'EQ','input','',1,'admin','2025-09-18 08:47:33','','2025-09-18 09:24:38'),(78,9,'channel_code','货道编号（如 1-1, 2-3）','varchar(10)','String','channelCode','0','0','1','1','1','1','1','EQ','input','',2,'admin','2025-09-18 08:47:33','','2025-09-18 09:24:38'),(79,9,'sku_id','商品ID（逻辑外键，关联 tb_sku.sku_id）','bigint','Long','skuId','0','0','0','1','1','1','1','EQ','input','',3,'admin','2025-09-18 08:47:33','','2025-09-18 09:24:38'),(80,9,'vm_id','售货机ID（逻辑外键，关联 tb_vending_machine.id）','bigint','Long','vmId','0','0','1','1','1','1','1','EQ','input','',4,'admin','2025-09-18 08:47:33','','2025-09-18 09:24:38'),(81,9,'inner_code','售货机软编号（冗余，便于按机器查询）','varchar(15)','String','innerCode','0','0','1','1','1','1','1','EQ','input','',5,'admin','2025-09-18 08:47:33','','2025-09-18 09:24:38'),(82,9,'max_capacity','货道最大容量','int','Long','maxCapacity','0','0','1','1','1','1','1','EQ','input','',6,'admin','2025-09-18 08:47:33','','2025-09-18 09:24:38'),(83,9,'current_capacity','货道当前容量','int','Long','currentCapacity','0','0','0','1','1','1','1','EQ','input','',7,'admin','2025-09-18 08:47:33','','2025-09-18 09:24:38'),(84,9,'last_supply_time','上次补货时间','datetime','Date','lastSupplyTime','0','0','0','1','1','1','1','EQ','datetime','',8,'admin','2025-09-18 08:47:33','','2025-09-18 09:24:38'),(85,9,'create_time','创建时间','datetime','Date','createTime','0','0','0','1',NULL,NULL,NULL,'EQ','datetime','',9,'admin','2025-09-18 08:47:33','','2025-09-18 09:24:38'),(86,9,'update_time','修改时间','datetime','Date','updateTime','0','0','0','1','1',NULL,NULL,'EQ','datetime','',10,'admin','2025-09-18 08:47:33','','2025-09-18 09:24:38'),(87,10,'policy_id','策略id','bigint','Long','policyId','1','1','0','0',NULL,NULL,NULL,'EQ','input','',1,'admin','2025-09-22 09:21:19','','2025-09-22 09:27:41'),(88,10,'policy_name','策略名称','varchar(30)','String','policyName','0','0','1','1','1','1','1','LIKE','input','',2,'admin','2025-09-22 09:21:19','','2025-09-22 09:27:41'),(89,10,'discount','策略方案','int','Long','discount','0','0','1','1','1','1','1','EQ','input','',3,'admin','2025-09-22 09:21:19','','2025-09-22 09:27:41'),(90,10,'create_time','创建日期','timestamp','Date','createTime','0','0','0','0',NULL,'1',NULL,'EQ','datetime','',4,'admin','2025-09-22 09:21:19','','2025-09-22 09:27:41'),(91,10,'update_time','修改时间','timestamp','Date','updateTime','0','0','0','0','0',NULL,NULL,'EQ','datetime','',5,'admin','2025-09-22 09:21:19','','2025-09-22 09:27:41'),(92,11,'sku_id','主键','bigint','Long','skuId','1','1','0','0',NULL,NULL,NULL,'EQ','input','',1,'admin','2025-09-22 16:21:48','','2025-09-22 16:38:04'),(93,11,'sku_name','商品名称','varchar(50)','String','skuName','0','0','1','1','1','1','1','LIKE','input','',2,'admin','2025-09-22 16:21:48','','2025-09-22 16:38:04'),(94,11,'sku_image','商品图片','varchar(500)','String','skuImage','0','0','1','1','1','1','0','EQ','imageUpload','',3,'admin','2025-09-22 16:21:48','','2025-09-22 16:38:04'),(95,11,'brand_Name','品牌','varchar(50)','String','brandName','0','0','1','1','1','1','1','LIKE','input','',4,'admin','2025-09-22 16:21:48','','2025-09-22 16:38:04'),(96,11,'unit','规格','varchar(20)','String','unit','0','0','1','1','1','1','0','EQ','input','',5,'admin','2025-09-22 16:21:48','','2025-09-22 16:38:04'),(97,11,'price','商品价格','int','Long','price','0','0','1','1','1','1','1','EQ','input','',6,'admin','2025-09-22 16:21:48','','2025-09-22 16:38:04'),(98,11,'class_id','商品类型','int','Long','classId','0','0','1','1','1','1','1','EQ','input','',7,'admin','2025-09-22 16:21:48','','2025-09-22 16:38:04'),(99,11,'is_discount','是否打折促销','tinyint(1)','Integer','isDiscount','0','0','0','0','0','0','1','EQ','input','',8,'admin','2025-09-22 16:21:48','','2025-09-22 16:38:04'),(100,11,'create_time','创建日期','timestamp','Date','createTime','0','0','0','0',NULL,'1',NULL,'EQ','datetime','',9,'admin','2025-09-22 16:21:48','','2025-09-22 16:38:04'),(101,11,'update_time','修改时间','timestamp','Date','updateTime','0','0','0','0','0',NULL,NULL,'EQ','datetime','',10,'admin','2025-09-22 16:21:48','','2025-09-22 16:38:04'),(105,13,'class_id','主键','int','Long','classId','1','1','0','0',NULL,NULL,NULL,'EQ','input','',1,'admin','2025-09-22 16:27:56','','2025-09-22 16:30:04'),(106,13,'class_name','类别名称','varchar(50)','String','className','0','0','0','1','1','1','1','LIKE','input','',2,'admin','2025-09-22 16:27:56','','2025-09-22 16:30:04'),(107,13,'parent_id','上级id','int','Long','parentId','0','0','0','0','0','1','1','EQ','input','',3,'admin','2025-09-22 16:27:56','','2025-09-22 16:30:04'),(108,13,'create_time','创建日期','timestamp','Date','createTime','0','0','0','0',NULL,'1',NULL,'EQ','datetime','',4,'admin','2025-09-22 16:27:56','','2025-09-22 16:30:04'),(109,13,'update_time','更新时间','timestamp','Date','updateTime','0','0','0','0','0',NULL,NULL,'EQ','datetime','',5,'admin','2025-09-22 16:27:56','','2025-09-22 16:30:04'),(110,14,'task_id','工单ID','bigint','Long','taskId','1','1','0','1',NULL,NULL,NULL,'EQ','input','',1,'admin','2025-09-29 08:55:01','','2025-09-29 08:58:15'),(111,14,'task_code','工单编号','varchar(40)','String','taskCode','0','0','1','1','1','1','1','EQ','input','',2,'admin','2025-09-29 08:55:01','','2025-09-29 08:58:15'),(112,14,'task_status','工单状态','int','Long','taskStatus','0','0','0','1','1','1','1','EQ','select','task_status',3,'admin','2025-09-29 08:55:01','','2025-09-29 08:58:15'),(113,14,'create_type','创建类型 0：自动 1：手动','int','Long','createType','0','0','0','1','1','1','1','EQ','select','task_create_type',4,'admin','2025-09-29 08:55:01','','2025-09-29 08:58:15'),(114,14,'inner_code','售货机编码','varchar(15)','String','innerCode','0','0','0','1','1','1','1','EQ','input','',5,'admin','2025-09-29 08:55:01','','2025-09-29 08:58:15'),(115,14,'user_id','执行人id','int','Long','userId','0','0','0','1','1','1','1','EQ','input','',6,'admin','2025-09-29 08:55:01','','2025-09-29 08:58:15'),(116,14,'user_name','执行人名称','varchar(50)','String','userName','0','0','0','1','1','1','1','LIKE','input','',7,'admin','2025-09-29 08:55:01','','2025-09-29 08:58:15'),(117,14,'region_id','所属区域Id（逻辑外键，关联 tb_region.id）','bigint','Long','regionId','0','0','0','1','1','1','1','EQ','input','',8,'admin','2025-09-29 08:55:01','','2025-09-29 08:58:15'),(118,14,'desc','备注','varchar(200)','String','desc','0','0','0','1','1','1','1','EQ','input','',9,'admin','2025-09-29 08:55:01','','2025-09-29 08:58:15'),(119,14,'product_type_id','工单类型id','int','Long','productTypeId','0','0','0','1','1','1','1','EQ','input','',10,'admin','2025-09-29 08:55:01','','2025-09-29 08:58:15'),(120,14,'assignor_id','指派人Id','int','Long','assignorId','0','0','0','1','1','1','1','EQ','input','',11,'admin','2025-09-29 08:55:01','','2025-09-29 08:58:15'),(121,14,'addr','地址','varchar(200)','String','addr','0','0','0','1','1','1','1','EQ','input','',12,'admin','2025-09-29 08:55:01','','2025-09-29 08:58:15'),(122,14,'create_time','创建时间','timestamp','Date','createTime','0','0','0','1',NULL,NULL,NULL,'EQ','datetime','',13,'admin','2025-09-29 08:55:01','','2025-09-29 08:58:15'),(123,14,'update_time','更新时间','timestamp','Date','updateTime','0','0','0','1','1',NULL,NULL,'EQ','datetime','',14,'admin','2025-09-29 08:55:01','','2025-09-29 08:58:15'),(124,15,'details_id',NULL,'bigint','Long','detailsId','1','1','0','1',NULL,NULL,NULL,'EQ','input','',1,'admin','2025-09-29 08:55:01','','2025-09-29 08:59:52'),(125,15,'task_id','工单Id（逻辑外键，关联 tb_task.task_id）','bigint','Long','taskId','0','0','0','1','1','1','1','EQ','input','',2,'admin','2025-09-29 08:55:01','','2025-09-29 08:59:52'),(126,15,'channel_code','货道编号','varchar(10)','String','channelCode','0','0','0','1','1','1','1','EQ','input','',3,'admin','2025-09-29 08:55:01','','2025-09-29 08:59:52'),(127,15,'expect_capacity','补货期望容量','int','Long','expectCapacity','0','0','1','1','1','1','1','EQ','input','',4,'admin','2025-09-29 08:55:01','','2025-09-29 08:59:52'),(128,15,'sku_id','商品Id（逻辑外键，关联 tb_sku.sku_id）','bigint','Long','skuId','0','0','0','1','1','1','1','EQ','input','',5,'admin','2025-09-29 08:55:01','','2025-09-29 08:59:52'),(129,15,'sku_name',NULL,'varchar(50)','String','skuName','0','0','0','1','1','1','1','LIKE','input','',6,'admin','2025-09-29 08:55:01','','2025-09-29 08:59:52'),(130,15,'sku_image',NULL,'varchar(500)','String','skuImage','0','0','0','1','1','1','1','EQ','imageUpload','',7,'admin','2025-09-29 08:55:01','','2025-09-29 08:59:52'),(131,16,'type_id',NULL,'int','Long','typeId','1','0','0','1',NULL,NULL,NULL,'EQ','input','',1,'admin','2025-09-29 08:55:01','','2025-09-29 09:01:06'),(132,16,'type_name','类型名称','varchar(20)','String','typeName','0','0','0','1','1','1','1','LIKE','input','',2,'admin','2025-09-29 08:55:01','','2025-09-29 09:01:06'),(133,16,'type','工单类型。1:维修工单;2:运营工单','int','Long','type','0','0','0','1','1','1','1','EQ','select','',3,'admin','2025-09-29 08:55:01','','2025-09-29 09:01:06'),(134,17,'id','主键','int','Long','id','1','1','0','1',NULL,NULL,NULL,'EQ','input','',1,'admin','2025-09-29 08:55:22','','2025-09-29 09:02:15'),(135,17,'alert_value','警戒值百分比','int','Long','alertValue','0','0','0','1','1','1','1','EQ','input','',2,'admin','2025-09-29 08:55:22','','2025-09-29 09:02:15');
-- sys_config DML
INSERT INTO `sys_config` (`config_id`,`config_name`,`config_key`,`config_value`,`config_type`,`create_by`,`create_time`,`update_by`,`update_time`,`remark`) VALUES (1,'主框架页-默认皮肤样式名称','sys.index.skinName','skin-blue','Y','admin','2025-09-14 05:22:50','',NULL,'蓝色 skin-blue、绿色 skin-green、紫色 skin-purple、红色 skin-red、黄色 skin-yellow'),(2,'用户管理-账号初始密码','sys.user.initPassword','123456','Y','admin','2025-09-14 05:22:50','',NULL,'初始化密码 123456'),(3,'主框架页-侧边栏主题','sys.index.sideTheme','theme-dark','Y','admin','2025-09-14 05:22:50','',NULL,'深色主题theme-dark，浅色主题theme-light'),(4,'账号自助-验证码开关','sys.account.captchaEnabled','true','Y','admin','2025-09-14 05:22:50','',NULL,'是否开启验证码功能（true开启，false关闭）'),(5,'账号自助-是否开启用户注册功能','sys.account.registerUser','false','Y','admin','2025-09-14 05:22:50','',NULL,'是否开启注册用户功能（true开启，false关闭）'),(6,'用户登录-黑名单列表','sys.login.blackIPList','','Y','admin','2025-09-14 05:22:50','',NULL,'设置登录IP黑名单限制，多个匹配项以;分隔，支持匹配（*通配、网段）');
-- sys_dept DML
INSERT INTO `sys_dept` (`dept_id`,`parent_id`,`ancestors`,`dept_name`,`order_num`,`leader`,`phone`,`email`,`status`,`del_flag`,`create_by`,`create_time`,`update_by`,`update_time`) VALUES (100,0,'0','若依科技',0,'若依','15888888888','ry@qq.com','0','0','admin','2025-09-14 05:22:48','',NULL),(101,100,'0,100','深圳总公司',1,'若依','15888888888','ry@qq.com','0','0','admin','2025-09-14 05:22:48','',NULL),(102,100,'0,100','长沙分公司',2,'若依','15888888888','ry@qq.com','0','0','admin','2025-09-14 05:22:48','',NULL),(103,101,'0,100,101','研发部门',1,'若依','15888888888','ry@qq.com','0','0','admin','2025-09-14 05:22:48','',NULL),(104,101,'0,100,101','市场部门',2,'若依','15888888888','ry@qq.com','0','0','admin','2025-09-14 05:22:48','',NULL),(105,101,'0,100,101','测试部门',3,'若依','15888888888','ry@qq.com','0','0','admin','2025-09-14 05:22:48','',NULL),(106,101,'0,100,101','财务部门',4,'若依','15888888888','ry@qq.com','0','0','admin','2025-09-14 05:22:48','',NULL),(107,101,'0,100,101','运维部门',5,'若依','15888888888','ry@qq.com','0','0','admin','2025-09-14 05:22:48','',NULL),(108,102,'0,100,102','市场部门',1,'若依','15888888888','ry@qq.com','0','0','admin','2025-09-14 05:22:48','',NULL),(109,102,'0,100,102','财务部门',2,'若依','15888888888','ry@qq.com','0','0','admin','2025-09-14 05:22:48','',NULL);
-- sys_dict_data DML
INSERT INTO `sys_dict_data` (`dict_code`,`dict_sort`,`dict_label`,`dict_value`,`dict_type`,`css_class`,`list_class`,`is_default`,`status`,`create_by`,`create_time`,`update_by`,`update_time`,`remark`) VALUES (1,1,'男','0','sys_user_sex','','','Y','0','admin','2025-09-14 05:22:50','',NULL,'性别男'),(2,2,'女','1','sys_user_sex','','','N','0','admin','2025-09-14 05:22:50','',NULL,'性别女'),(3,3,'未知','2','sys_user_sex','','','N','0','admin','2025-09-14 05:22:50','',NULL,'性别未知'),(4,1,'显示','0','sys_show_hide','','primary','Y','0','admin','2025-09-14 05:22:50','',NULL,'显示菜单'),(5,2,'隐藏','1','sys_show_hide','','danger','N','0','admin','2025-09-14 05:22:50','',NULL,'隐藏菜单'),(6,1,'正常','0','sys_normal_disable','','primary','Y','0','admin','2025-09-14 05:22:50','',NULL,'正常状态'),(7,2,'停用','1','sys_normal_disable','','danger','N','0','admin','2025-09-14 05:22:50','',NULL,'停用状态'),(8,1,'正常','0','sys_job_status','','primary','Y','0','admin','2025-09-14 05:22:50','',NULL,'正常状态'),(9,2,'暂停','1','sys_job_status','','danger','N','0','admin','2025-09-14 05:22:50','',NULL,'停用状态'),(10,1,'默认','DEFAULT','sys_job_group','','','Y','0','admin','2025-09-14 05:22:50','',NULL,'默认分组'),(11,2,'系统','SYSTEM','sys_job_group','','','N','0','admin','2025-09-14 05:22:50','',NULL,'系统分组'),(12,1,'是','Y','sys_yes_no','','primary','Y','0','admin','2025-09-14 05:22:50','',NULL,'系统默认是'),(13,2,'否','N','sys_yes_no','','danger','N','0','admin','2025-09-14 05:22:50','',NULL,'系统默认否'),(14,1,'通知','1','sys_notice_type','','warning','Y','0','admin','2025-09-14 05:22:50','',NULL,'通知'),(15,2,'公告','2','sys_notice_type','','success','N','0','admin','2025-09-14 05:22:50','',NULL,'公告'),(16,1,'正常','0','sys_notice_status','','primary','Y','0','admin','2025-09-14 05:22:50','',NULL,'正常状态'),(17,2,'关闭','1','sys_notice_status','','danger','N','0','admin','2025-09-14 05:22:50','',NULL,'关闭状态'),(18,99,'其他','0','sys_oper_type','','info','N','0','admin','2025-09-14 05:22:50','',NULL,'其他操作'),(19,1,'新增','1','sys_oper_type','','info','N','0','admin','2025-09-14 05:22:50','',NULL,'新增操作'),(20,2,'修改','2','sys_oper_type','','info','N','0','admin','2025-09-14 05:22:50','',NULL,'修改操作'),(21,3,'删除','3','sys_oper_type','','danger','N','0','admin','2025-09-14 05:22:50','',NULL,'删除操作'),(22,4,'授权','4','sys_oper_type','','primary','N','0','admin','2025-09-14 05:22:50','',NULL,'授权操作'),(23,5,'导出','5','sys_oper_type','','warning','N','0','admin','2025-09-14 05:22:50','',NULL,'导出操作'),(24,6,'导入','6','sys_oper_type','','warning','N','0','admin','2025-09-14 05:22:50','',NULL,'导入操作'),(25,7,'强退','7','sys_oper_type','','danger','N','0','admin','2025-09-14 05:22:50','',NULL,'强退操作'),(26,8,'生成代码','8','sys_oper_type','','warning','N','0','admin','2025-09-14 05:22:50','',NULL,'生成操作'),(27,9,'清空数据','9','sys_oper_type','','danger','N','0','admin','2025-09-14 05:22:50','',NULL,'清空操作'),(28,1,'成功','0','sys_common_status','','primary','N','0','admin','2025-09-14 05:22:50','',NULL,'正常状态'),(29,2,'失败','1','sys_common_status','','danger','N','0','admin','2025-09-14 05:22:50','',NULL,'停用状态'),(100,1,'商务区','1','business_type',NULL,'default','N','0','admin','2025-09-14 06:37:33','',NULL,NULL),(101,2,'居民区','2','business_type',NULL,'default','N','0','admin','2025-09-14 06:37:46','',NULL,NULL),(102,3,'学校区','3','business_type',NULL,'default','N','0','admin','2025-09-14 06:38:01','',NULL,NULL),(103,4,'交通枢纽','4','business_type',NULL,'default','N','0','admin','2025-09-14 06:38:16','',NULL,NULL),(104,5,'景点','5','business_type',NULL,'default','N','0','admin','2025-09-14 06:38:29','',NULL,NULL),(105,1,'未投放','0','vm_status',NULL,'default','N','0','admin','2025-09-16 03:08:22','',NULL,NULL),(106,2,'运营','1','vm_status',NULL,'default','N','0','admin','2025-09-16 03:08:39','',NULL,NULL),(107,3,'待维修','2','vm_status',NULL,'default','N','0','admin','2025-09-16 03:08:53','',NULL,NULL),(108,4,'撤机','3','vm_status',NULL,'default','N','0','admin','2025-09-16 03:09:10','admin','2025-09-16 03:10:15',NULL),(109,1,'启用','1','emp_staus',NULL,'default','N','0','admin','2025-09-17 00:53:12','',NULL,NULL),(110,2,'停用','0','emp_staus',NULL,'default','N','0','admin','2025-09-17 00:53:31','',NULL,NULL),(111,1,'运营人员','1002','role_type',NULL,'default','N','0','admin','2025-09-18 01:31:22','',NULL,NULL),(112,2,'运维人员','1003','role_type',NULL,'default','N','0','admin','2025-09-18 01:31:39','',NULL,NULL),(113,1,'待办','1','task_status',NULL,'default','N','0','admin','2025-09-29 08:49:55','',NULL,NULL),(114,2,'进行','2','task_status',NULL,'default','N','0','admin','2025-09-29 08:50:08','',NULL,NULL),(115,3,'取消','3','task_status',NULL,'default','N','0','admin','2025-09-29 08:50:20','',NULL,NULL),(116,4,'完成','4','task_status',NULL,'default','N','0','admin','2025-09-29 08:50:32','',NULL,NULL),(117,1,'自动','0','task_create_type',NULL,'default','N','0','admin','2025-09-29 08:52:22','',NULL,NULL),(118,2,'手动','1','task_create_type',NULL,'default','N','0','admin','2025-09-29 08:53:52','',NULL,NULL);
-- sys_dict_type DML
INSERT INTO `sys_dict_type` (`dict_id`,`dict_name`,`dict_type`,`status`,`create_by`,`create_time`,`update_by`,`update_time`,`remark`) VALUES (1,'用户性别','sys_user_sex','0','admin','2025-09-14 05:22:49','',NULL,'用户性别列表'),(2,'菜单状态','sys_show_hide','0','admin','2025-09-14 05:22:49','',NULL,'菜单状态列表'),(3,'系统开关','sys_normal_disable','0','admin','2025-09-14 05:22:49','',NULL,'系统开关列表'),(4,'任务状态','sys_job_status','0','admin','2025-09-14 05:22:49','',NULL,'任务状态列表'),(5,'任务分组','sys_job_group','0','admin','2025-09-14 05:22:49','',NULL,'任务分组列表'),(6,'系统是否','sys_yes_no','0','admin','2025-09-14 05:22:49','',NULL,'系统是否列表'),(7,'通知类型','sys_notice_type','0','admin','2025-09-14 05:22:49','',NULL,'通知类型列表'),(8,'通知状态','sys_notice_status','0','admin','2025-09-14 05:22:50','',NULL,'通知状态列表'),(9,'操作类型','sys_oper_type','0','admin','2025-09-14 05:22:50','',NULL,'操作类型列表'),(10,'系统状态','sys_common_status','0','admin','2025-09-14 05:22:50','',NULL,'登录状态列表'),(100,'商圈类型','business_type','0','admin','2025-09-14 06:31:18','',NULL,NULL),(101,'设备状态','vm_status','0','admin','2025-09-16 03:07:58','',NULL,NULL),(102,'员工状态','emp_staus','0','admin','2025-09-17 00:52:52','',NULL,NULL),(103,'角色类型','role_type','0','admin','2025-09-18 01:30:38','',NULL,NULL),(104,'工单状态','task_status','0','admin','2025-09-29 08:48:31','',NULL,NULL),(105,'工单创建类型','task_create_type','0','admin','2025-09-29 08:51:39','',NULL,NULL);
-- sys_job DML
INSERT INTO `sys_job` (`job_id`,`job_name`,`job_group`,`invoke_target`,`cron_expression`,`misfire_policy`,`concurrent`,`status`,`create_by`,`create_time`,`update_by`,`update_time`,`remark`) VALUES (1,'系统默认（无参）','DEFAULT','ryTask.ryNoParams','0/10 * * * * ?','3','1','1','admin','2025-09-14 05:22:50','',NULL,''),(2,'系统默认（有参）','DEFAULT','ryTask.ryParams(\'ry\')','0/15 * * * * ?','3','1','1','admin','2025-09-14 05:22:50','',NULL,''),(3,'系统默认（多参）','DEFAULT','ryTask.ryMultipleParams(\'ry\', true, 2000L, 316.50D, 100)','0/20 * * * * ?','3','1','1','admin','2025-09-14 05:22:50','',NULL,'');
-- sys_logininfor DML
INSERT INTO `sys_logininfor` (`info_id`,`user_name`,`ipaddr`,`login_location`,`browser`,`os`,`status`,`msg`,`login_time`) VALUES (100,'wq','127.0.0.1','内网IP','Chrome 14','Windows 10','1','用户不存在/密码错误','2025-09-14 05:40:32'),(101,'admin','127.0.0.1','内网IP','Chrome 14','Windows 10','0','登录成功','2025-09-14 05:40:38'),(102,'admin','127.0.0.1','内网IP','Chrome 14','Windows 10','1','验证码错误','2025-09-14 06:24:28'),(103,'admin','127.0.0.1','内网IP','Chrome 14','Windows 10','0','登录成功','2025-09-14 06:24:42'),(104,'admin','127.0.0.1','内网IP','Chrome 14','Windows 10','0','登录成功','2025-09-14 12:29:47'),(105,'admin','127.0.0.1','内网IP','Chrome 14','Windows 10','1','验证码错误','2025-09-15 00:10:54'),(106,'admin','127.0.0.1','内网IP','Chrome 14','Windows 10','0','登录成功','2025-09-15 00:11:04'),(107,'admin','127.0.0.1','内网IP','Chrome 14','Windows 10','0','退出成功','2025-09-15 01:33:00'),(108,'admin','127.0.0.1','内网IP','Chrome 14','Windows 10','0','登录成功','2025-09-15 01:33:31'),(109,'admin','127.0.0.1','内网IP','Chrome 14','Windows 10','0','退出成功','2025-09-15 03:49:24'),(110,'admin','127.0.0.1','内网IP','Chrome 14','Windows 10','0','登录成功','2025-09-15 03:50:28'),(111,'admin','127.0.0.1','内网IP','Chrome 14','Windows 10','0','登录成功','2025-09-15 07:56:34'),(112,'admin','127.0.0.1','内网IP','Chrome 14','Windows 10','0','登录成功','2025-09-16 01:08:27'),(113,'admin','127.0.0.1','内网IP','Chrome 14','Windows 10','1','验证码已失效','2025-09-17 00:33:34'),(114,'admin','127.0.0.1','内网IP','Chrome 14','Windows 10','0','登录成功','2025-09-17 00:33:37'),(115,'admin','127.0.0.1','内网IP','Chrome 14','Windows 10','0','登录成功','2025-09-17 23:54:42'),(116,'admin','127.0.0.1','内网IP','Chrome 14','Windows 10','0','登录成功','2025-09-19 00:13:48'),(117,'admin','127.0.0.1','内网IP','Chrome 14','Windows 10','0','登录成功','2025-09-20 04:23:03'),(118,'admin','127.0.0.1','内网IP','Chrome 14','Windows 10','0','登录成功','2025-09-21 16:04:28'),(119,'admin','127.0.0.1','内网IP','Chrome 14','Windows 10','0','登录成功','2025-09-21 18:51:42'),(120,'admin','127.0.0.1','内网IP','Chrome 14','Windows 10','1','验证码错误','2025-09-22 09:17:09'),(121,'admin','127.0.0.1','内网IP','Chrome 14','Windows 10','0','登录成功','2025-09-22 09:17:12'),(122,'admin','127.0.0.1','内网IP','Chrome 13','Windows 10','0','登录成功','2025-09-22 09:45:58'),(123,'admin','127.0.0.1','内网IP','Chrome 13','Windows 10','0','登录成功','2025-09-22 17:25:19'),(124,'admin','127.0.0.1','内网IP','Chrome 14','Windows 10','1','验证码错误','2025-09-23 08:24:31'),(125,'admin','127.0.0.1','内网IP','Chrome 14','Windows 10','0','登录成功','2025-09-23 08:24:34'),(126,'admin','127.0.0.1','内网IP','Chrome 13','Windows 10','0','登录成功','2025-09-23 09:48:42'),(127,'admin','127.0.0.1','内网IP','Chrome 14','Windows 10','0','登录成功','2025-09-25 16:17:50'),(128,'admin','127.0.0.1','内网IP','Chrome 14','Windows 10','0','登录成功','2025-09-26 08:31:34'),(129,'admin','127.0.0.1','内网IP','Chrome 14','Windows 10','0','登录成功','2025-09-28 01:18:42'),(130,'admin','127.0.0.1','内网IP','Chrome 14','Windows 10','0','退出成功','2025-09-28 03:03:00'),(131,'admin','127.0.0.1','内网IP','Chrome 14','Windows 10','0','登录成功','2025-09-28 03:03:21'),(132,'admin','127.0.0.1','内网IP','Chrome 14','Windows 10','0','登录成功','2025-09-29 00:57:17'),(133,'admin','127.0.0.1','内网IP','Chrome 14','Windows 10','0','登录成功','2025-09-29 10:39:54'),(134,'admin','127.0.0.1','内网IP','Chrome 14','Windows 10','0','退出成功','2025-09-29 10:59:20'),(135,'admin','127.0.0.1','内网IP','Chrome 14','Windows 10','1','验证码错误','2025-09-29 10:59:30'),(136,'admin','127.0.0.1','内网IP','Chrome 14','Windows 10','0','登录成功','2025-09-29 10:59:38'),(137,'admin','127.0.0.1','内网IP','Chrome 14','Windows 10','0','登录成功','2025-09-30 00:37:59'),(138,'admin','127.0.0.1','内网IP','Chrome 14','Windows 10','0','登录成功','2025-10-05 14:11:45'),(139,'admin','127.0.0.1','内网IP','Chrome 14','Windows 10','0','登录成功','2025-10-06 12:03:19'),(140,'admin','127.0.0.1','内网IP','Chrome 14','Windows 10','0','登录成功','2025-10-07 11:28:49'),(141,'admin','127.0.0.1','内网IP','Chrome 14','Windows 10','0','登录成功','2025-10-09 01:38:34'),(142,'admin','127.0.0.1','内网IP','Chrome 14','Windows 10','0','登录成功','2025-10-09 06:02:52'),(143,'admin','127.0.0.1','内网IP','Chrome 14','Windows 10','1','验证码错误','2025-10-10 01:41:29'),(144,'admin','127.0.0.1','内网IP','Chrome 14','Windows 10','0','登录成功','2025-10-10 01:41:33');
-- sys_menu DML
INSERT INTO `sys_menu` (`menu_id`,`menu_name`,`parent_id`,`order_num`,`path`,`component`,`query`,`is_frame`,`is_cache`,`menu_type`,`visible`,`status`,`perms`,`icon`,`create_by`,`create_time`,`update_by`,`update_time`,`remark`) VALUES (1,'系统管理',0,11,'system',NULL,'',1,0,'M','0','0','','system','admin','2025-09-14 05:22:48','',NULL,'系统管理目录'),(2,'系统监控',0,12,'monitor',NULL,'',1,0,'M','0','0','','monitor','admin','2025-09-14 05:22:48','',NULL,'系统监控目录'),(3,'系统工具',0,13,'tool',NULL,'',1,0,'M','0','0','','tool','admin','2025-09-14 05:22:48','',NULL,'系统工具目录'),(4,'若依官网',0,14,'http://ruoyi.vip',NULL,'',0,0,'M','0','0','','guide','admin','2025-09-14 05:22:48','',NULL,'若依官网地址'),(100,'用户管理',1,1,'user','system/user/index','',1,0,'C','0','0','system:user:list','user','admin','2025-09-14 05:22:48','',NULL,'用户管理菜单'),(101,'角色管理',1,2,'role','system/role/index','',1,0,'C','0','0','system:role:list','peoples','admin','2025-09-14 05:22:48','',NULL,'角色管理菜单'),(102,'菜单管理',1,3,'menu','system/menu/index','',1,0,'C','0','0','system:menu:list','tree-table','admin','2025-09-14 05:22:48','',NULL,'菜单管理菜单'),(103,'部门管理',1,4,'dept','system/dept/index','',1,0,'C','0','0','system:dept:list','tree','admin','2025-09-14 05:22:48','',NULL,'部门管理菜单'),(104,'岗位管理',1,5,'post','system/post/index','',1,0,'C','0','0','system:post:list','post','admin','2025-09-14 05:22:48','',NULL,'岗位管理菜单'),(105,'字典管理',1,6,'dict','system/dict/index','',1,0,'C','0','0','system:dict:list','dict','admin','2025-09-14 05:22:48','',NULL,'字典管理菜单'),(106,'参数设置',1,7,'config','system/config/index','',1,0,'C','0','0','system:config:list','edit','admin','2025-09-14 05:22:48','',NULL,'参数设置菜单'),(107,'通知公告',1,8,'notice','system/notice/index','',1,0,'C','0','0','system:notice:list','message','admin','2025-09-14 05:22:48','',NULL,'通知公告菜单'),(108,'日志管理',1,9,'log','','',1,0,'M','0','0','','log','admin','2025-09-14 05:22:48','',NULL,'日志管理菜单'),(109,'在线用户',2,1,'online','monitor/online/index','',1,0,'C','0','0','monitor:online:list','online','admin','2025-09-14 05:22:48','',NULL,'在线用户菜单'),(110,'定时任务',2,2,'job','monitor/job/index','',1,0,'C','0','0','monitor:job:list','job','admin','2025-09-14 05:22:48','',NULL,'定时任务菜单'),(111,'数据监控',2,3,'druid','monitor/druid/index','',1,0,'C','0','0','monitor:druid:list','druid','admin','2025-09-14 05:22:48','',NULL,'数据监控菜单'),(112,'服务监控',2,4,'server','monitor/server/index','',1,0,'C','0','0','monitor:server:list','server','admin','2025-09-14 05:22:48','',NULL,'服务监控菜单'),(113,'缓存监控',2,5,'cache','monitor/cache/index','',1,0,'C','0','0','monitor:cache:list','redis','admin','2025-09-14 05:22:48','',NULL,'缓存监控菜单'),(114,'缓存列表',2,6,'cacheList','monitor/cache/list','',1,0,'C','0','0','monitor:cache:list','redis-list','admin','2025-09-14 05:22:48','',NULL,'缓存列表菜单'),(115,'表单构建',3,1,'build','tool/build/index','',1,0,'C','0','0','tool:build:list','build','admin','2025-09-14 05:22:48','',NULL,'表单构建菜单'),(116,'代码生成',3,2,'gen','tool/gen/index','',1,0,'C','0','0','tool:gen:list','code','admin','2025-09-14 05:22:48','',NULL,'代码生成菜单'),(117,'系统接口',3,3,'swagger','tool/swagger/index','',1,0,'C','0','0','tool:swagger:list','swagger','admin','2025-09-14 05:22:48','',NULL,'系统接口菜单'),(500,'操作日志',108,1,'operlog','monitor/operlog/index','',1,0,'C','0','0','monitor:operlog:list','form','admin','2025-09-14 05:22:48','',NULL,'操作日志菜单'),(501,'登录日志',108,2,'logininfor','monitor/logininfor/index','',1,0,'C','0','0','monitor:logininfor:list','logininfor','admin','2025-09-14 05:22:48','',NULL,'登录日志菜单'),(1000,'用户查询',100,1,'','','',1,0,'F','0','0','system:user:query','#','admin','2025-09-14 05:22:48','',NULL,''),(1001,'用户新增',100,2,'','','',1,0,'F','0','0','system:user:add','#','admin','2025-09-14 05:22:48','',NULL,''),(1002,'用户修改',100,3,'','','',1,0,'F','0','0','system:user:edit','#','admin','2025-09-14 05:22:48','',NULL,''),(1003,'用户删除',100,4,'','','',1,0,'F','0','0','system:user:remove','#','admin','2025-09-14 05:22:48','',NULL,''),(1004,'用户导出',100,5,'','','',1,0,'F','0','0','system:user:export','#','admin','2025-09-14 05:22:48','',NULL,''),(1005,'用户导入',100,6,'','','',1,0,'F','0','0','system:user:import','#','admin','2025-09-14 05:22:48','',NULL,''),(1006,'重置密码',100,7,'','','',1,0,'F','0','0','system:user:resetPwd','#','admin','2025-09-14 05:22:48','',NULL,''),(1007,'角色查询',101,1,'','','',1,0,'F','0','0','system:role:query','#','admin','2025-09-14 05:22:48','',NULL,''),(1008,'角色新增',101,2,'','','',1,0,'F','0','0','system:role:add','#','admin','2025-09-14 05:22:48','',NULL,''),(1009,'角色修改',101,3,'','','',1,0,'F','0','0','system:role:edit','#','admin','2025-09-14 05:22:48','',NULL,''),(1010,'角色删除',101,4,'','','',1,0,'F','0','0','system:role:remove','#','admin','2025-09-14 05:22:48','',NULL,''),(1011,'角色导出',101,5,'','','',1,0,'F','0','0','system:role:export','#','admin','2025-09-14 05:22:48','',NULL,''),(1012,'菜单查询',102,1,'','','',1,0,'F','0','0','system:menu:query','#','admin','2025-09-14 05:22:48','',NULL,''),(1013,'菜单新增',102,2,'','','',1,0,'F','0','0','system:menu:add','#','admin','2025-09-14 05:22:48','',NULL,''),(1014,'菜单修改',102,3,'','','',1,0,'F','0','0','system:menu:edit','#','admin','2025-09-14 05:22:48','',NULL,''),(1015,'菜单删除',102,4,'','','',1,0,'F','0','0','system:menu:remove','#','admin','2025-09-14 05:22:48','',NULL,''),(1016,'部门查询',103,1,'','','',1,0,'F','0','0','system:dept:query','#','admin','2025-09-14 05:22:48','',NULL,''),(1017,'部门新增',103,2,'','','',1,0,'F','0','0','system:dept:add','#','admin','2025-09-14 05:22:48','',NULL,''),(1018,'部门修改',103,3,'','','',1,0,'F','0','0','system:dept:edit','#','admin','2025-09-14 05:22:48','',NULL,''),(1019,'部门删除',103,4,'','','',1,0,'F','0','0','system:dept:remove','#','admin','2025-09-14 05:22:48','',NULL,''),(1020,'岗位查询',104,1,'','','',1,0,'F','0','0','system:post:query','#','admin','2025-09-14 05:22:48','',NULL,''),(1021,'岗位新增',104,2,'','','',1,0,'F','0','0','system:post:add','#','admin','2025-09-14 05:22:48','',NULL,''),(1022,'岗位修改',104,3,'','','',1,0,'F','0','0','system:post:edit','#','admin','2025-09-14 05:22:48','',NULL,''),(1023,'岗位删除',104,4,'','','',1,0,'F','0','0','system:post:remove','#','admin','2025-09-14 05:22:48','',NULL,''),(1024,'岗位导出',104,5,'','','',1,0,'F','0','0','system:post:export','#','admin','2025-09-14 05:22:48','',NULL,''),(1025,'字典查询',105,1,'#','','',1,0,'F','0','0','system:dict:query','#','admin','2025-09-14 05:22:48','',NULL,''),(1026,'字典新增',105,2,'#','','',1,0,'F','0','0','system:dict:add','#','admin','2025-09-14 05:22:48','',NULL,''),(1027,'字典修改',105,3,'#','','',1,0,'F','0','0','system:dict:edit','#','admin','2025-09-14 05:22:48','',NULL,''),(1028,'字典删除',105,4,'#','','',1,0,'F','0','0','system:dict:remove','#','admin','2025-09-14 05:22:48','',NULL,''),(1029,'字典导出',105,5,'#','','',1,0,'F','0','0','system:dict:export','#','admin','2025-09-14 05:22:48','',NULL,''),(1030,'参数查询',106,1,'#','','',1,0,'F','0','0','system:config:query','#','admin','2025-09-14 05:22:48','',NULL,''),(1031,'参数新增',106,2,'#','','',1,0,'F','0','0','system:config:add','#','admin','2025-09-14 05:22:48','',NULL,''),(1032,'参数修改',106,3,'#','','',1,0,'F','0','0','system:config:edit','#','admin','2025-09-14 05:22:48','',NULL,''),(1033,'参数删除',106,4,'#','','',1,0,'F','0','0','system:config:remove','#','admin','2025-09-14 05:22:48','',NULL,''),(1034,'参数导出',106,5,'#','','',1,0,'F','0','0','system:config:export','#','admin','2025-09-14 05:22:48','',NULL,''),(1035,'公告查询',107,1,'#','','',1,0,'F','0','0','system:notice:query','#','admin','2025-09-14 05:22:48','',NULL,''),(1036,'公告新增',107,2,'#','','',1,0,'F','0','0','system:notice:add','#','admin','2025-09-14 05:22:48','',NULL,''),(1037,'公告修改',107,3,'#','','',1,0,'F','0','0','system:notice:edit','#','admin','2025-09-14 05:22:48','',NULL,''),(1038,'公告删除',107,4,'#','','',1,0,'F','0','0','system:notice:remove','#','admin','2025-09-14 05:22:48','',NULL,''),(1039,'操作查询',500,1,'#','','',1,0,'F','0','0','monitor:operlog:query','#','admin','2025-09-14 05:22:48','',NULL,''),(1040,'操作删除',500,2,'#','','',1,0,'F','0','0','monitor:operlog:remove','#','admin','2025-09-14 05:22:48','',NULL,''),(1041,'日志导出',500,3,'#','','',1,0,'F','0','0','monitor:operlog:export','#','admin','2025-09-14 05:22:48','',NULL,''),(1042,'登录查询',501,1,'#','','',1,0,'F','0','0','monitor:logininfor:query','#','admin','2025-09-14 05:22:48','',NULL,''),(1043,'登录删除',501,2,'#','','',1,0,'F','0','0','monitor:logininfor:remove','#','admin','2025-09-14 05:22:48','',NULL,''),(1044,'日志导出',501,3,'#','','',1,0,'F','0','0','monitor:logininfor:export','#','admin','2025-09-14 05:22:48','',NULL,''),(1045,'账户解锁',501,4,'#','','',1,0,'F','0','0','monitor:logininfor:unlock','#','admin','2025-09-14 05:22:48','',NULL,''),(1046,'在线查询',109,1,'#','','',1,0,'F','0','0','monitor:online:query','#','admin','2025-09-14 05:22:48','',NULL,''),(1047,'批量强退',109,2,'#','','',1,0,'F','0','0','monitor:online:batchLogout','#','admin','2025-09-14 05:22:48','',NULL,''),(1048,'单条强退',109,3,'#','','',1,0,'F','0','0','monitor:online:forceLogout','#','admin','2025-09-14 05:22:48','',NULL,''),(1049,'任务查询',110,1,'#','','',1,0,'F','0','0','monitor:job:query','#','admin','2025-09-14 05:22:48','',NULL,''),(1050,'任务新增',110,2,'#','','',1,0,'F','0','0','monitor:job:add','#','admin','2025-09-14 05:22:48','',NULL,''),(1051,'任务修改',110,3,'#','','',1,0,'F','0','0','monitor:job:edit','#','admin','2025-09-14 05:22:48','',NULL,''),(1052,'任务删除',110,4,'#','','',1,0,'F','0','0','monitor:job:remove','#','admin','2025-09-14 05:22:48','',NULL,''),(1053,'状态修改',110,5,'#','','',1,0,'F','0','0','monitor:job:changeStatus','#','admin','2025-09-14 05:22:48','',NULL,''),(1054,'任务导出',110,6,'#','','',1,0,'F','0','0','monitor:job:export','#','admin','2025-09-14 05:22:48','',NULL,''),(1055,'生成查询',116,1,'#','','',1,0,'F','0','0','tool:gen:query','#','admin','2025-09-14 05:22:48','',NULL,''),(1056,'生成修改',116,2,'#','','',1,0,'F','0','0','tool:gen:edit','#','admin','2025-09-14 05:22:48','',NULL,''),(1057,'生成删除',116,3,'#','','',1,0,'F','0','0','tool:gen:remove','#','admin','2025-09-14 05:22:48','',NULL,''),(1058,'导入代码',116,4,'#','','',1,0,'F','0','0','tool:gen:import','#','admin','2025-09-14 05:22:48','',NULL,''),(1059,'预览代码',116,5,'#','','',1,0,'F','0','0','tool:gen:preview','#','admin','2025-09-14 05:22:49','',NULL,''),(1060,'生成代码',116,6,'#','','',1,0,'F','0','0','tool:gen:code','#','admin','2025-09-14 05:22:49','',NULL,''),(2000,'点位管理',0,2,'node',NULL,NULL,1,0,'M','0','0',NULL,'点位管理','admin','2025-09-14 06:28:13','',NULL,''),(2001,'点位管理',2000,2,'node','manage/node/index',NULL,1,0,'C','0','0','manage:node:list','#','admin','2025-09-14 07:01:00','admin','2025-09-14 07:07:51','点位管理菜单'),(2002,'点位管理查询',2001,1,'#','',NULL,1,0,'F','0','0','manage:node:query','#','admin','2025-09-14 07:01:00','',NULL,''),(2003,'点位管理新增',2001,2,'#','',NULL,1,0,'F','0','0','manage:node:add','#','admin','2025-09-14 07:01:00','',NULL,''),(2004,'点位管理修改',2001,3,'#','',NULL,1,0,'F','0','0','manage:node:edit','#','admin','2025-09-14 07:01:00','',NULL,''),(2005,'点位管理删除',2001,4,'#','',NULL,1,0,'F','0','0','manage:node:remove','#','admin','2025-09-14 07:01:00','',NULL,''),(2006,'点位管理导出',2001,5,'#','',NULL,1,0,'F','0','0','manage:node:export','#','admin','2025-09-14 07:01:00','',NULL,''),(2007,'合作商管理',2000,3,'partner','manage/partner/index',NULL,1,0,'C','0','0','manage:partner:list','#','admin','2025-09-14 07:01:58','admin','2025-09-14 07:07:37','合作商管理菜单'),(2008,'合作商管理查询',2007,1,'#','',NULL,1,0,'F','0','0','manage:partner:query','#','admin','2025-09-14 07:01:58','',NULL,''),(2009,'合作商管理新增',2007,2,'#','',NULL,1,0,'F','0','0','manage:partner:add','#','admin','2025-09-14 07:01:58','',NULL,''),(2010,'合作商管理修改',2007,3,'#','',NULL,1,0,'F','0','0','manage:partner:edit','#','admin','2025-09-14 07:01:58','',NULL,''),(2011,'合作商管理删除',2007,4,'#','',NULL,1,0,'F','0','0','manage:partner:remove','#','admin','2025-09-14 07:01:58','',NULL,''),(2012,'合作商管理导出',2007,5,'#','',NULL,1,0,'F','0','0','manage:partner:export','#','admin','2025-09-14 07:01:58','',NULL,''),(2013,'区域管理',2000,1,'region','manage/region/index',NULL,1,0,'C','0','0','manage:region:list','#','admin','2025-09-14 07:03:12','',NULL,'区域管理菜单'),(2014,'区域管理查询',2013,1,'#','',NULL,1,0,'F','0','0','manage:region:query','#','admin','2025-09-14 07:03:12','',NULL,''),(2015,'区域管理新增',2013,2,'#','',NULL,1,0,'F','0','0','manage:region:add','#','admin','2025-09-14 07:03:12','',NULL,''),(2016,'区域管理修改',2013,3,'#','',NULL,1,0,'F','0','0','manage:region:edit','#','admin','2025-09-14 07:03:12','',NULL,''),(2017,'区域管理删除',2013,4,'#','',NULL,1,0,'F','0','0','manage:region:remove','#','admin','2025-09-14 07:03:12','',NULL,''),(2018,'区域管理导出',2013,5,'#','',NULL,1,0,'F','0','0','manage:region:export','#','admin','2025-09-14 07:03:12','',NULL,''),(2019,'人员管理',0,4,'emp',NULL,NULL,1,0,'M','0','0','','peoples','admin','2025-09-17 01:00:35','admin','2025-09-17 01:16:51',''),(2020,'人员列表',2019,1,'emp','manage/personnel/emp/index',NULL,1,0,'C','0','0','manage:emp:list','人员列表','admin','2025-09-17 01:26:21','admin','2025-09-18 06:36:30','人员列表菜单'),(2021,'人员列表查询',2020,1,'#','',NULL,1,0,'F','0','0','manage:emp:query','#','admin','2025-09-17 01:26:21','admin','2025-09-18 06:36:00',''),(2022,'人员列表新增',2020,2,'#','',NULL,1,0,'F','0','0','manage:emp:add','#','admin','2025-09-17 01:26:21','admin','2025-09-18 06:36:05',''),(2023,'人员列表修改',2020,3,'#','',NULL,1,0,'F','0','0','manage:emp:edit','#','admin','2025-09-17 01:26:21','',NULL,''),(2024,'人员列表删除',2020,4,'#','',NULL,1,0,'F','0','0','manage:emp:remove','#','admin','2025-09-17 01:26:21','',NULL,''),(2025,'人员列表导出',2020,5,'#','',NULL,1,0,'F','0','0','manage:emp:export','#','admin','2025-09-17 01:26:21','',NULL,''),(2026,'工作量列表',2019,2,'work','manage/personnel/work/index',NULL,1,0,'C','0','0','manage/empworkload/list','list','admin','2025-09-17 10:25:14','admin','2025-09-18 06:30:53',''),(2027,'人员工作量查询',2026,1,'',NULL,NULL,1,0,'F','0','0','manage:empworkload:query','#','admin','2025-09-18 00:29:40','admin','2025-09-18 06:32:17',''),(2028,'设备管理',0,3,'vm',NULL,NULL,1,0,'M','0','0',NULL,'设备管理','admin','2025-09-18 08:35:16','',NULL,''),(2029,'设备类型管理',2028,3,'vmType','manage/vmType/index',NULL,1,0,'C','0','0','manage:vmType:list','#','admin','2025-09-18 10:35:48','admin','2025-09-21 19:12:39','设备类型管理菜单'),(2030,'设备类型管理查询',2029,1,'#','',NULL,1,0,'F','0','0','manage:vmType:query','#','admin','2025-09-18 10:35:48','',NULL,''),(2031,'设备类型管理新增',2029,2,'#','',NULL,1,0,'F','0','0','manage:vmType:add','#','admin','2025-09-18 10:35:48','',NULL,''),(2032,'设备类型管理修改',2029,3,'#','',NULL,1,0,'F','0','0','manage:vmType:edit','#','admin','2025-09-18 10:35:48','',NULL,''),(2033,'设备类型管理删除',2029,4,'#','',NULL,1,0,'F','0','0','manage:vmType:remove','#','admin','2025-09-18 10:35:48','',NULL,''),(2034,'设备类型管理导出',2029,5,'#','',NULL,1,0,'F','0','0','manage:vmType:export','#','admin','2025-09-18 10:35:48','',NULL,''),(2035,'设备管理',2028,1,'vm','manage/vm/index',NULL,1,0,'C','0','0','manage:vm:list','#','admin','2025-09-18 10:36:05','',NULL,'设备管理菜单'),(2036,'设备管理查询',2035,1,'#','',NULL,1,0,'F','0','0','manage:vm:query','#','admin','2025-09-18 10:36:05','',NULL,''),(2037,'设备管理新增',2035,2,'#','',NULL,1,0,'F','0','0','manage:vm:add','#','admin','2025-09-18 10:36:05','',NULL,''),(2038,'设备管理修改',2035,3,'#','',NULL,1,0,'F','0','0','manage:vm:edit','#','admin','2025-09-18 10:36:05','',NULL,''),(2039,'设备管理删除',2035,4,'#','',NULL,1,0,'F','0','0','manage:vm:remove','#','admin','2025-09-18 10:36:05','',NULL,''),(2040,'设备管理导出',2035,5,'#','',NULL,1,0,'F','0','0','manage:vm:export','#','admin','2025-09-18 10:36:05','',NULL,''),(2041,'设备状态',2028,2,'vmStatus','manage/vmStatus/index',NULL,1,0,'C','0','0','manage:vm:list','#','admin','2025-09-21 19:12:33','',NULL,''),(2042,'策略管理',0,7,'strategy',NULL,NULL,1,0,'M','0','0',NULL,'策略管理','admin','2025-09-22 09:19:04','',NULL,''),(2043,'策略管理',2042,1,'policy','manage/policy/index',NULL,1,0,'C','0','0','manage:policy:list','#','admin','2025-09-22 09:31:47','',NULL,'策略管理菜单'),(2044,'策略管理查询',2043,1,'#','',NULL,1,0,'F','0','0','manage:policy:query','#','admin','2025-09-22 09:31:47','',NULL,''),(2045,'策略管理新增',2043,2,'#','',NULL,1,0,'F','0','0','manage:policy:add','#','admin','2025-09-22 09:31:47','',NULL,''),(2046,'策略管理修改',2043,3,'#','',NULL,1,0,'F','0','0','manage:policy:edit','#','admin','2025-09-22 09:31:47','',NULL,''),(2047,'策略管理删除',2043,4,'#','',NULL,1,0,'F','0','0','manage:policy:remove','#','admin','2025-09-22 09:31:47','',NULL,''),(2048,'策略管理导出',2043,5,'#','',NULL,1,0,'F','0','0','manage:policy:export','#','admin','2025-09-22 09:31:47','',NULL,''),(2049,'商品管理',0,5,'sku',NULL,NULL,1,0,'M','0','0','','商品管理','admin','2025-09-22 16:20:15','admin','2025-09-22 16:20:41',''),(2050,'商品类型',2049,1,'skuType','manage/skuType/index',NULL,1,0,'C','0','0','manage:skuType:list','#','admin','2025-09-22 16:39:33','admin','2025-09-23 09:12:32','商品管理菜单'),(2051,'商品管理查询',2050,1,'#','',NULL,1,0,'F','0','0','manage:sku:query','#','admin','2025-09-22 16:39:33','',NULL,''),(2052,'商品管理新增',2050,2,'#','',NULL,1,0,'F','0','0','manage:sku:add','#','admin','2025-09-22 16:39:33','',NULL,''),(2053,'商品管理修改',2050,3,'#','',NULL,1,0,'F','0','0','manage:sku:edit','#','admin','2025-09-22 16:39:33','',NULL,''),(2054,'商品管理删除',2050,4,'#','',NULL,1,0,'F','0','0','manage:sku:remove','#','admin','2025-09-22 16:39:33','',NULL,''),(2055,'商品管理导出',2050,5,'#','',NULL,1,0,'F','0','0','manage:sku:export','#','admin','2025-09-22 16:39:33','',NULL,''),(2056,'商品管理',2049,2,'sku','manage/sku/index',NULL,1,0,'C','0','0','manage:sku:list','#','admin','2025-09-22 16:39:52','admin','2025-09-23 09:12:25','商品管理菜单'),(2057,'商品管理查询',2056,1,'#','',NULL,1,0,'F','0','0','manage:skuType:query','#','admin','2025-09-22 16:39:52','',NULL,''),(2058,'商品管理新增',2056,2,'#','',NULL,1,0,'F','0','0','manage:skuType:add','#','admin','2025-09-22 16:39:52','',NULL,''),(2059,'商品管理修改',2056,3,'#','',NULL,1,0,'F','0','0','manage:skuType:edit','#','admin','2025-09-22 16:39:52','',NULL,''),(2060,'商品管理删除',2056,4,'#','',NULL,1,0,'F','0','0','manage:skuType:remove','#','admin','2025-09-22 16:39:52','',NULL,''),(2061,'商品管理导出',2056,5,'#','',NULL,1,0,'F','0','0','manage:skuType:export','#','admin','2025-09-22 16:39:52','',NULL,''),(2062,'工单管理',0,1,'task',NULL,NULL,1,0,'M','0','0',NULL,'工单管理','admin','2025-09-29 08:39:56','',NULL,''),(2063,'运营工单',2062,1,'business','manage/task/business',NULL,1,0,'C','0','0','manage:task:list','#','admin','2025-09-29 09:14:39','admin','2025-09-29 09:15:01',''),(2064,'运维工单',2062,2,'operation','manage/task/operation',NULL,1,0,'C','0','0','manage:task:list','#','admin','2025-09-29 09:16:00','',NULL,'');
-- sys_notice DML
INSERT INTO `sys_notice` (`notice_id`,`notice_title`,`notice_type`,`notice_content`,`status`,`create_by`,`create_time`,`update_by`,`update_time`,`remark`) VALUES (1,'温馨提醒：2018-07-01 若依新版本发布啦','2',0xe696b0e78988e69cace58685e5aeb9,'0','admin','2025-09-14 05:22:50','',NULL,'管理员'),(2,'维护通知：2018-07-01 若依系统凌晨维护','1',0xe7bbb4e68aa4e58685e5aeb9,'0','admin','2025-09-14 05:22:50','',NULL,'管理员');
-- sys_oper_log DML
INSERT INTO `sys_oper_log` (`oper_id`,`title`,`business_type`,`method`,`request_method`,`operator_type`,`oper_name`,`dept_name`,`oper_url`,`oper_ip`,`oper_location`,`oper_param`,`json_result`,`status`,`error_msg`,`oper_time`,`cost_time`) VALUES (100,'用户头像',2,'com.dkd.web.controller.system.SysProfileController.avatar()','POST',1,'admin','研发部门','/system/user/profile/avatar','127.0.0.1','内网IP','','{"msg":"操作成功","imgUrl":"/profile/avatar/2025/09/14/1_20250914134115A001.jpg","code":200}',0,NULL,'2025-09-14 05:41:15',105),(101,'菜单管理',1,'com.dkd.web.controller.system.SysMenuController.add()','POST',1,'admin','研发部门','/system/menu','127.0.0.1','内网IP','{"children":[],"createBy":"admin","icon":"点位管理","isCache":"0","isFrame":"1","menuName":"点位管理","menuType":"M","orderNum":2,"params":{},"parentId":0,"path":"node","status":"0","visible":"0"}','{"msg":"操作成功","code":200}',0,NULL,'2025-09-14 06:28:13',78),(102,'字典类型',1,'com.dkd.web.controller.system.SysDictTypeController.add()','POST',1,'admin','研发部门','/system/dict/type','127.0.0.1','内网IP','{"createBy":"admin","dictName":"商圈类型","dictType":"business_type","params":{},"status":"0"}','{"msg":"操作成功","code":200}',0,NULL,'2025-09-14 06:31:18',35),(103,'字典数据',1,'com.dkd.web.controller.system.SysDictDataController.add()','POST',1,'admin','研发部门','/system/dict/data','127.0.0.1','内网IP','{"createBy":"admin","default":false,"dictLabel":"商务区","dictSort":1,"dictType":"business_type","dictValue":"1","listClass":"default","params":{},"status":"0"}','{"msg":"操作成功","code":200}',0,NULL,'2025-09-14 06:37:34',32),(104,'字典数据',1,'com.dkd.web.controller.system.SysDictDataController.add()','POST',1,'admin','研发部门','/system/dict/data','127.0.0.1','内网IP','{"createBy":"admin","default":false,"dictLabel":"居民区","dictSort":2,"dictType":"business_type","dictValue":"2","listClass":"default","params":{},"status":"0"}','{"msg":"操作成功","code":200}',0,NULL,'2025-09-14 06:37:46',22),(105,'字典数据',1,'com.dkd.web.controller.system.SysDictDataController.add()','POST',1,'admin','研发部门','/system/dict/data','127.0.0.1','内网IP','{"createBy":"admin","default":false,"dictLabel":"学校区","dictSort":3,"dictType":"business_type","dictValue":"3","listClass":"default","params":{},"status":"0"}','{"msg":"操作成功","code":200}',0,NULL,'2025-09-14 06:38:01',23),(106,'字典数据',1,'com.dkd.web.controller.system.SysDictDataController.add()','POST',1,'admin','研发部门','/system/dict/data','127.0.0.1','内网IP','{"createBy":"admin","default":false,"dictLabel":"交通枢纽","dictSort":4,"dictType":"business_type","dictValue":"4","listClass":"default","params":{},"status":"0"}','{"msg":"操作成功","code":200}',0,NULL,'2025-09-14 06:38:16',24),(107,'字典数据',1,'com.dkd.web.controller.system.SysDictDataController.add()','POST',1,'admin','研发部门','/system/dict/data','127.0.0.1','内网IP','{"createBy":"admin","default":false,"dictLabel":"景点","dictSort":5,"dictType":"business_type","dictValue":"5","listClass":"default","params":{},"status":"0"}','{"msg":"操作成功","code":200}',0,NULL,'2025-09-14 06:38:29',25),(108,'代码生成',6,'com.dkd.generator.controller.GenController.importTableSave()','POST',1,'admin','研发部门','/tool/gen/importTable','127.0.0.1','内网IP','{"tables":"tb_node,tb_region,tb_partner"}','{"msg":"操作成功","code":200}',0,NULL,'2025-09-14 06:39:06',525),(109,'代码生成',2,'com.dkd.generator.controller.GenController.editSave()','PUT',1,'admin','研发部门','/tool/gen','127.0.0.1','内网IP','{"businessName":"region","className":"Region","columns":[{"capJavaField":"Id","columnComment":"主键，自增","columnId":24,"columnName":"id","columnType":"bigint","createBy":"admin","createTime":"2025-09-14 06:39:05","dictType":"","edit":false,"htmlType":"input","increment":true,"insert":false,"isIncrement":"1","isInsert":"0","isPk":"1","isRequired":"0","javaField":"id","javaType":"Long","list":false,"params":{},"pk":true,"query":false,"queryType":"EQ","required":false,"sort":1,"superColumn":false,"tableId":3,"updateBy":"","usableColumn":false},{"capJavaField":"RegionName","columnComment":"区域名称","columnId":25,"columnName":"region_name","columnType":"varchar(100)","createBy":"admin","createTime":"2025-09-14 06:39:05","dictType":"","edit":true,"htmlType":"input","increment":false,"insert":true,"isEdit":"1","isIncrement":"0","isInsert":"1","isList":"1","isPk":"0","isQuery":"1","isRequired":"1","javaField":"regionName","javaType":"String","list":true,"params":{},"pk":false,"query":true,"queryType":"LIKE","required":true,"sort":2,"superColumn":false,"tableId":3,"updateBy":"","usableColumn":false},{"capJavaField":"CreateTime","columnComment":"创建时间","columnId":26,"columnName":"create_time","columnType":"datetime","createBy":"admin","createTime":"2025-09-14 06:39:05","dictType":"","edit":false,"htmlType":"datetime","increment":false,"insert":false,"isIncrement":"0","isInsert":"0","isPk":"0","isRequired":"0","javaField":"createTime","javaType":"Date","list":false,"params":{},"pk":false,"query":false,"queryType":"EQ","required":false,"sort":3,"superColumn":true,"tableId":3,"updateBy":"","usableColumn":false},{"capJavaField":"UpdateTime","columnComment":"修改时间","columnId":27,"columnName":"update_time","columnType":"datetime","createBy":"admin","createTime":"2025-09-14 06:39:05","dictType":"","edit":false,"htmlType":"datetime","increment":false,"insert":false,"isEdit":"0","isIncrement":"0","isInsert":"0","isPk":"0","isRequired":"0","javaField":"updateTime","javaType":"Date","list":fals','{"msg":"操作成功","code":200}',0,NULL,'2025-09-14 06:44:18',133),(110,'代码生成',2,'com.dkd.generator.controller.GenController.editSave()','PUT',1,'admin','研发部门','/tool/gen','127.0.0.1','内网IP','{"businessName":"partner","className":"Partner","columns":[{"capJavaField":"Id","columnComment":"主键，自增","columnId":12,"columnName":"id","columnType":"bigint","createBy":"admin","createTime":"2025-09-14 06:39:05","dictType":"","edit":false,"htmlType":"input","increment":true,"insert":false,"isIncrement":"1","isInsert":"0","isPk":"1","isRequired":"0","javaField":"id","javaType":"Long","list":false,"params":{},"pk":true,"query":false,"queryType":"EQ","required":false,"sort":1,"superColumn":false,"tableId":2,"updateBy":"","usableColumn":false},{"capJavaField":"PartnerName","columnComment":"合作商名称","columnId":13,"columnName":"partner_name","columnType":"varchar(100)","createBy":"admin","createTime":"2025-09-14 06:39:05","dictType":"","edit":true,"htmlType":"input","increment":false,"insert":true,"isEdit":"1","isIncrement":"0","isInsert":"1","isList":"1","isPk":"0","isQuery":"1","isRequired":"1","javaField":"partnerName","javaType":"String","list":true,"params":{},"pk":false,"query":true,"queryType":"LIKE","required":true,"sort":2,"superColumn":false,"tableId":2,"updateBy":"","usableColumn":false},{"capJavaField":"ContactPerson","columnComment":"联系人","columnId":14,"columnName":"contact_person","columnType":"varchar(50)","createBy":"admin","createTime":"2025-09-14 06:39:05","dictType":"","edit":true,"htmlType":"input","increment":false,"insert":true,"isEdit":"1","isIncrement":"0","isInsert":"1","isList":"1","isPk":"0","isQuery":"0","isRequired":"1","javaField":"contactPerson","javaType":"String","list":true,"params":{},"pk":false,"query":false,"queryType":"EQ","required":true,"sort":3,"superColumn":false,"tableId":2,"updateBy":"","usableColumn":false},{"capJavaField":"Phone","columnComment":"联系电话","columnId":15,"columnName":"phone","columnType":"varchar(20)","createBy":"admin","createTime":"2025-09-14 06:39:05","dictType":"","edit":true,"htmlType":"input","increment":false,"insert":true,"isEdit":"1","isIncrement":"0","isInsert":"1","isList":"1","isPk":"0","isQuery":"0","isR','{"msg":"操作成功","code":200}',0,NULL,'2025-09-14 06:50:33',144),(111,'代码生成',2,'com.dkd.generator.controller.GenController.editSave()','PUT',1,'admin','研发部门','/tool/gen','127.0.0.1','内网IP','{"businessName":"node","className":"Node","columns":[{"capJavaField":"Id","columnComment":"主键，自增","columnId":1,"columnName":"id","columnType":"bigint","createBy":"admin","createTime":"2025-09-14 06:39:05","dictType":"","edit":false,"htmlType":"input","increment":true,"insert":false,"isIncrement":"1","isInsert":"0","isPk":"1","isRequired":"0","javaField":"id","javaType":"Long","list":false,"params":{},"pk":true,"query":false,"queryType":"EQ","required":false,"sort":1,"superColumn":false,"tableId":1,"updateBy":"","usableColumn":false},{"capJavaField":"NodeName","columnComment":"点位名称","columnId":2,"columnName":"node_name","columnType":"varchar(100)","createBy":"admin","createTime":"2025-09-14 06:39:05","dictType":"","edit":true,"htmlType":"input","increment":false,"insert":true,"isEdit":"1","isIncrement":"0","isInsert":"1","isList":"1","isPk":"0","isQuery":"1","isRequired":"1","javaField":"nodeName","javaType":"String","list":true,"params":{},"pk":false,"query":true,"queryType":"LIKE","required":true,"sort":2,"superColumn":false,"tableId":1,"updateBy":"","usableColumn":false},{"capJavaField":"AddressDetail","columnComment":"详细地址","columnId":3,"columnName":"address_detail","columnType":"varchar(255)","createBy":"admin","createTime":"2025-09-14 06:39:05","dictType":"","edit":true,"htmlType":"textarea","increment":false,"insert":true,"isEdit":"1","isIncrement":"0","isInsert":"1","isList":"1","isPk":"0","isQuery":"0","isRequired":"1","javaField":"addressDetail","javaType":"String","list":true,"params":{},"pk":false,"query":false,"queryType":"EQ","required":true,"sort":3,"superColumn":false,"tableId":1,"updateBy":"","usableColumn":false},{"capJavaField":"BusinessType","columnComment":"商圈类型","columnId":4,"columnName":"business_type","columnType":"int","createBy":"admin","createTime":"2025-09-14 06:39:05","dictType":"business_type","edit":true,"htmlType":"select","increment":false,"insert":true,"isEdit":"1","isIncrement":"0","isInsert":"1","isList":"1","isPk":"0","isQuery":"0','{"msg":"操作成功","code":200}',0,NULL,'2025-09-14 06:59:01',133),(112,'代码生成',8,'com.dkd.generator.controller.GenController.batchGenCode()','GET',1,'admin','研发部门','/tool/gen/batchGenCode','127.0.0.1','内网IP','{"tables":"tb_node,tb_partner,tb_region"}',NULL,0,NULL,'2025-09-14 06:59:24',1126),(113,'代码生成',8,'com.dkd.generator.controller.GenController.batchGenCode()','GET',1,'admin','研发部门','/tool/gen/batchGenCode','127.0.0.1','内网IP','{"tables":"tb_node,tb_partner,tb_region"}',NULL,0,NULL,'2025-09-14 06:59:33',180),(114,'菜单管理',2,'com.dkd.web.controller.system.SysMenuController.edit()','PUT',1,'admin','研发部门','/system/menu','127.0.0.1','内网IP','{"children":[],"component":"manage/partner/index","createTime":"2025-09-14 07:01:58","icon":"#","isCache":"0","isFrame":"1","menuId":2007,"menuName":"合作商管理","menuType":"C","orderNum":3,"params":{},"parentId":2000,"path":"partner","perms":"manage:partner:list","status":"0","updateBy":"admin","visible":"0"}','{"msg":"操作成功","code":200}',0,NULL,'2025-09-14 07:07:37',34),(115,'菜单管理',2,'com.dkd.web.controller.system.SysMenuController.edit()','PUT',1,'admin','研发部门','/system/menu','127.0.0.1','内网IP','{"children":[],"component":"manage/node/index","createTime":"2025-09-14 07:01:00","icon":"#","isCache":"0","isFrame":"1","menuId":2001,"menuName":"点位管理","menuType":"C","orderNum":2,"params":{},"parentId":2000,"path":"node","perms":"manage:node:list","status":"0","updateBy":"admin","visible":"0"}','{"msg":"操作成功","code":200}',0,NULL,'2025-09-14 07:07:51',30),(116,'代码生成',2,'com.dkd.generator.controller.GenController.editSave()','PUT',1,'admin','研发部门','/tool/gen','127.0.0.1','内网IP','{"businessName":"node","className":"Node","columns":[{"capJavaField":"Id","columnComment":"主键","columnId":1,"columnName":"id","columnType":"bigint","createBy":"admin","createTime":"2025-09-14 06:39:05","dictType":"","edit":false,"htmlType":"input","increment":true,"insert":false,"isIncrement":"1","isInsert":"0","isPk":"1","isRequired":"0","javaField":"id","javaType":"Long","list":false,"params":{},"pk":true,"query":false,"queryType":"EQ","required":false,"sort":1,"superColumn":false,"tableId":1,"updateBy":"","updateTime":"2025-09-14 06:59:01","usableColumn":false},{"capJavaField":"NodeName","columnComment":"点位名称","columnId":2,"columnName":"node_name","columnType":"varchar(100)","createBy":"admin","createTime":"2025-09-14 06:39:05","dictType":"","edit":true,"htmlType":"input","increment":false,"insert":true,"isEdit":"1","isIncrement":"0","isInsert":"1","isList":"1","isPk":"0","isQuery":"1","isRequired":"1","javaField":"nodeName","javaType":"String","list":true,"params":{},"pk":false,"query":true,"queryType":"LIKE","required":true,"sort":2,"superColumn":false,"tableId":1,"updateBy":"","updateTime":"2025-09-14 06:59:01","usableColumn":false},{"capJavaField":"AddressDetail","columnComment":"详细地址","columnId":3,"columnName":"address_detail","columnType":"varchar(255)","createBy":"admin","createTime":"2025-09-14 06:39:05","dictType":"","edit":true,"htmlType":"textarea","increment":false,"insert":true,"isEdit":"1","isIncrement":"0","isInsert":"1","isList":"1","isPk":"0","isQuery":"0","isRequired":"1","javaField":"addressDetail","javaType":"String","list":true,"params":{},"pk":false,"query":false,"queryType":"EQ","required":true,"sort":3,"superColumn":false,"tableId":1,"updateBy":"","updateTime":"2025-09-14 06:59:01","usableColumn":false},{"capJavaField":"BusinessType","columnComment":"商圈类型","columnId":4,"columnName":"business_type","columnType":"int","createBy":"admin","createTime":"2025-09-14 06:39:05","dictType":"business_type","edit":true,"htmlType":"select","increment":','{"msg":"操作成功","code":200}',0,NULL,'2025-09-14 07:11:54',113),(117,'代码生成',2,'com.dkd.generator.controller.GenController.editSave()','PUT',1,'admin','研发部门','/tool/gen','127.0.0.1','内网IP','{"businessName":"region","className":"Region","columns":[{"capJavaField":"Id","columnComment":"主键，自增","columnId":24,"columnName":"id","columnType":"bigint","createBy":"admin","createTime":"2025-09-14 06:39:05","dictType":"","edit":false,"htmlType":"input","increment":true,"insert":false,"isIncrement":"1","isInsert":"0","isPk":"1","isRequired":"0","javaField":"id","javaType":"Long","list":false,"params":{},"pk":true,"query":false,"queryType":"EQ","required":false,"sort":1,"superColumn":false,"tableId":3,"updateBy":"","updateTime":"2025-09-14 06:44:17","usableColumn":false},{"capJavaField":"RegionName","columnComment":"区域名称","columnId":25,"columnName":"region_name","columnType":"varchar(100)","createBy":"admin","createTime":"2025-09-14 06:39:05","dictType":"","edit":true,"htmlType":"input","increment":false,"insert":true,"isEdit":"1","isIncrement":"0","isInsert":"1","isList":"1","isPk":"0","isQuery":"1","isRequired":"1","javaField":"regionName","javaType":"String","list":true,"params":{},"pk":false,"query":true,"queryType":"LIKE","required":true,"sort":2,"superColumn":false,"tableId":3,"updateBy":"","updateTime":"2025-09-14 06:44:17","usableColumn":false},{"capJavaField":"CreateTime","columnComment":"创建时间","columnId":26,"columnName":"create_time","columnType":"datetime","createBy":"admin","createTime":"2025-09-14 06:39:05","dictType":"","edit":false,"htmlType":"datetime","increment":false,"insert":false,"isIncrement":"0","isInsert":"0","isPk":"0","isRequired":"0","javaField":"createTime","javaType":"Date","list":false,"params":{},"pk":false,"query":false,"queryType":"EQ","required":false,"sort":3,"superColumn":true,"tableId":3,"updateBy":"","updateTime":"2025-09-14 06:44:17","usableColumn":false},{"capJavaField":"UpdateTime","columnComment":"修改时间","columnId":27,"columnName":"update_time","columnType":"datetime","createBy":"admin","createTime":"2025-09-14 06:39:05","dictType":"","edit":false,"htmlType":"datetime","increment":false,"insert":false,"isEdit":"0","isIncreme','{"msg":"操作成功","code":200}',0,NULL,'2025-09-14 07:35:07',88),(118,'区域管理',1,'com.dkd.manage.controller.RegionController.add()','POST',1,'admin','研发部门','/manage/region','127.0.0.1','内网IP','{"createTime":"2025-09-14 15:36:52","id":11,"params":{},"regionName":"北京市北五环奥体中心区域","remark":"北京市北五环奥体中心区域"}','{"msg":"操作成功","code":200}',0,NULL,'2025-09-14 07:36:53',57),(119,'区域管理',2,'com.dkd.manage.controller.RegionController.edit()','PUT',1,'admin','研发部门','/manage/region','127.0.0.1','内网IP','{"createTime":"2025-09-14 15:36:52","id":11,"params":{},"regionName":"北京市北五环奥体中心区域","remark":"北京市北五环奥体中心区域","updateTime":"2025-09-14 15:37:13"}','{"msg":"操作成功","code":200}',0,NULL,'2025-09-14 07:37:13',24),(120,'区域管理',1,'com.dkd.manage.controller.RegionController.add()','POST',1,'admin','研发部门','/manage/region','127.0.0.1','内网IP','{"createTime":"2025-09-15 09:10:59","id":12,"params":{},"regionName":"海淀区","remark":"北五环附近"}','{"msg":"操作成功","code":200}',0,NULL,'2025-09-15 01:11:00',177),(121,'点位管理',1,'com.dkd.manage.controller.NodeController.add()','POST',1,'admin','研发部门','/manage/node','127.0.0.1','内网IP','{"addressDetail":"北京市海淀区清华西路28号","businessType":5,"createTime":"2025-09-15 09:12:33","id":11,"nodeName":"圆明园遗址公园","params":{}}','{"msg":"操作成功","code":200}',0,NULL,'2025-09-15 01:12:34',52),(122,'点位管理',2,'com.dkd.manage.controller.NodeController.edit()','PUT',1,'admin','研发部门','/manage/node','127.0.0.1','内网IP','{"addressDetail":"北京市海淀区清华西路28号","businessType":5,"createTime":"2025-09-15 09:12:33","id":11,"nodeName":"圆明园遗址公园","params":{},"regionId":2,"updateTime":"2025-09-15 09:13:49"}','{"msg":"操作成功","code":200}',0,NULL,'2025-09-15 01:13:52',30),(123,'合作商管理',1,'com.dkd.manage.controller.PartnerController.add()','POST',1,'admin','研发部门','/manage/partner','127.0.0.1','内网IP','{"account":"admin","contactPerson":"陈阳","createTime":"2025-09-15 09:25:43","id":6,"params":{},"partnerName":"陈阳合伙人","phone":"13545854525","profitRatio":50}','{"msg":"操作成功","code":200}',0,NULL,'2025-09-15 01:25:43',66),(124,'合作商管理',1,'com.dkd.manage.controller.PartnerController.add()','POST',1,'admin','研发部门','/manage/partner','127.0.0.1','内网IP','{"account":"wq","contactPerson":"王强","createTime":"2025-09-15 09:37:09","id":7,"params":{},"partnerName":"王强科技","phone":"13565854125","profitRatio":10}','{"msg":"操作成功","code":200}',0,NULL,'2025-09-15 01:37:11',122),(125,'合作商管理',2,'com.dkd.manage.controller.PartnerController.edit()','PUT',1,'admin','研发部门','/manage/partner','127.0.0.1','内网IP','{"account":"wq1","contactPerson":"王强","createTime":"2025-09-15 09:37:09","id":7,"params":{},"partnerName":"王强科技","phone":"13565854125","profitRatio":10,"updateBy":"admin","updateTime":"2025-09-15 09:39:07"}','{"msg":"操作成功","code":200}',0,NULL,'2025-09-15 01:39:36',25909),(126,'合作商管理',1,'com.dkd.manage.controller.PartnerController.add()','POST',1,'admin','研发部门','/manage/partner','127.0.0.1','内网IP','{"account":"wcy","contactPerson":"韦晨宇","createBy":"admin","createTime":"2025-09-15 09:41:10","id":8,"params":{},"partnerName":"韦晨宇科技","phone":"15245262356","profitRatio":20}','{"msg":"操作成功","code":200}',0,NULL,'2025-09-15 01:41:37',26861),(127,'合作商管理',2,'com.dkd.manage.controller.PartnerController.reset()','PUT',1,'admin','研发部门','/manage/partner/8','127.0.0.1','内网IP','8','{"msg":"操作成功","code":200}',0,NULL,'2025-09-15 07:59:20',319),(128,'合作商管理',2,'com.dkd.manage.controller.PartnerController.reset()','PUT',1,'admin','研发部门','/manage/partner/8','127.0.0.1','内网IP','8','{"msg":"操作成功","code":200}',0,NULL,'2025-09-15 08:23:03',247),(129,'合作商管理',2,'com.dkd.manage.controller.PartnerController.edit()','PUT',1,'admin','研发部门','/manage/partner','127.0.0.1','内网IP','{"account":"wq1","contactPerson":"王强","createBy":"admin","createTime":"2025-09-15 09:37:09","id":7,"params":{},"partnerName":"王强科技","phone":"13565854125","profitRatio":20,"updateBy":"admin","updateTime":"2025-09-15 16:24:30"}','{"msg":"操作成功","code":200}',0,NULL,'2025-09-15 08:24:30',74),(130,'合作商管理',2,'com.dkd.manage.controller.PartnerController.reset()','PUT',1,'admin','研发部门','/manage/partner/7','127.0.0.1','内网IP','7','{"msg":"操作成功","code":200}',0,NULL,'2025-09-15 08:25:49',118),(131,'合作商管理',2,'com.dkd.manage.controller.PartnerController.reset()','PUT',1,'admin','研发部门','/manage/partner/8','127.0.0.1','内网IP','8','{"msg":"操作成功","code":200}',0,NULL,'2025-09-15 16:37:17',137),(132,'合作商管理',2,'com.dkd.manage.controller.PartnerController.edit()','PUT',1,'admin','研发部门','/manage/partner','127.0.0.1','内网IP','{"account":"cy","contactPerson":"陈阳","createBy":"admin","createTime":"2025-09-15 09:25:44","id":6,"params":{},"partnerName":"陈阳合伙人","phone":"13545854525","profitRatio":50,"updateBy":"admin","updateTime":"2025-09-15 16:40:11"}','{"msg":"操作成功","code":200}',0,NULL,'2025-09-15 16:40:10',29),(133,'合作商管理',2,'com.dkd.manage.controller.PartnerController.reset()','PUT',1,'admin','研发部门','/manage/partner/7','127.0.0.1','内网IP','7','{"msg":"操作成功","code":200}',0,NULL,'2025-09-15 16:40:40',100),(134,'合作商管理',2,'com.dkd.manage.controller.PartnerController.reset()','PUT',1,'admin','研发部门','/manage/partner/6','127.0.0.1','内网IP','6','{"msg":"操作成功","code":200}',0,NULL,'2025-09-15 16:40:56',104),(135,'点位管理',2,'com.dkd.manage.controller.NodeController.edit()','PUT',1,'admin','研发部门','/manage/node','127.0.0.1','内网IP','{"addressDetail":"北京市海淀区清华西路28号","businessType":5,"createTime":"2025-09-15 09:12:33","id":11,"nodeName":"圆明园遗址公园","params":{},"partnerId":6,"regionId":2,"updateTime":"2025-09-15 19:24:13"}','{"msg":"操作成功","code":200}',0,NULL,'2025-09-15 19:24:13',199),(136,'点位管理',1,'com.dkd.manage.controller.NodeController.add()','POST',1,'admin','研发部门','/manage/node','127.0.0.1','内网IP','{"addressDetail":"北京市朝阳区国家体育场南路1号","businessType":5,"createTime":"2025-09-15 19:49:13","id":12,"nodeName":"北京奥运博物馆","params":{},"partnerId":1,"regionId":11}','{"msg":"操作成功","code":200}',0,NULL,'2025-09-15 19:49:13',649),(137,'点位管理',2,'com.dkd.manage.controller.NodeController.edit()','PUT',1,'admin','研发部门','/manage/node','127.0.0.1','内网IP','{"addressDetail":"北京市朝阳区国家体育场南路1号哦","businessType":5,"createBy":"admin","createTime":"2025-09-15 19:49:14","id":12,"nodeName":"北京奥运博物馆","params":{},"partnerId":1,"regionId":11,"updateTime":"2025-09-15 19:52:13"}','{"msg":"操作成功","code":200}',0,NULL,'2025-09-15 19:52:14',42),(138,'字典类型',1,'com.dkd.web.controller.system.SysDictTypeController.add()','POST',1,'admin','研发部门','/system/dict/type','127.0.0.1','内网IP','{"createBy":"admin","dictName":"设备状态","dictType":"vm_status","params":{},"status":"0"}','{"msg":"操作成功","code":200}',0,NULL,'2025-09-16 03:07:58',208),(139,'字典数据',1,'com.dkd.web.controller.system.SysDictDataController.add()','POST',1,'admin','研发部门','/system/dict/data','127.0.0.1','内网IP','{"createBy":"admin","default":false,"dictLabel":"未投放","dictSort":1,"dictType":"vm_status","dictValue":"0","listClass":"default","params":{},"status":"0"}','{"msg":"操作成功","code":200}',0,NULL,'2025-09-16 03:08:22',29),(140,'字典数据',1,'com.dkd.web.controller.system.SysDictDataController.add()','POST',1,'admin','研发部门','/system/dict/data','127.0.0.1','内网IP','{"createBy":"admin","default":false,"dictLabel":"运营","dictSort":2,"dictType":"vm_status","dictValue":"1","listClass":"default","params":{},"status":"0"}','{"msg":"操作成功","code":200}',0,NULL,'2025-09-16 03:08:39',22),(141,'字典数据',1,'com.dkd.web.controller.system.SysDictDataController.add()','POST',1,'admin','研发部门','/system/dict/data','127.0.0.1','内网IP','{"createBy":"admin","default":false,"dictLabel":"待维修","dictSort":3,"dictType":"vm_status","dictValue":"2","listClass":"default","params":{},"status":"0"}','{"msg":"操作成功","code":200}',0,NULL,'2025-09-16 03:08:53',21),(142,'字典数据',1,'com.dkd.web.controller.system.SysDictDataController.add()','POST',1,'admin','研发部门','/system/dict/data','127.0.0.1','内网IP','{"createBy":"admin","default":false,"dictLabel":"撤机","dictSort":5,"dictType":"vm_status","dictValue":"3","listClass":"default","params":{},"status":"0"}','{"msg":"操作成功","code":200}',0,NULL,'2025-09-16 03:09:10',23),(143,'字典数据',2,'com.dkd.web.controller.system.SysDictDataController.edit()','PUT',1,'admin','研发部门','/system/dict/data','127.0.0.1','内网IP','{"createBy":"admin","createTime":"2025-09-16 03:09:10","default":false,"dictCode":108,"dictLabel":"撤机","dictSort":4,"dictType":"vm_status","dictValue":"3","isDefault":"N","listClass":"default","params":{},"status":"0","updateBy":"admin"}','{"msg":"操作成功","code":200}',0,NULL,'2025-09-16 03:10:15',38),(144,'合作商管理',3,'com.dkd.manage.controller.PartnerController.remove()','DELETE',1,'admin','研发部门','/manage/partner/6','127.0.0.1','内网IP','{}',NULL,1,'nested exception is org.apache.ibatis.binding.BindingException: Parameter \'array\' not found. Available parameters are [ids, param1]','2025-09-16 06:53:11',17),(145,'合作商管理',3,'com.dkd.manage.controller.PartnerController.remove()','DELETE',1,'admin','研发部门','/manage/partner/1','127.0.0.1','内网IP','{}',NULL,1,'该合作商下有点位信息,分别有：国贸大厦A座电梯口','2025-09-16 06:57:15',56),(146,'合作商管理',3,'com.dkd.manage.controller.PartnerController.remove()','DELETE',1,'admin','研发部门','/manage/partner/1','127.0.0.1','内网IP','{}',NULL,1,'该合作商下有点位信息,分别有：国贸大厦A座电梯口','2025-09-16 06:57:21',14),(147,'合作商管理',3,'com.dkd.manage.controller.PartnerController.remove()','DELETE',1,'admin','研发部门','/manage/partner/2','127.0.0.1','内网IP','{}',NULL,1,'该合作商下有点位信息,分别有：中关村创业大街入口','2025-09-16 06:57:29',9),(148,'合作商管理',3,'com.dkd.manage.controller.PartnerController.remove()','DELETE',1,'admin','研发部门','/manage/partner/1','127.0.0.1','内网IP','{}',NULL,1,'该合作商下有点位信息,分别有：国贸大厦A座电梯口','2025-09-16 06:58:45',13),(149,'合作商管理',3,'com.dkd.manage.controller.PartnerController.remove()','DELETE',1,'admin','研发部门','/manage/partner/1','127.0.0.1','内网IP','{}',NULL,1,'该合作商下有点位信息,分别有：国贸大厦A座电梯口','2025-09-16 07:00:52',21),(150,'合作商管理',3,'com.dkd.manage.controller.PartnerController.remove()','DELETE',1,'admin','研发部门','/manage/partner/1','127.0.0.1','内网IP','{}',NULL,1,'该管理下有点位信息,有：国贸大厦A座电梯口、丰台火车站出站口、顺义空港物流园、北京奥运博物馆','2025-09-16 07:30:54',34),(151,'区域管理',3,'com.dkd.manage.controller.RegionController.remove()','DELETE',1,'admin','研发部门','/manage/region/6','127.0.0.1','内网IP','{}',NULL,1,'该管理下有点位信息,有：首钢园文创广场','2025-09-16 07:31:21',12),(152,'区域管理',3,'com.dkd.manage.controller.RegionController.remove()','DELETE',1,'admin','研发部门','/manage/region/4','127.0.0.1','内网IP','{}',NULL,1,'该管理下有点位信息,有：金融街购物中心','2025-09-16 07:31:29',11),(153,'区域管理',3,'com.dkd.manage.controller.RegionController.remove()','DELETE',1,'admin','研发部门','/manage/region/3','127.0.0.1','内网IP','{}',NULL,1,'该管理下有点位信息,有：故宫东华门公交站','2025-09-16 07:31:35',12),(154,'区域管理',3,'com.dkd.manage.controller.RegionController.remove()','DELETE',1,'admin','研发部门','/manage/region/3','127.0.0.1','内网IP','{}',NULL,1,'该管理下有点位信息,有：故宫东华门公交站','2025-09-16 07:31:47',12),(155,'点位管理',1,'com.dkd.manage.controller.NodeController.add()','POST',1,'admin','研发部门','/manage/node','127.0.0.1','内网IP','{"addressDetail":"123","businessType":3,"createBy":"admin","id":13,"nodeName":"222","params":{},"partnerId":2,"regionId":2}','{"msg":"操作成功","code":200}',0,NULL,'2025-09-16 07:32:15',28),(156,'点位管理',2,'com.dkd.manage.controller.NodeController.edit()','PUT',1,'admin','研发部门','/manage/node','127.0.0.1','内网IP','{"addressDetail":"12313123","businessType":3,"createBy":"admin","createTime":"2025-09-16 07:32:15","id":13,"nodeName":"222","params":{},"partnerId":2,"regionId":2,"updateTime":"2025-09-16 15:32:20"}','{"msg":"操作成功","code":200}',0,NULL,'2025-09-16 07:32:19',29),(157,'点位管理',1,'com.dkd.manage.controller.NodeController.add()','POST',1,'admin','研发部门','/manage/node','127.0.0.1','内网IP','{"addressDetail":"wq","businessType":1,"createBy":"admin","id":14,"nodeName":"wq ","params":{},"partnerId":1,"regionId":1}','{"msg":"操作成功","code":200}',0,NULL,'2025-09-16 07:34:17',43),(158,'点位管理',3,'com.dkd.manage.controller.NodeController.remove()','DELETE',1,'admin','研发部门','/manage/node/13','127.0.0.1','内网IP','{}','{"msg":"操作成功","code":200}',0,NULL,'2025-09-16 15:44:22',36),(159,'点位管理',3,'com.dkd.manage.controller.NodeController.remove()','DELETE',1,'admin','研发部门','/manage/node/14','127.0.0.1','内网IP','{}','{"msg":"操作成功","code":200}',0,NULL,'2025-09-16 15:44:25',20),(160,'点位管理',1,'com.dkd.manage.controller.NodeController.add()','POST',1,'admin','研发部门','/manage/node','127.0.0.1','内网IP','{"addressDetail":"q11","businessType":1,"createBy":"admin","id":15,"nodeName":"w","params":{},"partnerId":2,"regionId":1}','{"msg":"操作成功","code":200}',0,NULL,'2025-09-16 15:44:46',26),(161,'区域管理',3,'com.dkd.manage.controller.RegionController.remove()','DELETE',1,'admin','研发部门','/manage/region/12','127.0.0.1','内网IP','{}','{"msg":"操作成功","code":200}',0,NULL,'2025-09-16 15:45:31',35),(162,'点位管理',3,'com.dkd.manage.controller.NodeController.remove()','DELETE',1,'admin','研发部门','/manage/node/15','127.0.0.1','内网IP','{}','{"msg":"操作成功","code":200}',0,NULL,'2025-09-16 16:59:21',64),(163,'字典类型',1,'com.dkd.web.controller.system.SysDictTypeController.add()','POST',1,'admin','研发部门','/system/dict/type','127.0.0.1','内网IP','{"createBy":"admin","dictName":"员工状态","dictType":"emp_staus","params":{},"status":"0"}','{"msg":"操作成功","code":200}',0,NULL,'2025-09-17 00:52:52',42),(164,'字典数据',1,'com.dkd.web.controller.system.SysDictDataController.add()','POST',1,'admin','研发部门','/system/dict/data','127.0.0.1','内网IP','{"createBy":"admin","default":false,"dictLabel":"启用","dictSort":1,"dictType":"emp_staus","dictValue":"1","listClass":"default","params":{},"status":"0"}','{"msg":"操作成功","code":200}',0,NULL,'2025-09-17 00:53:12',36),(165,'字典数据',1,'com.dkd.web.controller.system.SysDictDataController.add()','POST',1,'admin','研发部门','/system/dict/data','127.0.0.1','内网IP','{"createBy":"admin","default":false,"dictLabel":"停用","dictSort":2,"dictType":"emp_staus","dictValue":"0","listClass":"default","params":{},"status":"0"}','{"msg":"操作成功","code":200}',0,NULL,'2025-09-17 00:53:31',23),(166,'代码生成',6,'com.dkd.generator.controller.GenController.importTableSave()','POST',1,'admin','研发部门','/tool/gen/importTable','127.0.0.1','内网IP','{"tables":"tb_emp,tb_role"}','{"msg":"操作成功","code":200}',0,NULL,'2025-09-17 00:54:17',242),(167,'菜单管理',1,'com.dkd.web.controller.system.SysMenuController.add()','POST',1,'admin','研发部门','/system/menu','127.0.0.1','内网IP','{"children":[],"createBy":"admin","icon":"peoples","isCache":"0","isFrame":"1","menuName":"人员管理","menuType":"M","orderNum":3,"params":{},"parentId":0,"path":"manage/","status":"0","visible":"0"}','{"msg":"操作成功","code":200}',0,NULL,'2025-09-17 01:00:35',31),(168,'菜单管理',2,'com.dkd.web.controller.system.SysMenuController.edit()','PUT',1,'admin','研发部门','/system/menu','127.0.0.1','内网IP','{"children":[],"createTime":"2025-09-17 01:00:35","icon":"peoples","isCache":"0","isFrame":"1","menuId":2019,"menuName":"人员管理","menuType":"M","orderNum":3,"params":{},"parentId":0,"path":"people","perms":"","status":"0","updateBy":"admin","visible":"0"}','{"msg":"操作成功","code":200}',0,NULL,'2025-09-17 01:01:16',18),(169,'菜单管理',2,'com.dkd.web.controller.system.SysMenuController.edit()','PUT',1,'admin','研发部门','/system/menu','127.0.0.1','内网IP','{"children":[],"createTime":"2025-09-17 01:00:35","icon":"peoples","isCache":"0","isFrame":"1","menuId":2019,"menuName":"人员管理","menuType":"M","orderNum":4,"params":{},"parentId":0,"path":"people","perms":"","status":"0","updateBy":"admin","visible":"0"}','{"msg":"操作成功","code":200}',0,NULL,'2025-09-17 01:16:36',19),(170,'菜单管理',2,'com.dkd.web.controller.system.SysMenuController.edit()','PUT',1,'admin','研发部门','/system/menu','127.0.0.1','内网IP','{"children":[],"createTime":"2025-09-17 01:00:35","icon":"peoples","isCache":"0","isFrame":"1","menuId":2019,"menuName":"人员管理","menuType":"M","orderNum":4,"params":{},"parentId":0,"path":"emp","perms":"","status":"0","updateBy":"admin","visible":"0"}','{"msg":"操作成功","code":200}',0,NULL,'2025-09-17 01:16:51',22),(171,'代码生成',2,'com.dkd.generator.controller.GenController.editSave()','PUT',1,'admin','研发部门','/tool/gen','127.0.0.1','内网IP','{"businessName":"emp","className":"Emp","columns":[{"capJavaField":"Id","columnComment":"主键","columnId":31,"columnName":"id","columnType":"int","createBy":"admin","createTime":"2025-09-17 00:54:17","dictType":"","edit":false,"htmlType":"input","increment":true,"insert":false,"isIncrement":"1","isInsert":"0","isPk":"1","isRequired":"0","javaField":"id","javaType":"Long","list":false,"params":{},"pk":true,"query":false,"queryType":"EQ","required":false,"sort":1,"superColumn":false,"tableId":4,"updateBy":"","usableColumn":false},{"capJavaField":"UserName","columnComment":"人员名称","columnId":32,"columnName":"user_name","columnType":"varchar(50)","createBy":"admin","createTime":"2025-09-17 00:54:17","dictType":"","edit":true,"htmlType":"input","increment":false,"insert":true,"isEdit":"1","isIncrement":"0","isInsert":"1","isList":"1","isPk":"0","isQuery":"1","isRequired":"1","javaField":"userName","javaType":"String","list":true,"params":{},"pk":false,"query":true,"queryType":"LIKE","required":true,"sort":2,"superColumn":false,"tableId":4,"updateBy":"","usableColumn":false},{"capJavaField":"RegionId","columnComment":"负责区域","columnId":33,"columnName":"region_id","columnType":"bigint","createBy":"admin","createTime":"2025-09-17 00:54:17","dictType":"","edit":true,"htmlType":"select","increment":false,"insert":true,"isEdit":"1","isIncrement":"0","isInsert":"1","isList":"0","isPk":"0","isQuery":"0","isRequired":"1","javaField":"regionId","javaType":"Long","list":false,"params":{},"pk":false,"query":false,"queryType":"EQ","required":true,"sort":3,"superColumn":false,"tableId":4,"updateBy":"","usableColumn":false},{"capJavaField":"RegionName","columnComment":"归属区域","columnId":34,"columnName":"region_name","columnType":"varchar(50)","createBy":"admin","createTime":"2025-09-17 00:54:17","dictType":"","edit":false,"htmlType":"input","increment":false,"insert":false,"isEdit":"0","isIncrement":"0","isInsert":"0","isList":"1","isPk":"0","isQuery":"0","isRequired":"0","javaField":"regio','{"msg":"操作成功","code":200}',0,NULL,'2025-09-17 01:17:26',100),(172,'代码生成',2,'com.dkd.generator.controller.GenController.editSave()','PUT',1,'admin','研发部门','/tool/gen','127.0.0.1','内网IP','{"businessName":"emp","className":"Emp","columns":[{"capJavaField":"Id","columnComment":"主键","columnId":31,"columnName":"id","columnType":"int","createBy":"admin","createTime":"2025-09-17 00:54:17","dictType":"","edit":false,"htmlType":"input","increment":true,"insert":false,"isIncrement":"1","isInsert":"0","isPk":"1","isRequired":"0","javaField":"id","javaType":"Long","list":false,"params":{},"pk":true,"query":false,"queryType":"EQ","required":false,"sort":1,"superColumn":false,"tableId":4,"updateBy":"","updateTime":"2025-09-17 01:17:26","usableColumn":false},{"capJavaField":"UserName","columnComment":"人员名称","columnId":32,"columnName":"user_name","columnType":"varchar(50)","createBy":"admin","createTime":"2025-09-17 00:54:17","dictType":"","edit":true,"htmlType":"input","increment":false,"insert":true,"isEdit":"1","isIncrement":"0","isInsert":"1","isList":"1","isPk":"0","isQuery":"1","isRequired":"1","javaField":"userName","javaType":"String","list":true,"params":{},"pk":false,"query":true,"queryType":"LIKE","required":true,"sort":2,"superColumn":false,"tableId":4,"updateBy":"","updateTime":"2025-09-17 01:17:26","usableColumn":false},{"capJavaField":"RegionId","columnComment":"负责区域","columnId":33,"columnName":"region_id","columnType":"bigint","createBy":"admin","createTime":"2025-09-17 00:54:17","dictType":"","edit":true,"htmlType":"input","increment":false,"insert":true,"isEdit":"1","isIncrement":"0","isInsert":"1","isList":"0","isPk":"0","isQuery":"1","isRequired":"1","javaField":"regionId","javaType":"Long","list":false,"params":{},"pk":false,"query":true,"queryType":"EQ","required":true,"sort":3,"superColumn":false,"tableId":4,"updateBy":"","updateTime":"2025-09-17 01:17:26","usableColumn":false},{"capJavaField":"RegionName","columnComment":"归属区域","columnId":34,"columnName":"region_name","columnType":"varchar(50)","createBy":"admin","createTime":"2025-09-17 00:54:17","dictType":"","edit":false,"htmlType":"input","increment":false,"insert":false,"isEdit":"0","is','{"msg":"操作成功","code":200}',0,NULL,'2025-09-17 01:23:04',98),(173,'代码生成',2,'com.dkd.generator.controller.GenController.editSave()','PUT',1,'admin','研发部门','/tool/gen','127.0.0.1','内网IP','{"businessName":"role","className":"TbRole","columns":[{"capJavaField":"RoleId","columnId":43,"columnName":"role_id","columnType":"int","createBy":"admin","createTime":"2025-09-17 00:54:17","dictType":"","edit":false,"htmlType":"input","increment":true,"insert":true,"isIncrement":"1","isInsert":"1","isPk":"1","isRequired":"0","javaField":"roleId","javaType":"Long","list":false,"params":{},"pk":true,"query":false,"queryType":"EQ","required":false,"sort":1,"superColumn":false,"tableId":5,"updateBy":"","usableColumn":false},{"capJavaField":"RoleCode","columnComment":"角色编码","columnId":44,"columnName":"role_code","columnType":"varchar(50)","createBy":"admin","createTime":"2025-09-17 00:54:17","dictType":"","edit":true,"htmlType":"input","increment":false,"insert":true,"isEdit":"1","isIncrement":"0","isInsert":"1","isList":"1","isPk":"0","isQuery":"1","isRequired":"0","javaField":"roleCode","javaType":"String","list":true,"params":{},"pk":false,"query":true,"queryType":"EQ","required":false,"sort":2,"superColumn":false,"tableId":5,"updateBy":"","usableColumn":false},{"capJavaField":"RoleName","columnComment":"角色名称","columnId":45,"columnName":"role_name","columnType":"varchar(50)","createBy":"admin","createTime":"2025-09-17 00:54:17","dictType":"","edit":true,"htmlType":"input","increment":false,"insert":true,"isEdit":"1","isIncrement":"0","isInsert":"1","isList":"1","isPk":"0","isQuery":"1","isRequired":"0","javaField":"roleName","javaType":"String","list":true,"params":{},"pk":false,"query":true,"queryType":"LIKE","required":false,"sort":3,"superColumn":false,"tableId":5,"updateBy":"","usableColumn":false}],"crud":true,"functionAuthor":"ruoyi","functionName":"工单角色","genPath":"/","genType":"0","moduleName":"system","options":"{\\"parentMenuId\\":2019}","packageName":"com.dkd.system","params":{"parentMenuId":2019},"parentMenuId":"2019","sub":false,"tableComment":"工单角色表","tableId":5,"tableName":"tb_role","tplCategory":"crud","tplWebType":"element-plus","tree":false}','{"msg":"操作成功","code":200}',0,NULL,'2025-09-17 01:23:42',42),(174,'代码生成',2,'com.dkd.generator.controller.GenController.editSave()','PUT',1,'admin','研发部门','/tool/gen','127.0.0.1','内网IP','{"businessName":"role","className":"TbRole","columns":[{"capJavaField":"RoleId","columnId":43,"columnName":"role_id","columnType":"int","createBy":"admin","createTime":"2025-09-17 00:54:17","dictType":"","edit":false,"htmlType":"input","increment":true,"insert":true,"isIncrement":"1","isInsert":"1","isPk":"1","isRequired":"0","javaField":"roleId","javaType":"Long","list":false,"params":{},"pk":true,"query":false,"queryType":"EQ","required":false,"sort":1,"superColumn":false,"tableId":5,"updateBy":"","updateTime":"2025-09-17 01:23:42","usableColumn":false},{"capJavaField":"RoleCode","columnComment":"角色编码","columnId":44,"columnName":"role_code","columnType":"varchar(50)","createBy":"admin","createTime":"2025-09-17 00:54:17","dictType":"","edit":true,"htmlType":"input","increment":false,"insert":true,"isEdit":"1","isIncrement":"0","isInsert":"1","isList":"1","isPk":"0","isQuery":"1","isRequired":"0","javaField":"roleCode","javaType":"String","list":true,"params":{},"pk":false,"query":true,"queryType":"EQ","required":false,"sort":2,"superColumn":false,"tableId":5,"updateBy":"","updateTime":"2025-09-17 01:23:42","usableColumn":false},{"capJavaField":"RoleName","columnComment":"角色名称","columnId":45,"columnName":"role_name","columnType":"varchar(50)","createBy":"admin","createTime":"2025-09-17 00:54:17","dictType":"","edit":true,"htmlType":"input","increment":false,"insert":true,"isEdit":"1","isIncrement":"0","isInsert":"1","isList":"1","isPk":"0","isQuery":"1","isRequired":"0","javaField":"roleName","javaType":"String","list":true,"params":{},"pk":false,"query":true,"queryType":"LIKE","required":false,"sort":3,"superColumn":false,"tableId":5,"updateBy":"","updateTime":"2025-09-17 01:23:42","usableColumn":false}],"crud":true,"functionAuthor":"ruoyi","functionName":"工单角色","genPath":"/","genType":"0","moduleName":"manage","options":"{\\"parentMenuId\\":\\"2019\\"}","packageName":"com.dkd.manage","params":{"parentMenuId":"2019"},"parentMenuId":"2019","sub":false,"tableComment":"工单','{"msg":"操作成功","code":200}',0,NULL,'2025-09-17 01:24:05',38),(175,'代码生成',2,'com.dkd.generator.controller.GenController.editSave()','PUT',1,'admin','研发部门','/tool/gen','127.0.0.1','内网IP','{"businessName":"role","className":"Role","columns":[{"capJavaField":"RoleId","columnId":43,"columnName":"role_id","columnType":"int","createBy":"admin","createTime":"2025-09-17 00:54:17","dictType":"","edit":false,"htmlType":"input","increment":true,"insert":true,"isIncrement":"1","isInsert":"1","isPk":"1","isRequired":"0","javaField":"roleId","javaType":"Long","list":false,"params":{},"pk":true,"query":false,"queryType":"EQ","required":false,"sort":1,"superColumn":false,"tableId":5,"updateBy":"","updateTime":"2025-09-17 01:24:05","usableColumn":false},{"capJavaField":"RoleCode","columnComment":"角色编码","columnId":44,"columnName":"role_code","columnType":"varchar(50)","createBy":"admin","createTime":"2025-09-17 00:54:17","dictType":"","edit":true,"htmlType":"input","increment":false,"insert":true,"isEdit":"1","isIncrement":"0","isInsert":"1","isList":"1","isPk":"0","isQuery":"1","isRequired":"0","javaField":"roleCode","javaType":"String","list":true,"params":{},"pk":false,"query":true,"queryType":"EQ","required":false,"sort":2,"superColumn":false,"tableId":5,"updateBy":"","updateTime":"2025-09-17 01:24:05","usableColumn":false},{"capJavaField":"RoleName","columnComment":"角色名称","columnId":45,"columnName":"role_name","columnType":"varchar(50)","createBy":"admin","createTime":"2025-09-17 00:54:17","dictType":"","edit":true,"htmlType":"input","increment":false,"insert":true,"isEdit":"1","isIncrement":"0","isInsert":"1","isList":"1","isPk":"0","isQuery":"1","isRequired":"0","javaField":"roleName","javaType":"String","list":true,"params":{},"pk":false,"query":true,"queryType":"LIKE","required":false,"sort":3,"superColumn":false,"tableId":5,"updateBy":"","updateTime":"2025-09-17 01:24:05","usableColumn":false}],"crud":true,"functionAuthor":"ruoyi","functionName":"工单角色","genPath":"/","genType":"0","moduleName":"manage","options":"{\\"parentMenuId\\":\\"2019\\"}","packageName":"com.dkd.manage","params":{"parentMenuId":"2019"},"parentMenuId":"2019","sub":false,"tableComment":"工单角色','{"msg":"操作成功","code":200}',0,NULL,'2025-09-17 01:24:53',45),(176,'代码生成',8,'com.dkd.generator.controller.GenController.batchGenCode()','GET',1,'admin','研发部门','/tool/gen/batchGenCode','127.0.0.1','内网IP','{"tables":"tb_emp,tb_role"}',NULL,0,NULL,'2025-09-17 01:25:27',328),(177,'菜单管理',2,'com.dkd.web.controller.system.SysMenuController.edit()','PUT',1,'admin','研发部门','/system/menu','127.0.0.1','内网IP','{"children":[],"component":"manage/emp/index","createTime":"2025-09-17 01:26:21","icon":"人员列表","isCache":"0","isFrame":"1","menuId":2020,"menuName":"人员列表","menuType":"C","orderNum":1,"params":{},"parentId":2019,"path":"emp","perms":"manage:emp:list","status":"0","updateBy":"admin","visible":"0"}','{"msg":"操作成功","code":200}',0,NULL,'2025-09-17 01:37:45',41),(178,'菜单管理',2,'com.dkd.web.controller.system.SysMenuController.edit()','PUT',1,'admin','研发部门','/system/menu','127.0.0.1','内网IP','{"children":[],"component":"manage/emp/index","createTime":"2025-09-17 01:26:21","icon":"人员列表","isCache":"0","isFrame":"1","menuId":2020,"menuName":"人员列表","menuType":"C","orderNum":1,"params":{},"parentId":2019,"path":"emp","perms":"manage:emp:list","status":"0","updateBy":"admin","visible":"0"}','{"msg":"操作成功","code":200}',0,NULL,'2025-09-17 01:40:11',28),(179,'菜单管理',2,'com.dkd.web.controller.system.SysMenuController.edit()','PUT',1,'admin','研发部门','/system/menu','127.0.0.1','内网IP','{"children":[],"component":"manage/emp/index","createTime":"2025-09-17 01:26:21","icon":"策略管理","isCache":"0","isFrame":"1","menuId":2020,"menuName":"人员列表","menuType":"C","orderNum":1,"params":{},"parentId":2019,"path":"emp","perms":"manage:emp:list","status":"0","updateBy":"admin","visible":"0"}','{"msg":"操作成功","code":200}',0,NULL,'2025-09-17 01:41:15',30),(180,'菜单管理',2,'com.dkd.web.controller.system.SysMenuController.edit()','PUT',1,'admin','研发部门','/system/menu','127.0.0.1','内网IP','{"children":[],"component":"manage/emp/index","createTime":"2025-09-17 01:26:21","icon":"人员列表","isCache":"0","isFrame":"1","menuId":2020,"menuName":"人员列表","menuType":"C","orderNum":1,"params":{},"parentId":2019,"path":"emp","perms":"manage:emp:list","status":"0","updateBy":"admin","visible":"0"}','{"msg":"操作成功","code":200}',0,NULL,'2025-09-17 01:43:40',22),(181,'人员列表',1,'com.dkd.manage.controller.EmpController.add()','POST',1,'admin','研发部门','/manage/emp','127.0.0.1','内网IP','{"createTime":"2025-09-17 10:34:05","id":65,"image":"/profile/upload/2025/09/17/1684223713248126_20250917103357A001.jpg","mobile":"13525489653","params":{},"regionId":4,"roleCode":"1003","status":1,"userName":"柳如烟"}','{"msg":"操作成功","code":200}',0,NULL,'2025-09-17 02:34:05',92),(182,'人员列表',2,'com.dkd.manage.controller.EmpController.edit()','PUT',1,'admin','研发部门','/manage/emp','127.0.0.1','内网IP','{"createTime":"2025-09-17 10:34:06","id":65,"image":"/profile/upload/2025/09/17/1684223713248126_20250917103357A001.jpg","mobile":"13525489653","params":{},"regionId":4,"roleCode":"1003","status":0,"updateTime":"2025-09-17 10:36:55","userName":"柳如烟"}','{"msg":"操作成功","code":200}',0,NULL,'2025-09-17 02:36:55',36),(183,'人员列表',3,'com.dkd.manage.controller.EmpController.remove()','DELETE',1,'admin','研发部门','/manage/emp/65','127.0.0.1','内网IP','{}','{"msg":"操作成功","code":200}',0,NULL,'2025-09-17 02:47:16',40),(184,'人员列表',2,'com.dkd.manage.controller.EmpController.edit()','PUT',1,'admin','研发部门','/manage/emp','127.0.0.1','内网IP','{"createTime":"2025-09-14 06:03:38","id":64,"image":"https://example.com/avatar/liushier.jpg","mobile":"13800138009","params":{},"regionId":10,"regionName":"顺义区","roleCode":"1001","roleId":2,"roleName":"工单管理员","status":1,"updateTime":"2025-09-17 10:51:11","userName":"刘十二"}','{"msg":"操作成功","code":200}',0,NULL,'2025-09-17 02:51:13',45),(185,'人员列表',1,'com.dkd.manage.controller.EmpController.add()','POST',1,'admin','研发部门','/manage/emp','127.0.0.1','内网IP','{"id":66,"image":"/profile/upload/2025/09/17/4_20250917105212A002.jpg","mobile":"13195587896","params":{},"regionId":3,"regionName":"东城区","roleCode":"1002","roleId":2,"roleName":"运营员","status":1,"userName":"阿饿"}','{"msg":"操作成功","code":200}',0,NULL,'2025-09-17 02:52:32',42),(186,'区域管理',2,'com.dkd.manage.controller.RegionController.edit()','PUT',1,'admin','研发部门','/manage/region','127.0.0.1','内网IP','{"createBy":"admin","createTime":"2025-09-14 06:03:38","id":10,"params":{},"regionName":"顺义东区","remark":"航空港与高端居住区","updateTime":"2025-09-14 06:03:38"}','{"msg":"操作失败","code":500}',0,NULL,'2025-09-17 03:04:57',84),(187,'区域管理',2,'com.dkd.manage.controller.RegionController.edit()','PUT',1,'admin','研发部门','/manage/region','127.0.0.1','内网IP','{"createBy":"admin","createTime":"2025-09-14 06:03:38","id":10,"params":{},"regionName":"顺义东区","remark":"航空港与高端居住区","updateTime":"2025-09-14 06:03:38"}','{"msg":"操作失败","code":500}',0,NULL,'2025-09-17 03:09:47',47),(188,'区域管理',2,'com.dkd.manage.controller.RegionController.edit()','PUT',1,'admin','研发部门','/manage/region','127.0.0.1','内网IP','{"createBy":"admin","createTime":"2025-09-14 06:03:38","id":1,"params":{},"regionName":"照阳区","remark":"北京市核心商务区","updateTime":"2025-09-14 06:03:38"}','{"msg":"操作成功","code":200}',0,NULL,'2025-09-17 03:25:02',75),(189,'区域管理',2,'com.dkd.manage.controller.RegionController.edit()','PUT',1,'admin','研发部门','/manage/region','127.0.0.1','内网IP','{"createBy":"admin","createTime":"2025-09-14 06:03:38","id":1,"params":{},"regionName":"朝阳区","remark":"北京市核心商务区","updateTime":"2025-09-14 06:03:38"}','{"msg":"操作成功","code":200}',0,NULL,'2025-09-17 03:25:26',33),(190,'人员列表',1,'com.dkd.manage.controller.EmpController.add()','POST',1,'admin','研发部门','/manage/emp','127.0.0.1','内网IP','{"id":67,"image":"https://javacz-luo.oss-cn-beijing.aliyuncs.com/dkd-images/2025/09/17/68ca8083663bda84fb87547c.png","mobile":"13541524865","params":{},"regionId":2,"regionName":"海淀区","roleCode":"1002","roleId":2,"roleName":"运营员","status":1,"userName":"王强"}','{"msg":"操作成功","code":200}',0,NULL,'2025-09-17 09:34:06',209),(191,'人员列表',2,'com.dkd.manage.controller.EmpController.edit()','PUT',1,'admin','研发部门','/manage/emp','127.0.0.1','内网IP','{"createTime":"2025-09-14 06:03:38","id":55,"image":"https://javacz-luo.oss-cn-beijing.aliyuncs.com/dkd-images/2025/09/17/68ca81a4663bda84fb87547d.png","mobile":"13800138000","params":{},"regionId":1,"regionName":"朝阳区","roleCode":"1001","roleId":1,"roleName":"工单管理员","status":1,"updateTime":"2025-09-17 08:24:15","userName":"张三"}','{"msg":"操作成功","code":200}',0,NULL,'2025-09-17 09:38:48',72),(192,'菜单管理',1,'com.dkd.web.controller.system.SysMenuController.add()','POST',1,'admin','研发部门','/system/menu','127.0.0.1','内网IP','{"children":[],"createBy":"admin","icon":"list","isCache":"0","isFrame":"1","menuName":"工作量列表","menuType":"C","orderNum":2,"params":{},"parentId":0,"path":"work","status":"0","visible":"0"}','{"msg":"操作成功","code":200}',0,NULL,'2025-09-17 10:25:14',199),(193,'菜单管理',2,'com.dkd.web.controller.system.SysMenuController.edit()','PUT',1,'admin','研发部门','/system/menu','127.0.0.1','内网IP','{"children":[],"createTime":"2025-09-17 10:25:14","icon":"list","isCache":"0","isFrame":"1","menuId":2026,"menuName":"工作量列表","menuType":"C","orderNum":2,"params":{},"parentId":2019,"path":"work","perms":"","status":"0","updateBy":"admin","visible":"0"}','{"msg":"操作成功","code":200}',0,NULL,'2025-09-17 10:26:14',28),(194,'菜单管理',2,'com.dkd.web.controller.system.SysMenuController.edit()','PUT',1,'admin','研发部门','/system/menu','127.0.0.1','内网IP','{"children":[],"component":"manage/work/index","createTime":"2025-09-17 10:25:14","icon":"list","isCache":"0","isFrame":"1","menuId":2026,"menuName":"工作量列表","menuType":"C","orderNum":2,"params":{},"parentId":2019,"path":"work","perms":"","status":"0","updateBy":"admin","visible":"0"}','{"msg":"操作成功","code":200}',0,NULL,'2025-09-17 10:27:47',18),(195,'代码生成',6,'com.dkd.generator.controller.GenController.importTableSave()','POST',1,'admin','研发部门','/tool/gen/importTable','127.0.0.1','内网IP','{"tables":"tb_task_collect"}','{"msg":"操作成功","code":200}',0,NULL,'2025-09-17 10:33:21',167),(196,'菜单管理',2,'com.dkd.web.controller.system.SysMenuController.edit()','PUT',1,'admin','研发部门','/system/menu','127.0.0.1','内网IP','{"children":[],"component":"manage/personnel/emp/index","createTime":"2025-09-17 01:26:21","icon":"人员列表","isCache":"0","isFrame":"1","menuId":2020,"menuName":"人员列表","menuType":"C","orderNum":1,"params":{},"parentId":2019,"path":"emp","perms":"manage:emp:list","status":"0","updateBy":"admin","visible":"0"}','{"msg":"操作成功","code":200}',0,NULL,'2025-09-17 11:11:12',54),(197,'菜单管理',2,'com.dkd.web.controller.system.SysMenuController.edit()','PUT',1,'admin','研发部门','/system/menu','127.0.0.1','内网IP','{"children":[],"component":"manage/personnel/work/index","createTime":"2025-09-17 10:25:14","icon":"list","isCache":"0","isFrame":"1","menuId":2026,"menuName":"工作量列表","menuType":"C","orderNum":2,"params":{},"parentId":2019,"path":"work","perms":"","status":"0","updateBy":"admin","visible":"0"}','{"msg":"操作成功","code":200}',0,NULL,'2025-09-17 11:15:28',21),(198,'菜单管理',2,'com.dkd.web.controller.system.SysMenuController.edit()','PUT',1,'admin','研发部门','/system/menu','127.0.0.1','内网IP','{"children":[],"component":"manage/personnel/work/index","createTime":"2025-09-17 10:25:14","icon":"list","isCache":"0","isFrame":"1","menuId":2026,"menuName":"工作量列表","menuType":"C","orderNum":2,"params":{},"parentId":2019,"path":"work","perms":"manage/empworkload/list","status":"0","updateBy":"admin","visible":"0"}','{"msg":"操作成功","code":200}',0,NULL,'2025-09-17 11:17:34',24),(199,'菜单管理',1,'com.dkd.web.controller.system.SysMenuController.add()','POST',1,'admin','研发部门','/system/menu','127.0.0.1','内网IP','{"children":[],"createBy":"admin","isCache":"0","isFrame":"1","menuName":"人员工作量查询","menuType":"F","orderNum":1,"params":{},"parentId":2026,"perms":"manage:empworkload:list","status":"0","visible":"0"}','{"msg":"操作成功","code":200}',0,NULL,'2025-09-18 00:29:40',214),(200,'字典类型',1,'com.dkd.web.controller.system.SysDictTypeController.add()','POST',1,'admin','研发部门','/system/dict/type','127.0.0.1','内网IP','{"createBy":"admin","dictName":"角色类型","dictType":"role_type","params":{},"status":"0"}','{"msg":"操作成功","code":200}',0,NULL,'2025-09-18 01:30:38',147),(201,'字典数据',1,'com.dkd.web.controller.system.SysDictDataController.add()','POST',1,'admin','研发部门','/system/dict/data','127.0.0.1','内网IP','{"createBy":"admin","default":false,"dictLabel":"运营人员","dictSort":1,"dictType":"role_type","dictValue":"1002","listClass":"default","params":{},"status":"0"}','{"msg":"操作成功","code":200}',0,NULL,'2025-09-18 01:31:22',25),(202,'字典数据',1,'com.dkd.web.controller.system.SysDictDataController.add()','POST',1,'admin','研发部门','/system/dict/data','127.0.0.1','内网IP','{"createBy":"admin","default":false,"dictLabel":"运维人员","dictSort":2,"dictType":"role_type","dictValue":"1003","listClass":"default","params":{},"status":"0"}','{"msg":"操作成功","code":200}',0,NULL,'2025-09-18 01:31:39',24),(203,'菜单管理',2,'com.dkd.web.controller.system.SysMenuController.edit()','PUT',1,'admin','研发部门','/system/menu','127.0.0.1','内网IP','{"children":[],"createTime":"2025-09-18 00:29:40","icon":"#","isCache":"0","isFrame":"1","menuId":2027,"menuName":"人员工作量查询","menuType":"F","orderNum":1,"params":{},"parentId":2026,"path":"","perms":"manage:empworkload:query","status":"0","updateBy":"admin","visible":"0"}','{"msg":"操作成功","code":200}',0,NULL,'2025-09-18 06:21:35',94),(204,'菜单管理',2,'com.dkd.web.controller.system.SysMenuController.edit()','PUT',1,'admin','研发部门','/system/menu','127.0.0.1','内网IP','{"children":[],"createTime":"2025-09-18 00:29:40","icon":"#","isCache":"0","isFrame":"1","menuId":2027,"menuName":"人员工作量查询","menuType":"F","orderNum":1,"params":{},"parentId":2026,"path":"","perms":"manage:empworkload:query","status":"1","updateBy":"admin","visible":"0"}','{"msg":"操作成功","code":200}',0,NULL,'2025-09-18 06:29:27',35),(205,'菜单管理',2,'com.dkd.web.controller.system.SysMenuController.edit()','PUT',1,'admin','研发部门','/system/menu','127.0.0.1','内网IP','{"children":[],"createTime":"2025-09-18 00:29:40","icon":"#","isCache":"0","isFrame":"1","menuId":2027,"menuName":"人员工作量查询","menuType":"F","orderNum":1,"params":{},"parentId":2026,"path":"","perms":"manage:empworkload:query","status":"0","updateBy":"admin","visible":"0"}','{"msg":"操作成功","code":200}',0,NULL,'2025-09-18 06:30:10',23),(206,'菜单管理',2,'com.dkd.web.controller.system.SysMenuController.edit()','PUT',1,'admin','研发部门','/system/menu','127.0.0.1','内网IP','{"children":[],"component":"manage/personnel/work/index","createTime":"2025-09-17 10:25:14","icon":"list","isCache":"0","isFrame":"1","menuId":2026,"menuName":"工作量列表","menuType":"C","orderNum":2,"params":{},"parentId":2019,"path":"work","perms":"manage/empworkload/list","status":"1","updateBy":"admin","visible":"0"}','{"msg":"操作成功","code":200}',0,NULL,'2025-09-18 06:30:18',24),(207,'菜单管理',2,'com.dkd.web.controller.system.SysMenuController.edit()','PUT',1,'admin','研发部门','/system/menu','127.0.0.1','内网IP','{"children":[],"component":"manage/personnel/work/index","createTime":"2025-09-17 10:25:14","icon":"list","isCache":"0","isFrame":"1","menuId":2026,"menuName":"工作量列表","menuType":"C","orderNum":2,"params":{},"parentId":2019,"path":"work","perms":"manage/empworkload/list","status":"0","updateBy":"admin","visible":"0"}','{"msg":"操作成功","code":200}',0,NULL,'2025-09-18 06:30:53',25),(208,'菜单管理',2,'com.dkd.web.controller.system.SysMenuController.edit()','PUT',1,'admin','研发部门','/system/menu','127.0.0.1','内网IP','{"children":[],"createTime":"2025-09-18 00:29:40","icon":"#","isCache":"0","isFrame":"1","menuId":2027,"menuName":"人员工作量查询","menuType":"F","orderNum":1,"params":{},"parentId":2026,"path":"","perms":"manage:empworkload:query","status":"1","updateBy":"admin","visible":"0"}','{"msg":"操作成功","code":200}',0,NULL,'2025-09-18 06:31:37',23),(209,'菜单管理',2,'com.dkd.web.controller.system.SysMenuController.edit()','PUT',1,'admin','研发部门','/system/menu','127.0.0.1','内网IP','{"children":[],"createTime":"2025-09-18 00:29:40","icon":"#","isCache":"0","isFrame":"1","menuId":2027,"menuName":"人员工作量查询","menuType":"F","orderNum":1,"params":{},"parentId":2026,"path":"","perms":"manage:empworkload:query","status":"0","updateBy":"admin","visible":"0"}','{"msg":"操作成功","code":200}',0,NULL,'2025-09-18 06:32:17',19),(210,'菜单管理',2,'com.dkd.web.controller.system.SysMenuController.edit()','PUT',1,'admin','研发部门','/system/menu','127.0.0.1','内网IP','{"children":[],"component":"","createTime":"2025-09-17 01:26:21","icon":"#","isCache":"0","isFrame":"1","menuId":2021,"menuName":"人员列表查询","menuType":"F","orderNum":1,"params":{},"parentId":2020,"path":"#","perms":"manage:emp:query","status":"1","updateBy":"admin","visible":"0"}','{"msg":"操作成功","code":200}',0,NULL,'2025-09-18 06:32:27',17),(211,'菜单管理',2,'com.dkd.web.controller.system.SysMenuController.edit()','PUT',1,'admin','研发部门','/system/menu','127.0.0.1','内网IP','{"children":[],"component":"","createTime":"2025-09-17 01:26:21","icon":"#","isCache":"0","isFrame":"1","menuId":2022,"menuName":"人员列表新增","menuType":"F","orderNum":2,"params":{},"parentId":2020,"path":"#","perms":"manage:emp:add","status":"1","updateBy":"admin","visible":"0"}','{"msg":"操作成功","code":200}',0,NULL,'2025-09-18 06:34:29',18),(212,'人员列表',1,'com.dkd.manage.controller.EmpController.add()','POST',1,'admin','研发部门','/manage/emp','127.0.0.1','内网IP','{"id":68,"image":"https://javacz-luo.oss-cn-beijing.aliyuncs.com/dkd-images/2025/09/18/68cba824470e940055f72934.png","mobile":"213","params":{},"regionId":1,"regionName":"朝阳区","roleCode":"1002","roleId":2,"roleName":"运营员","status":1,"userName":"ww"}','{"msg":"操作成功","code":200}',0,NULL,'2025-09-18 06:35:26',60),(213,'菜单管理',2,'com.dkd.web.controller.system.SysMenuController.edit()','PUT',1,'admin','研发部门','/system/menu','127.0.0.1','内网IP','{"children":[],"component":"","createTime":"2025-09-17 01:26:21","icon":"#","isCache":"0","isFrame":"1","menuId":2021,"menuName":"人员列表查询","menuType":"F","orderNum":1,"params":{},"parentId":2020,"path":"#","perms":"manage:emp:query","status":"0","updateBy":"admin","visible":"0"}','{"msg":"操作成功","code":200}',0,NULL,'2025-09-18 06:36:00',20),(214,'菜单管理',2,'com.dkd.web.controller.system.SysMenuController.edit()','PUT',1,'admin','研发部门','/system/menu','127.0.0.1','内网IP','{"children":[],"component":"","createTime":"2025-09-17 01:26:21","icon":"#","isCache":"0","isFrame":"1","menuId":2022,"menuName":"人员列表新增","menuType":"F","orderNum":2,"params":{},"parentId":2020,"path":"#","perms":"manage:emp:add","status":"0","updateBy":"admin","visible":"0"}','{"msg":"操作成功","code":200}',0,NULL,'2025-09-18 06:36:05',23),(215,'菜单管理',2,'com.dkd.web.controller.system.SysMenuController.edit()','PUT',1,'admin','研发部门','/system/menu','127.0.0.1','内网IP','{"children":[],"component":"manage/personnel/emp/index","createTime":"2025-09-17 01:26:21","icon":"人员列表","isCache":"0","isFrame":"1","menuId":2020,"menuName":"人员列表","menuType":"C","orderNum":1,"params":{},"parentId":2019,"path":"emp","perms":"manage:emp:list","status":"1","updateBy":"admin","visible":"0"}','{"msg":"操作成功","code":200}',0,NULL,'2025-09-18 06:36:13',18),(216,'菜单管理',2,'com.dkd.web.controller.system.SysMenuController.edit()','PUT',1,'admin','研发部门','/system/menu','127.0.0.1','内网IP','{"children":[],"component":"manage/personnel/emp/index","createTime":"2025-09-17 01:26:21","icon":"人员列表","isCache":"0","isFrame":"1","menuId":2020,"menuName":"人员列表","menuType":"C","orderNum":1,"params":{},"parentId":2019,"path":"emp","perms":"manage:emp:list","status":"0","updateBy":"admin","visible":"0"}','{"msg":"操作成功","code":200}',0,NULL,'2025-09-18 06:36:30',26),(217,'菜单管理',1,'com.dkd.web.controller.system.SysMenuController.add()','POST',1,'admin','研发部门','/system/menu','127.0.0.1','内网IP','{"children":[],"createBy":"admin","icon":"设备管理","isCache":"0","isFrame":"1","menuName":"设备管理","menuType":"M","orderNum":3,"params":{},"parentId":0,"path":"vm","status":"0","visible":"0"}','{"msg":"操作成功","code":200}',0,NULL,'2025-09-18 08:35:16',217),(218,'字典类型',1,'com.dkd.web.controller.system.SysDictTypeController.add()','POST',1,'admin','研发部门','/system/dict/type','127.0.0.1','内网IP','{"dictName":"设备状态","dictType":"vm_status","params":{},"status":"0"}','{"msg":"新增字典\'设备状态\'失败，字典类型已存在","code":500}',0,NULL,'2025-09-18 08:35:52',12),(219,'代码生成',6,'com.dkd.generator.controller.GenController.importTableSave()','POST',1,'admin','研发部门','/tool/gen/importTable','127.0.0.1','内网IP','{"tables":"tb_vending_machine,tb_vm_type"}','{"msg":"操作成功","code":200}',0,NULL,'2025-09-18 08:47:22',396),(220,'代码生成',6,'com.dkd.generator.controller.GenController.importTableSave()','POST',1,'admin','研发部门','/tool/gen/importTable','127.0.0.1','内网IP','{"tables":"tb_channel"}','{"msg":"操作成功","code":200}',0,NULL,'2025-09-18 08:47:33',110),(221,'代码生成',2,'com.dkd.generator.controller.GenController.editSave()','PUT',1,'admin','研发部门','/tool/gen','127.0.0.1','内网IP','{"businessName":"vmType","className":"VmType","columns":[{"capJavaField":"Id","columnComment":"主键","columnId":70,"columnName":"id","columnType":"int","createBy":"admin","createTime":"2025-09-18 08:47:22","dictType":"","edit":false,"htmlType":"input","increment":true,"insert":false,"isIncrement":"1","isInsert":"0","isPk":"1","isRequired":"0","javaField":"id","javaType":"Long","list":false,"params":{},"pk":true,"query":false,"queryType":"EQ","required":false,"sort":1,"superColumn":false,"tableId":8,"updateBy":"","usableColumn":false},{"capJavaField":"Name","columnComment":"型号名称","columnId":71,"columnName":"name","columnType":"varchar(15)","createBy":"admin","createTime":"2025-09-18 08:47:22","dictType":"","edit":true,"htmlType":"input","increment":false,"insert":true,"isEdit":"1","isIncrement":"0","isInsert":"1","isList":"1","isPk":"0","isQuery":"1","isRequired":"1","javaField":"name","javaType":"String","list":true,"params":{},"pk":false,"query":true,"queryType":"LIKE","required":true,"sort":2,"superColumn":false,"tableId":8,"updateBy":"","usableColumn":false},{"capJavaField":"Model","columnComment":"型号编码","columnId":72,"columnName":"model","columnType":"varchar(20)","createBy":"admin","createTime":"2025-09-18 08:47:22","dictType":"","edit":true,"htmlType":"input","increment":false,"insert":true,"isEdit":"1","isIncrement":"0","isInsert":"1","isList":"1","isPk":"0","isQuery":"1","isRequired":"1","javaField":"model","javaType":"String","list":true,"params":{},"pk":false,"query":true,"queryType":"EQ","required":true,"sort":3,"superColumn":false,"tableId":8,"updateBy":"","usableColumn":false},{"capJavaField":"Image","columnComment":"设备图片","columnId":73,"columnName":"image","columnType":"varchar(500)","createBy":"admin","createTime":"2025-09-18 08:47:22","dictType":"","edit":true,"htmlType":"imageUpload","increment":false,"insert":true,"isEdit":"1","isIncrement":"0","isInsert":"1","isList":"1","isPk":"0","isQuery":"0","isRequired":"1","javaField":"image","javaType":"Strin','{"msg":"操作成功","code":200}',0,NULL,'2025-09-18 09:03:42',195),(222,'代码生成',2,'com.dkd.generator.controller.GenController.editSave()','PUT',1,'admin','研发部门','/tool/gen','127.0.0.1','内网IP','{"businessName":"vm","className":"VendingMachine","columns":[{"capJavaField":"Id","columnComment":"主键，设备唯一ID","columnId":52,"columnName":"id","columnType":"bigint","createBy":"admin","createTime":"2025-09-18 08:47:22","dictType":"","edit":false,"htmlType":"input","increment":true,"insert":false,"isIncrement":"1","isInsert":"0","isPk":"1","isRequired":"0","javaField":"id","javaType":"Long","list":false,"params":{},"pk":true,"query":false,"queryType":"EQ","required":false,"sort":1,"superColumn":false,"tableId":7,"updateBy":"","usableColumn":false},{"capJavaField":"InnerCode","columnComment":"设备编号","columnId":53,"columnName":"inner_code","columnType":"varchar(15)","createBy":"admin","createTime":"2025-09-18 08:47:22","dictType":"","edit":true,"htmlType":"input","increment":false,"insert":true,"isEdit":"1","isIncrement":"0","isInsert":"1","isList":"1","isPk":"0","isQuery":"1","isRequired":"0","javaField":"innerCode","javaType":"String","list":true,"params":{},"pk":false,"query":true,"queryType":"EQ","required":false,"sort":2,"superColumn":false,"tableId":7,"updateBy":"","usableColumn":false},{"capJavaField":"ChannelMaxCapacity","columnComment":"设备最大容量（总货道数）","columnId":54,"columnName":"channel_max_capacity","columnType":"int","createBy":"admin","createTime":"2025-09-18 08:47:22","dictType":"","edit":false,"htmlType":"input","increment":false,"insert":false,"isEdit":"0","isIncrement":"0","isInsert":"0","isList":"0","isPk":"0","isQuery":"0","isRequired":"0","javaField":"channelMaxCapacity","javaType":"Long","list":false,"params":{},"pk":false,"query":false,"queryType":"EQ","required":false,"sort":3,"superColumn":false,"tableId":7,"updateBy":"","usableColumn":false},{"capJavaField":"NodeId","columnComment":"点位ID","columnId":55,"columnName":"node_id","columnType":"bigint","createBy":"admin","createTime":"2025-09-18 08:47:22","dictType":"","edit":true,"htmlType":"input","increment":false,"insert":true,"isEdit":"1","isIncrement":"0","isInsert":"1","isList":"0","isPk":"0","isQ','{"msg":"操作成功","code":200}',0,NULL,'2025-09-18 09:22:06',233),(223,'代码生成',2,'com.dkd.generator.controller.GenController.editSave()','PUT',1,'admin','研发部门','/tool/gen','127.0.0.1','内网IP','{"businessName":"channel","className":"Channel","columns":[{"capJavaField":"Id","columnComment":"主键，货道唯一ID","columnId":77,"columnName":"id","columnType":"bigint","createBy":"admin","createTime":"2025-09-18 08:47:33","dictType":"","edit":false,"htmlType":"input","increment":true,"insert":true,"isIncrement":"1","isInsert":"1","isPk":"1","isRequired":"0","javaField":"id","javaType":"Long","list":false,"params":{},"pk":true,"query":false,"queryType":"EQ","required":false,"sort":1,"superColumn":false,"tableId":9,"updateBy":"","usableColumn":false},{"capJavaField":"ChannelCode","columnComment":"货道编号（如 1-1, 2-3）","columnId":78,"columnName":"channel_code","columnType":"varchar(10)","createBy":"admin","createTime":"2025-09-18 08:47:33","dictType":"","edit":true,"htmlType":"input","increment":false,"insert":true,"isEdit":"1","isIncrement":"0","isInsert":"1","isList":"1","isPk":"0","isQuery":"1","isRequired":"1","javaField":"channelCode","javaType":"String","list":true,"params":{},"pk":false,"query":true,"queryType":"EQ","required":true,"sort":2,"superColumn":false,"tableId":9,"updateBy":"","usableColumn":false},{"capJavaField":"SkuId","columnComment":"商品ID（逻辑外键，关联 tb_sku.sku_id）","columnId":79,"columnName":"sku_id","columnType":"bigint","createBy":"admin","createTime":"2025-09-18 08:47:33","dictType":"","edit":true,"htmlType":"input","increment":false,"insert":true,"isEdit":"1","isIncrement":"0","isInsert":"1","isList":"1","isPk":"0","isQuery":"1","isRequired":"0","javaField":"skuId","javaType":"Long","list":true,"params":{},"pk":false,"query":true,"queryType":"EQ","required":false,"sort":3,"superColumn":false,"tableId":9,"updateBy":"","usableColumn":false},{"capJavaField":"VmId","columnComment":"售货机ID（逻辑外键，关联 tb_vending_machine.id）","columnId":80,"columnName":"vm_id","columnType":"bigint","createBy":"admin","createTime":"2025-09-18 08:47:33","dictType":"","edit":true,"htmlType":"input","increment":false,"insert":true,"isEdit":"1","isIncrement":"0","isInsert":"1","isList":"1"','{"msg":"操作成功","code":200}',0,NULL,'2025-09-18 09:24:38',148),(224,'代码生成',8,'com.dkd.generator.controller.GenController.batchGenCode()','GET',1,'admin','研发部门','/tool/gen/batchGenCode','127.0.0.1','内网IP','{"tables":"tb_vending_machine,tb_vm_type,tb_channel"}',NULL,0,NULL,'2025-09-18 09:24:53',680),(225,'代码生成',8,'com.dkd.generator.controller.GenController.batchGenCode()','GET',1,'admin','研发部门','/tool/gen/batchGenCode','127.0.0.1','内网IP','{"tables":"tb_vending_machine,tb_vm_type,tb_channel"}',NULL,0,NULL,'2025-09-18 09:25:07',198),(226,'设备类型管理',1,'com.dkd.manage.controller.VmTypeController.add()','POST',1,'admin','研发部门','/manage/vmType','127.0.0.1','内网IP','{"channelMaxCapacity":10,"id":21,"image":"https://javacz-luo.oss-cn-beijing.aliyuncs.com/dkd-images/2025/09/18/68cbe81870a56057e0512a60.png","model":"CZ-10011","name":"饮料机","params":{},"vmCol":5,"vmRow":5}','{"msg":"操作成功","code":200}',0,NULL,'2025-09-18 11:08:33',270),(227,'设备类型管理',1,'com.dkd.manage.controller.VmTypeController.add()','POST',1,'admin','研发部门','/manage/vmType','127.0.0.1','内网IP','{"channelMaxCapacity":10,"id":22,"image":"https://javacz-luo.oss-cn-beijing.aliyuncs.com/dkd-images/2025/09/18/68cbecaf70a56057e0512a61.png","model":"LS-20011","name":"零食机","params":{},"vmCol":7,"vmRow":5}','{"msg":"操作成功","code":200}',0,NULL,'2025-09-18 11:28:18',64),(228,'设备类型管理',1,'com.dkd.manage.controller.VmTypeController.add()','POST',1,'admin','研发部门','/manage/vmType','127.0.0.1','内网IP','{"channelMaxCapacity":10,"id":23,"image":"https://javacz-luo.oss-cn-beijing.aliyuncs.com/dkd-images/2025/09/19/68cca2a57e73306d51c9bb89.png","model":"CZ-10015","name":"盲盒机","params":{},"vmCol":7,"vmRow":5}','{"msg":"操作成功","code":200}',0,NULL,'2025-09-19 00:24:09',144),(229,'设备管理',3,'com.dkd.manage.controller.VendingMachineController.remove()','DELETE',1,'admin','研发部门','/manage/vm/126,125','127.0.0.1','内网IP','{}','{"msg":"操作成功","code":200}',0,NULL,'2025-09-20 04:23:53',34),(230,'设备管理',1,'com.dkd.manage.controller.VendingMachineController.add()','POST',1,'admin','研发部门','/manage/vm','127.0.0.1','内网IP','{"addr":"东城区东华门大街","businessType":5,"channelMaxCapacity":10,"createBy":"admin","createTime":"2025-09-14 06:03:38","id":127,"innerCode":"6CbdR7oL","nodeId":3,"params":{},"partnerId":3,"regionId":3,"remark":"旅游景点周边","updateTime":"2025-09-14 06:03:38","vmStatus":0,"vmTypeId":2}','{"msg":"操作成功","code":200}',0,NULL,'2025-09-20 04:24:57',200),(231,'设备管理',3,'com.dkd.manage.controller.VendingMachineController.remove()','DELETE',1,'admin','研发部门','/manage/vm/127','127.0.0.1','内网IP','{}','{"msg":"操作成功","code":200}',0,NULL,'2025-09-20 04:30:12',23),(232,'设备管理',1,'com.dkd.manage.controller.VendingMachineController.add()','POST',1,'admin','研发部门','/manage/vm','127.0.0.1','内网IP','{"addr":"朝阳区建国门外大街1号","businessType":1,"channelMaxCapacity":10,"createBy":"admin","createTime":"2025-09-14 06:03:38","id":128,"innerCode":"AzsEFBP4","nodeId":1,"params":{},"partnerId":1,"regionId":1,"remark":"高端商务区，人流量大","updateTime":"2025-09-14 06:03:38","vmStatus":0,"vmTypeId":3}','{"msg":"操作成功","code":200}',0,NULL,'2025-09-20 04:32:45',315),(233,'设备管理',1,'com.dkd.manage.controller.VendingMachineController.add()','POST',1,'admin','研发部门','/manage/vm','127.0.0.1','内网IP','{"addr":"通州区新华东街101号","businessType":2,"channelMaxCapacity":10,"createBy":"admin","createTime":"2025-09-14 06:03:38","id":129,"innerCode":"cFarWTDn","nodeId":7,"params":{},"partnerId":4,"regionId":7,"remark":"大型社区商业中心","updateTime":"2025-09-14 06:03:38","vmStatus":0,"vmTypeId":1}','{"msg":"操作成功","code":200}',0,NULL,'2025-09-20 18:13:50',348),(234,'设备管理',3,'com.dkd.manage.controller.VendingMachineController.remove()','DELETE',1,'admin','研发部门','/manage/vm/128,129','127.0.0.1','内网IP','{}','{"msg":"操作成功","code":200}',0,NULL,'2025-09-20 18:30:28',65),(235,'设备管理',1,'com.dkd.manage.controller.VendingMachineController.add()','POST',1,'admin','研发部门','/manage/vm','127.0.0.1','内网IP','{"addr":"石景山区石景山路68号","businessType":2,"channelMaxCapacity":10,"createBy":"admin","createTime":"2025-09-14 06:03:38","id":130,"innerCode":"Dxc3UG5S","nodeId":6,"params":{},"partnerId":2,"regionId":6,"remark":"工业遗址改造区","updateTime":"2025-09-14 06:03:38","vmStatus":0,"vmTypeId":1}','{"msg":"操作成功","code":200}',0,NULL,'2025-09-20 18:30:40',128),(236,'设备管理',3,'com.dkd.manage.controller.VendingMachineController.remove()','DELETE',1,'admin','研发部门','/manage/vm/130','127.0.0.1','内网IP','{}','{"msg":"操作成功","code":200}',0,NULL,'2025-09-20 18:36:54',26),(237,'设备管理',1,'com.dkd.manage.controller.VendingMachineController.add()','POST',1,'admin','研发部门','/manage/vm','127.0.0.1','内网IP','{"addr":"朝阳区建国门外大街1号","businessType":1,"channelMaxCapacity":10,"createBy":"admin","createTime":"2025-09-14 06:03:38","id":131,"innerCode":"JzfBoJnn","nodeId":1,"params":{},"partnerId":1,"regionId":1,"remark":"高端商务区，人流量大","updateTime":"2025-09-14 06:03:38","vmStatus":0,"vmTypeId":1}','{"msg":"操作成功","code":200}',0,NULL,'2025-09-20 18:37:01',199),(238,'设备管理',2,'com.dkd.manage.controller.VendingMachineController.edit()','PUT',1,'admin','研发部门','/manage/vm','127.0.0.1','内网IP','{"addr":"朝阳区建国门外大街1号","businessType":1,"channelMaxCapacity":10,"createTime":"2025-09-20 18:37:01","id":131,"innerCode":"JzfBoJnn","latitude":0,"longitudes":0,"nodeId":2,"params":{},"partnerId":1,"regionId":1,"updateTime":"2025-09-20 18:47:47","vmStatus":0,"vmTypeId":1}','{"msg":"操作成功","code":200}',0,NULL,'2025-09-20 18:47:47',72),(239,'点位管理',2,'com.dkd.manage.controller.NodeController.edit()','PUT',1,'admin','研发部门','/manage/node','127.0.0.1','内网IP','{"addressDetail":"朝阳区建国门外大街1号1","businessType":2,"createBy":"admin","createTime":"2025-09-14 06:03:38","id":1,"nodeName":"国贸大厦A座电梯口","params":{},"partnerId":1,"regionId":2,"remark":"高端商务区，人流量大","updateTime":"2025-09-20 19:52:55"}','{"msg":"操作成功","code":200}',0,NULL,'2025-09-20 19:52:55',199),(240,'点位管理',2,'com.dkd.manage.controller.NodeController.edit()','PUT',1,'admin','研发部门','/manage/node','127.0.0.1','内网IP','{"addressDetail":"朝阳区建国门外大街1号","businessType":1,"createBy":"admin","createTime":"2025-09-14 06:03:38","id":1,"nodeName":"国贸大厦A座电梯口","params":{},"partnerId":1,"regionId":1,"remark":"高端商务区，人流量大","updateTime":"2025-09-20 19:54:38"}','{"msg":"操作成功","code":200}',0,NULL,'2025-09-20 19:54:38',25),(241,'点位管理',2,'com.dkd.manage.controller.NodeController.edit()','PUT',1,'admin','研发部门','/manage/node','127.0.0.1','内网IP','{"addressDetail":"朝阳区建国门外大街1号1","businessType":2,"createBy":"admin","createTime":"2025-09-14 06:03:38","id":1,"nodeName":"国贸大厦A座电梯口","params":{},"partnerId":2,"regionId":2,"remark":"高端商务区，人流量大","updateTime":"2025-09-20 19:54:38"}','{"msg":"操作成功","code":200}',0,NULL,'2025-09-20 19:57:09',235),(242,'点位管理',2,'com.dkd.manage.controller.NodeController.edit()','PUT',1,'admin','研发部门','/manage/node','127.0.0.1','内网IP','{"addressDetail":"朝阳区建国门外大街1号12","businessType":2,"createBy":"admin","createTime":"2025-09-14 06:03:38","id":1,"nodeName":"国贸大厦A座电梯口1","params":{},"partnerId":2,"regionId":2,"remark":"高端商务区，人流量大","updateTime":"2025-09-20 19:54:38"}','{"msg":"操作成功","code":200}',0,NULL,'2025-09-20 20:00:55',101246),(243,'点位管理',2,'com.dkd.manage.controller.NodeController.edit()','PUT',1,'admin','研发部门','/manage/node','127.0.0.1','内网IP','{"addressDetail":"朝阳区建国门外大街1号123","businessType":3,"createBy":"admin","createTime":"2025-09-14 06:03:38","id":1,"nodeName":"国贸大厦A座电梯口1","params":{},"partnerId":2,"regionId":3,"remark":"高端商务区，人流量大","updateTime":"2025-09-20 19:54:38"}','{"msg":"操作成功","code":200}',0,NULL,'2025-09-20 20:13:51',607),(244,'点位管理',2,'com.dkd.manage.controller.NodeController.edit()','PUT',1,'admin','研发部门','/manage/node','127.0.0.1','内网IP','{"addressDetail":"朝阳区建国门外大街1号","businessType":1,"createBy":"admin","createTime":"2025-09-14 06:03:38","id":1,"nodeName":"国贸大厦A座电梯口","params":{},"partnerId":2,"regionId":1,"remark":"高端商务区，人流量大","updateTime":"2025-09-20 19:54:38"}','{"msg":"操作成功","code":200}',0,NULL,'2025-09-20 20:15:27',60),(245,'设备管理',2,'com.dkd.manage.controller.VendingMachineController.edit()','PUT',1,'admin','研发部门','/manage/vm','127.0.0.1','内网IP','{"addr":"朝阳区建国门外大街1号","businessType":1,"channelMaxCapacity":10,"createBy":"admin","createTime":"2025-09-20 18:37:01","id":131,"innerCode":"JzfBoJnn","latitude":0,"longitudes":0,"nodeId":1,"params":{},"partnerId":2,"regionId":1,"remark":"高端商务区，人流量大","updateTime":"2025-09-20 18:47:48","vmStatus":0,"vmTypeId":1}','{"msg":"操作成功","code":200}',0,NULL,'2025-09-20 20:21:58',72),(246,'设备管理',2,'com.dkd.manage.controller.VendingMachineController.edit()','PUT',1,'admin','研发部门','/manage/vm','127.0.0.1','内网IP','{"addr":"海淀区中关村大街1号","businessType":1,"channelMaxCapacity":10,"createBy":"admin","createTime":"2025-09-20 18:37:01","id":131,"innerCode":"JzfBoJnn","latitude":0,"longitudes":0,"nodeId":2,"params":{},"partnerId":5,"regionId":2,"remark":"科技公司集中地","updateTime":"2025-09-20 18:47:48","vmStatus":0,"vmTypeId":1}','{"msg":"操作成功","code":200}',0,NULL,'2025-09-20 20:23:40',26),(247,'区域管理',3,'com.dkd.manage.controller.RegionController.remove()','DELETE',1,'admin','研发部门','/manage/region/1','127.0.0.1','内网IP','{}',NULL,1,'该管理下有点位信息,有：国贸大厦A座电梯口','2025-09-20 21:17:57',45),(248,'合作商管理',3,'com.dkd.manage.controller.PartnerController.remove()','DELETE',1,'admin','研发部门','/manage/partner/1','127.0.0.1','内网IP','{}',NULL,1,'该管理下有点位信息,有：丰台火车站出站口、顺义空港物流园、北京奥运博物馆','2025-09-20 21:19:58',18),(249,'设备类型管理',1,'com.dkd.manage.controller.VmTypeController.add()','POST',1,'admin','研发部门','/manage/vmType','127.0.0.1','内网IP','{"channelMaxCapacity":10,"id":24,"image":"https://javacz-luo.oss-cn-beijing.aliyuncs.com/dkd-images/2025/09/21/68cfb4ebf0e3eea965aa4ae3.png","model":"AA-30023","name":"果蔬机","params":{},"vmCol":6,"vmRow":5}','{"msg":"操作成功","code":200}',0,NULL,'2025-09-21 16:19:35',61),(250,'设备类型管理',3,'com.dkd.manage.controller.VmTypeController.remove()','DELETE',1,'admin','研发部门','/manage/vmType/24','127.0.0.1','内网IP','{}','{"msg":"操作成功","code":200}',0,NULL,'2025-09-21 16:19:50',72),(251,'设备类型管理',3,'com.dkd.manage.controller.VmTypeController.remove()','DELETE',1,'admin','研发部门','/manage/vmType/3','127.0.0.1','内网IP','{}',NULL,1,'该设备类型下有设备关联:GG0001、A1000003','2025-09-21 16:20:30',46),(252,'设备类型管理',3,'com.dkd.manage.controller.VmTypeController.remove()','DELETE',1,'admin','研发部门','/manage/vmType/2','127.0.0.1','内网IP','{}',NULL,1,'该设备类型下有设备关联:ZH0001、FT0001、A1000002、A1000006、A1000007','2025-09-21 16:20:37',11),(253,'设备类型管理',2,'com.dkd.manage.controller.VmTypeController.edit()','PUT',1,'admin','研发部门','/manage/vmType','127.0.0.1','内网IP','{"channelMaxCapacity":10,"createTime":"2025-09-18 11:08:33","id":1,"image":"https://javacz-luo.oss-cn-beijing.aliyuncs.com/dkd-images/2025/09/18/68cbe81870a56057e0512a60.png","model":"CZ-10011","name":"饮料机","params":{},"vmCol":6,"vmRow":5}','{"msg":"操作成功","code":200}',0,NULL,'2025-09-21 16:21:59',156),(254,'设备类型管理',2,'com.dkd.manage.controller.VmTypeController.edit()','PUT',1,'admin','研发部门','/manage/vmType','127.0.0.1','内网IP','{"channelMaxCapacity":10,"createTime":"2025-09-18 11:08:33","id":1,"image":"https://javacz-luo.oss-cn-beijing.aliyuncs.com/dkd-images/2025/09/18/68cbe81870a56057e0512a60.png","model":"CZ-10011","name":"饮料机","params":{},"vmCol":5,"vmRow":5}','{"msg":"操作成功","code":200}',0,NULL,'2025-09-21 16:27:13',42),(255,'设备管理',3,'com.dkd.manage.controller.VendingMachineController.remove()','DELETE',1,'admin','研发部门','/manage/vm/131','127.0.0.1','内网IP','{}','{"msg":"操作成功","code":200}',0,NULL,'2025-09-21 16:28:11',24),(256,'设备管理',1,'com.dkd.manage.controller.VendingMachineController.add()','POST',1,'admin','研发部门','/manage/vm','127.0.0.1','内网IP','{"addr":"朝阳区建国门外大街1号","businessType":1,"channelMaxCapacity":10,"createBy":"admin","id":132,"innerCode":"pVXV6oC1","nodeId":1,"params":{},"partnerId":2,"regionId":1,"remark":"高端商务区，人流量大","vmStatus":0,"vmTypeId":1}','{"msg":"操作成功","code":200}',0,NULL,'2025-09-21 16:28:38',171),(257,'设备管理',3,'com.dkd.manage.controller.VendingMachineController.remove()','DELETE',1,'admin','研发部门','/manage/vm/132','127.0.0.1','内网IP','{}','{"msg":"操作成功","code":200}',0,NULL,'2025-09-21 16:31:24',30),(258,'设备管理',1,'com.dkd.manage.controller.VendingMachineController.add()','POST',1,'admin','研发部门','/manage/vm','127.0.0.1','内网IP','{"addr":"朝阳区建国门外大街1号","businessType":1,"channelMaxCapacity":10,"createBy":"admin","id":133,"innerCode":"Xhax5euA","nodeId":1,"params":{},"partnerId":2,"regionId":1,"remark":"高端商务区，人流量大","vmStatus":0,"vmTypeId":1}','{"msg":"操作成功","code":200}',0,NULL,'2025-09-21 16:31:37',165),(259,'设备类型管理',2,'com.dkd.manage.controller.VmTypeController.edit()','PUT',1,'admin','研发部门','/manage/vmType','127.0.0.1','内网IP','{"channelMaxCapacity":10,"createTime":"2025-09-18 11:08:33","id":1,"image":"https://javacz-luo.oss-cn-beijing.aliyuncs.com/dkd-images/2025/09/18/68cbe81870a56057e0512a60.png","model":"CZ-10011","name":"饮料机","params":{},"vmCol":6,"vmRow":5}','{"msg":"操作成功","code":200}',0,NULL,'2025-09-21 16:32:19',109),(260,'设备类型管理',2,'com.dkd.manage.controller.VmTypeController.edit()','PUT',1,'admin','研发部门','/manage/vmType','127.0.0.1','内网IP','{"channelMaxCapacity":10,"createTime":"2025-09-18 11:08:33","id":1,"image":"https://javacz-luo.oss-cn-beijing.aliyuncs.com/dkd-images/2025/09/18/68cbe81870a56057e0512a60.png","model":"CZ-10011","name":"饮料机","params":{},"vmCol":5,"vmRow":4}','{"msg":"操作成功","code":200}',0,NULL,'2025-09-21 16:35:43',57),(261,'设备类型管理',2,'com.dkd.manage.controller.VmTypeController.edit()','PUT',1,'admin','研发部门','/manage/vmType','127.0.0.1','内网IP','{"channelMaxCapacity":12,"createTime":"2025-09-18 11:08:33","id":1,"image":"https://javacz-luo.oss-cn-beijing.aliyuncs.com/dkd-images/2025/09/18/68cbe81870a56057e0512a60.png","model":"CZ-10011","name":"饮料机","params":{},"vmCol":5,"vmRow":4}',NULL,1,'nested exception is org.apache.ibatis.binding.BindingException: Parameter \'maxCapacity\' not found. Available parameters are [vmIds, newMaxCapacity, param1, param2]','2025-09-21 16:36:10',36),(262,'设备类型管理',2,'com.dkd.manage.controller.VmTypeController.edit()','PUT',1,'admin','研发部门','/manage/vmType','127.0.0.1','内网IP','{"channelMaxCapacity":12,"createTime":"2025-09-18 11:08:33","id":1,"image":"https://javacz-luo.oss-cn-beijing.aliyuncs.com/dkd-images/2025/09/18/68cbe81870a56057e0512a60.png","model":"CZ-10011","name":"饮料机","params":{},"vmCol":5,"vmRow":4}','{"msg":"操作成功","code":200}',0,NULL,'2025-09-21 16:38:26',78),(263,'设备类型管理',2,'com.dkd.manage.controller.VmTypeController.edit()','PUT',1,'admin','研发部门','/manage/vmType','127.0.0.1','内网IP','{"channelMaxCapacity":12,"createTime":"2025-09-18 11:08:33","id":1,"image":"https://javacz-luo.oss-cn-beijing.aliyuncs.com/dkd-images/2025/09/18/68cbe81870a56057e0512a60.png","model":"CZ-10011","name":"饮料机","params":{},"vmCol":4,"vmRow":4}',NULL,1,'无法缩减设备类型行列数，以下货道中仍有商品：\n设备[A1000001] 的敏感货道：\n   → 1-5 (商品数:11)','2025-09-21 16:40:07',54),(264,'设备类型管理',2,'com.dkd.manage.controller.VmTypeController.edit()','PUT',1,'admin','研发部门','/manage/vmType','127.0.0.1','内网IP','{"channelMaxCapacity":12,"createTime":"2025-09-18 11:08:33","id":1,"image":"https://javacz-luo.oss-cn-beijing.aliyuncs.com/dkd-images/2025/09/18/68cbe81870a56057e0512a60.png","model":"CZ-10011","name":"饮料机","params":{},"vmCol":4,"vmRow":4}',NULL,1,'无法缩减设备类型行列数，以下货道中仍有商品：\n设备[A1000001] 的敏感货道：\n   → 1-5 (商品数:11)','2025-09-21 16:40:11',50),(265,'设备类型管理',2,'com.dkd.manage.controller.VmTypeController.edit()','PUT',1,'admin','研发部门','/manage/vmType','127.0.0.1','内网IP','{"channelMaxCapacity":12,"createTime":"2025-09-18 11:08:33","id":1,"image":"https://javacz-luo.oss-cn-beijing.aliyuncs.com/dkd-images/2025/09/18/68cbe81870a56057e0512a60.png","model":"CZ-10011","name":"饮料机","params":{},"vmCol":4,"vmRow":4}',NULL,1,'无法缩减设备类型行列数，以下货道中仍有商品：\n设备[A1000001] 的敏感货道：\n   → 1-5 (商品数:11)','2025-09-21 16:40:14',37),(266,'设备类型管理',2,'com.dkd.manage.controller.VmTypeController.edit()','PUT',1,'admin','研发部门','/manage/vmType','127.0.0.1','内网IP','{"channelMaxCapacity":12,"createTime":"2025-09-18 11:08:33","id":1,"image":"https://javacz-luo.oss-cn-beijing.aliyuncs.com/dkd-images/2025/09/18/68cbe81870a56057e0512a60.png","model":"CZ-10011","name":"饮料机","params":{},"vmCol":4,"vmRow":4}',NULL,1,'无法缩减设备类型行列数，以下货道中仍有商品：\n设备[A1000001] 的敏感货道：\n   → 1-5 (商品数:11)','2025-09-21 16:40:18',36),(267,'设备类型管理',2,'com.dkd.manage.controller.VmTypeController.edit()','PUT',1,'admin','研发部门','/manage/vmType','127.0.0.1','内网IP','{"channelMaxCapacity":12,"createTime":"2025-09-18 11:08:33","id":1,"image":"https://javacz-luo.oss-cn-beijing.aliyuncs.com/dkd-images/2025/09/18/68cbe81870a56057e0512a60.png","model":"CZ-10011","name":"饮料机","params":{},"vmCol":4,"vmRow":4}',NULL,1,'无法缩减设备类型行列数，以下货道中仍有商品：\n设备[A1000001] 的敏感货道：\n   → 1-5 (商品数:11)','2025-09-21 16:40:20',35),(268,'设备类型管理',2,'com.dkd.manage.controller.VmTypeController.edit()','PUT',1,'admin','研发部门','/manage/vmType','127.0.0.1','内网IP','{"channelMaxCapacity":12,"createTime":"2025-09-18 11:08:33","id":1,"image":"https://javacz-luo.oss-cn-beijing.aliyuncs.com/dkd-images/2025/09/18/68cbe81870a56057e0512a60.png","model":"CZ-10011","name":"饮料机","params":{},"vmCol":4,"vmRow":4}',NULL,1,'无法缩减设备类型行列数，以下货道中仍有商品：\n设备[A1000001] 的敏感货道：\n   → 1-5 (商品数:11)','2025-09-21 16:40:21',52),(269,'设备管理',3,'com.dkd.manage.controller.VendingMachineController.remove()','DELETE',1,'admin','研发部门','/manage/vm/133','127.0.0.1','内网IP','{}',NULL,1,'当前设备:Xhax5euA没有撤机,不能删除','2025-09-21 17:04:04',47),(270,'设备类型管理',3,'com.dkd.manage.controller.VmTypeController.remove()','DELETE',1,'admin','研发部门','/manage/vmType/2','127.0.0.1','内网IP','{}',NULL,1,'该设备类型下有设备关联:ZH0001、FT0001、A1000002、A1000006、A1000007','2025-09-21 17:05:23',50),(271,'设备类型管理',3,'com.dkd.manage.controller.VmTypeController.remove()','DELETE',1,'admin','研发部门','/manage/vmType/1','127.0.0.1','内网IP','{}',NULL,1,'该设备类型下有设备关联:GZ0001、JG0001、A1000001、A1000004、A1000005、A1000008、Xhax5euA','2025-09-21 17:05:30',13),(272,'设备管理',3,'com.dkd.manage.controller.VendingMachineController.remove()','DELETE',1,'admin','研发部门','/manage/vm/112,113','127.0.0.1','内网IP','{}',NULL,1,'当前设备:GZ0001、ZH0001没有撤机,不能删除','2025-09-21 17:24:27',43),(273,'设备管理',3,'com.dkd.manage.controller.VendingMachineController.remove()','DELETE',1,'admin','研发部门','/manage/vm/112','127.0.0.1','内网IP','{}',NULL,1,'当前设备:GZ0001没有撤机,不能删除','2025-09-21 17:24:58',20),(274,'设备管理',3,'com.dkd.manage.controller.VendingMachineController.remove()','DELETE',1,'admin','研发部门','/manage/vm/112','127.0.0.1','内网IP','{}',NULL,1,'当前设备:GZ0001没有撤机,不能删除','2025-09-21 17:25:07',14),(275,'设备管理',3,'com.dkd.manage.controller.VendingMachineController.remove()','DELETE',1,'admin','研发部门','/manage/vm/112','127.0.0.1','内网IP','{}',NULL,1,'当前设备:GZ0001没有撤机,不能删除','2025-09-21 17:25:28',20),(276,'设备管理',3,'com.dkd.manage.controller.VendingMachineController.remove()','DELETE',1,'admin','研发部门','/manage/vm/112','127.0.0.1','内网IP','{}',NULL,1,'当前设备:GZ0001没有撤机,不能删除','2025-09-21 17:26:17',21),(277,'设备类型管理',3,'com.dkd.manage.controller.VmTypeController.remove()','DELETE',1,'admin','研发部门','/manage/vmType/1,2','127.0.0.1','内网IP','{}',NULL,1,'该设备类型下有设备关联:GZ0001、ZH0001、JG0001、FT0001、A1000001、A1000002、A1000004、A1000005、A1000006、A1000007、A1000008、Xhax5euA','2025-09-21 17:43:23',57),(278,'点位管理',3,'com.dkd.manage.controller.NodeController.remove()','DELETE',1,'admin','研发部门','/manage/node/4','127.0.0.1','内网IP','{}','{"msg":"操作成功","code":200}',0,NULL,'2025-09-21 17:43:34',106),(279,'设备管理',3,'com.dkd.manage.controller.VendingMachineController.remove()','DELETE',1,'admin','研发部门','/manage/vm/115,120','127.0.0.1','内网IP','{}','{"msg":"操作成功","code":200}',0,NULL,'2025-09-21 17:47:26',66),(280,'设备管理',3,'com.dkd.manage.controller.VendingMachineController.remove()','DELETE',1,'admin','研发部门','/manage/vm/117','127.0.0.1','内网IP','{}',NULL,1,'当前设备:A1000001没有撤机,不能删除','2025-09-21 18:01:29',52),(281,'点位管理',3,'com.dkd.manage.controller.NodeController.remove()','DELETE',1,'admin','研发部门','/manage/node/1','127.0.0.1','内网IP','{}',NULL,1,'国贸大厦A座电梯口下有设备,设备编号为:GZ0001、A1000001、Xhax5euA','2025-09-21 18:01:40',22),(282,'点位管理',3,'com.dkd.manage.controller.NodeController.remove()','DELETE',1,'admin','研发部门','/manage/node/1,5','127.0.0.1','内网IP','{}',NULL,1,'国贸大厦A座电梯口、丰台火车站出站口下有设备,设备编号为:GZ0001、A1000001、Xhax5euA、FT0001、A1000005','2025-09-21 18:01:55',23),(283,'点位管理',3,'com.dkd.manage.controller.NodeController.remove()','DELETE',1,'admin','研发部门','/manage/node/1,5','127.0.0.1','内网IP','{}',NULL,1,'国贸大厦A座电梯口、丰台火车站出站口下有设备,设备编号为:GZ0001、A1000001、Xhax5euA、FT0001、A1000005','2025-09-21 18:02:03',23),(284,'合作商管理',3,'com.dkd.manage.controller.PartnerController.remove()','DELETE',1,'admin','研发部门','/manage/partner/2,3','127.0.0.1','内网IP','{}',NULL,1,'该管理下有点位信息,有：国贸大厦A座电梯口、首钢园文创广场、故宫东华门公交站','2025-09-21 18:52:33',40),(285,'区域管理',3,'com.dkd.manage.controller.RegionController.remove()','DELETE',1,'admin','研发部门','/manage/region/1,2','127.0.0.1','内网IP','{}',NULL,1,'该管理下有点位信息,有：国贸大厦A座电梯口、中关村创业大街入口、圆明园遗址公园','2025-09-21 18:55:46',27),(286,'区域管理',3,'com.dkd.manage.controller.RegionController.remove()','DELETE',1,'admin','研发部门','/manage/region/1,2','127.0.0.1','内网IP','{}',NULL,1,'该管理下有点位信息,有：国贸大厦A座电梯口、中关村创业大街入口、圆明园遗址公园','2025-09-21 18:57:38',25),(287,'菜单管理',1,'com.dkd.web.controller.system.SysMenuController.add()','POST',1,'admin','研发部门','/system/menu','127.0.0.1','内网IP','{"children":[],"component":"manage/vmStatus/index","createBy":"admin","isCache":"0","isFrame":"1","menuName":"设备状态","menuType":"C","orderNum":2,"params":{},"parentId":2028,"path":"vmStatus","perms":"manage:vm:list","status":"0","visible":"0"}','{"msg":"操作成功","code":200}',0,NULL,'2025-09-21 19:12:33',71),(288,'菜单管理',2,'com.dkd.web.controller.system.SysMenuController.edit()','PUT',1,'admin','研发部门','/system/menu','127.0.0.1','内网IP','{"children":[],"component":"manage/vmType/index","createTime":"2025-09-18 10:35:48","icon":"#","isCache":"0","isFrame":"1","menuId":2029,"menuName":"设备类型管理","menuType":"C","orderNum":3,"params":{},"parentId":2028,"path":"vmType","perms":"manage:vmType:list","status":"0","updateBy":"admin","visible":"0"}','{"msg":"操作成功","code":200}',0,NULL,'2025-09-21 19:12:39',31),(289,'菜单管理',1,'com.dkd.web.controller.system.SysMenuController.add()','POST',1,'admin','研发部门','/system/menu','127.0.0.1','内网IP','{"children":[],"createBy":"admin","icon":"策略管理","isCache":"0","isFrame":"1","menuName":"策略管理","menuType":"M","orderNum":7,"params":{},"parentId":0,"path":"strategy","status":"0","visible":"0"}','{"msg":"操作成功","code":200}',0,NULL,'2025-09-22 09:19:04',68),(290,'代码生成',6,'com.dkd.generator.controller.GenController.importTableSave()','POST',1,'admin','研发部门','/tool/gen/importTable','127.0.0.1','内网IP','{"tables":"tb_policy"}','{"msg":"操作成功","code":200}',0,NULL,'2025-09-22 09:21:19',368),(291,'代码生成',2,'com.dkd.generator.controller.GenController.editSave()','PUT',1,'admin','研发部门','/tool/gen','127.0.0.1','内网IP','{"businessName":"policy","className":"Policy","columns":[{"capJavaField":"PolicyId","columnComment":"策略id","columnId":87,"columnName":"policy_id","columnType":"bigint","createBy":"admin","createTime":"2025-09-22 09:21:19","dictType":"","edit":false,"htmlType":"input","increment":true,"insert":false,"isIncrement":"1","isInsert":"0","isPk":"1","isRequired":"0","javaField":"policyId","javaType":"Long","list":false,"params":{},"pk":true,"query":false,"queryType":"EQ","required":false,"sort":1,"superColumn":false,"tableId":10,"updateBy":"","usableColumn":false},{"capJavaField":"PolicyName","columnComment":"策略名称","columnId":88,"columnName":"policy_name","columnType":"varchar(30)","createBy":"admin","createTime":"2025-09-22 09:21:19","dictType":"","edit":true,"htmlType":"input","increment":false,"insert":true,"isEdit":"1","isIncrement":"0","isInsert":"1","isList":"1","isPk":"0","isQuery":"1","isRequired":"1","javaField":"policyName","javaType":"String","list":true,"params":{},"pk":false,"query":true,"queryType":"LIKE","required":true,"sort":2,"superColumn":false,"tableId":10,"updateBy":"","usableColumn":false},{"capJavaField":"Discount","columnComment":"策略方案","columnId":89,"columnName":"discount","columnType":"int","createBy":"admin","createTime":"2025-09-22 09:21:19","dictType":"","edit":true,"htmlType":"input","increment":false,"insert":true,"isEdit":"1","isIncrement":"0","isInsert":"1","isList":"1","isPk":"0","isQuery":"1","isRequired":"1","javaField":"discount","javaType":"Long","list":true,"params":{},"pk":false,"query":true,"queryType":"EQ","required":true,"sort":3,"superColumn":false,"tableId":10,"updateBy":"","usableColumn":false},{"capJavaField":"CreateTime","columnComment":"创建日期","columnId":90,"columnName":"create_time","columnType":"timestamp","createBy":"admin","createTime":"2025-09-22 09:21:19","dictType":"","edit":false,"htmlType":"datetime","increment":false,"insert":false,"isIncrement":"0","isInsert":"0","isList":"1","isPk":"0","isRequired":"0","javaField":','{"msg":"操作成功","code":200}',0,NULL,'2025-09-22 09:26:31',113),(292,'代码生成',2,'com.dkd.generator.controller.GenController.editSave()','PUT',1,'admin','研发部门','/tool/gen','127.0.0.1','内网IP','{"businessName":"policy","className":"Policy","columns":[{"capJavaField":"PolicyId","columnComment":"策略id","columnId":87,"columnName":"policy_id","columnType":"bigint","createBy":"admin","createTime":"2025-09-22 09:21:19","dictType":"","edit":false,"htmlType":"input","increment":true,"insert":false,"isIncrement":"1","isInsert":"0","isPk":"1","isRequired":"0","javaField":"policyId","javaType":"Long","list":false,"params":{},"pk":true,"query":false,"queryType":"EQ","required":false,"sort":1,"superColumn":false,"tableId":10,"updateBy":"","updateTime":"2025-09-22 09:26:31","usableColumn":false},{"capJavaField":"PolicyName","columnComment":"策略名称","columnId":88,"columnName":"policy_name","columnType":"varchar(30)","createBy":"admin","createTime":"2025-09-22 09:21:19","dictType":"","edit":true,"htmlType":"input","increment":false,"insert":true,"isEdit":"1","isIncrement":"0","isInsert":"1","isList":"1","isPk":"0","isQuery":"1","isRequired":"1","javaField":"policyName","javaType":"String","list":true,"params":{},"pk":false,"query":true,"queryType":"LIKE","required":true,"sort":2,"superColumn":false,"tableId":10,"updateBy":"","updateTime":"2025-09-22 09:26:31","usableColumn":false},{"capJavaField":"Discount","columnComment":"策略方案","columnId":89,"columnName":"discount","columnType":"int","createBy":"admin","createTime":"2025-09-22 09:21:19","dictType":"","edit":true,"htmlType":"input","increment":false,"insert":true,"isEdit":"1","isIncrement":"0","isInsert":"1","isList":"1","isPk":"0","isQuery":"1","isRequired":"1","javaField":"discount","javaType":"Long","list":true,"params":{},"pk":false,"query":true,"queryType":"EQ","required":true,"sort":3,"superColumn":false,"tableId":10,"updateBy":"","updateTime":"2025-09-22 09:26:31","usableColumn":false},{"capJavaField":"CreateTime","columnComment":"创建日期","columnId":90,"columnName":"create_time","columnType":"timestamp","createBy":"admin","createTime":"2025-09-22 09:21:19","dictType":"","edit":false,"htmlType":"datetime","increment":fa','{"msg":"操作成功","code":200}',0,NULL,'2025-09-22 09:27:41',77),(293,'代码生成',8,'com.dkd.generator.controller.GenController.batchGenCode()','GET',1,'admin','研发部门','/tool/gen/batchGenCode','127.0.0.1','内网IP','{"tables":"tb_policy"}',NULL,0,NULL,'2025-09-22 09:27:48',508),(294,'代码生成',8,'com.dkd.generator.controller.GenController.batchGenCode()','GET',1,'admin','研发部门','/tool/gen/batchGenCode','127.0.0.1','内网IP','{"tables":"tb_policy"}',NULL,0,NULL,'2025-09-22 09:29:16',87),(295,'策略管理',1,'com.dkd.manage.controller.PolicyController.add()','POST',1,'admin','研发部门','/manage/policy','127.0.0.1','内网IP','{"createTime":"2025-09-22 09:40:16","discount":80,"params":{},"policyId":11,"policyName":"暑假促销"}','{"msg":"操作成功","code":200}',0,NULL,'2025-09-22 09:40:16',195),(296,'策略管理',1,'com.dkd.manage.controller.PolicyController.add()','POST',1,'admin','研发部门','/manage/policy','127.0.0.1','内网IP','{"createTime":"2025-09-22 09:52:06","discount":0,"params":{},"policyId":12,"policyName":"11"}','{"msg":"操作成功","code":200}',0,NULL,'2025-09-22 09:52:06',23),(297,'策略管理',3,'com.dkd.manage.controller.PolicyController.remove()','DELETE',1,'admin','研发部门','/manage/policy/12','127.0.0.1','内网IP','{}','{"msg":"操作成功","code":200}',0,NULL,'2025-09-22 09:52:25',46),(298,'策略管理',1,'com.dkd.manage.controller.PolicyController.add()','POST',1,'admin','研发部门','/manage/policy','127.0.0.1','内网IP','{"createTime":"2025-09-22 10:37:44","discount":80,"params":{},"policyId":13,"policyName":"八折优惠"}','{"msg":"操作成功","code":200}',0,NULL,'2025-09-22 10:37:44',56),(299,'策略管理',1,'com.dkd.manage.controller.PolicyController.add()','POST',1,'admin','研发部门','/manage/policy','127.0.0.1','内网IP','{"createTime":"2025-09-22 10:38:02","discount":70,"params":{},"policyId":14,"policyName":"冬季折扣"}','{"msg":"操作成功","code":200}',0,NULL,'2025-09-22 10:38:02',15),(300,'策略管理',1,'com.dkd.manage.controller.PolicyController.add()','POST',1,'admin','研发部门','/manage/policy','127.0.0.1','内网IP','{"createTime":"2025-09-22 10:38:26","discount":60,"params":{},"policyId":15,"policyName":"七夕节优惠"}','{"msg":"操作成功","code":200}',0,NULL,'2025-09-22 10:38:26',14),(301,'策略管理',1,'com.dkd.manage.controller.PolicyController.add()','POST',1,'admin','研发部门','/manage/policy','127.0.0.1','内网IP','{"createTime":"2025-09-22 10:51:45","discount":1,"params":{},"policyId":16,"policyName":"qq"}','{"msg":"操作成功","code":200}',0,NULL,'2025-09-22 10:51:45',38),(302,'策略管理',3,'com.dkd.manage.controller.PolicyController.remove()','DELETE',1,'admin','研发部门','/manage/policy/16','127.0.0.1','内网IP','{}','{"msg":"操作成功","code":200}',0,NULL,'2025-09-22 10:51:55',44),(303,'设备管理',2,'com.dkd.manage.controller.VendingMachineController.edit()','PUT',1,'admin','研发部门','/manage/vm','127.0.0.1','内网IP','{"id":124,"params":{},"policyId":14}',NULL,1,'Cannot invoke "com.dkd.manage.domain.Node.getAddressDetail()" because "node" is null','2025-09-22 14:56:53',83),(304,'设备管理',2,'com.dkd.manage.controller.VendingMachineController.edit()','PUT',1,'admin','研发部门','/manage/vm','127.0.0.1','内网IP','{"id":124,"params":{},"policyId":13}',NULL,1,'Cannot invoke "com.dkd.manage.domain.Node.getAddressDetail()" because "node" is null','2025-09-22 14:57:30',8),(305,'设备管理',2,'com.dkd.manage.controller.VendingMachineController.edit()','PUT',1,'admin','研发部门','/manage/vm','127.0.0.1','内网IP','{"id":124,"params":{},"policyId":14}',NULL,1,'Cannot invoke "com.dkd.manage.domain.Node.getAddressDetail()" because "node" is null','2025-09-22 15:05:43',29),(306,'设备管理',2,'com.dkd.manage.controller.VendingMachineController.edit()','PUT',1,'admin','研发部门','/manage/vm','127.0.0.1','内网IP','{"id":124,"params":{},"policyId":14}','{"msg":"操作成功","code":200}',0,NULL,'2025-09-22 15:06:56',61),(307,'设备管理',2,'com.dkd.manage.controller.VendingMachineController.edit()','PUT',1,'admin','研发部门','/manage/vm','127.0.0.1','内网IP','{"id":124,"params":{},"policyId":14}','{"msg":"操作成功","code":200}',0,NULL,'2025-09-22 15:06:59',9),(308,'设备管理',2,'com.dkd.manage.controller.VendingMachineController.edit()','PUT',1,'admin','研发部门','/manage/vm','127.0.0.1','内网IP','{"id":124,"params":{},"policyId":13}','{"msg":"操作成功","code":200}',0,NULL,'2025-09-22 15:08:31',30),(309,'菜单管理',1,'com.dkd.web.controller.system.SysMenuController.add()','POST',1,'admin','研发部门','/system/menu','127.0.0.1','内网IP','{"children":[],"createBy":"admin","icon":"商品管理","isCache":"0","isFrame":"1","menuName":"商品管理","menuType":"M","orderNum":5,"params":{},"parentId":0,"path":"11","status":"0","visible":"0"}','{"msg":"操作成功","code":200}',0,NULL,'2025-09-22 16:20:15',81),(310,'菜单管理',2,'com.dkd.web.controller.system.SysMenuController.edit()','PUT',1,'admin','研发部门','/system/menu','127.0.0.1','内网IP','{"children":[],"createTime":"2025-09-22 16:20:15","icon":"商品管理","isCache":"0","isFrame":"1","menuId":2049,"menuName":"商品管理","menuType":"M","orderNum":5,"params":{},"parentId":0,"path":"sku","perms":"","status":"0","updateBy":"admin","visible":"0"}','{"msg":"操作成功","code":200}',0,NULL,'2025-09-22 16:20:41',50),(311,'代码生成',6,'com.dkd.generator.controller.GenController.importTableSave()','POST',1,'admin','研发部门','/tool/gen/importTable','127.0.0.1','内网IP','{"tables":"tb_sku_class,tb_sku"}','{"msg":"操作成功","code":200}',0,NULL,'2025-09-22 16:21:48',257),(312,'代码生成',3,'com.dkd.generator.controller.GenController.remove()','DELETE',1,'admin','研发部门','/tool/gen/12','127.0.0.1','内网IP','{}','{"msg":"操作成功","code":200}',0,NULL,'2025-09-22 16:24:24',45),(313,'代码生成',6,'com.dkd.generator.controller.GenController.importTableSave()','POST',1,'admin','研发部门','/tool/gen/importTable','127.0.0.1','内网IP','{"tables":"tb_sku_class"}','{"msg":"操作成功","code":200}',0,NULL,'2025-09-22 16:27:56',86),(314,'代码生成',2,'com.dkd.generator.controller.GenController.editSave()','PUT',1,'admin','研发部门','/tool/gen','127.0.0.1','内网IP','{"businessName":"sku","className":"SkuClass","columns":[{"capJavaField":"ClassId","columnComment":"主键","columnId":105,"columnName":"class_id","columnType":"int","createBy":"admin","createTime":"2025-09-22 16:27:56","dictType":"","edit":false,"htmlType":"input","increment":true,"insert":false,"isIncrement":"1","isInsert":"0","isPk":"1","isRequired":"0","javaField":"classId","javaType":"Long","list":false,"params":{},"pk":true,"query":false,"queryType":"EQ","required":false,"sort":1,"superColumn":false,"tableId":13,"updateBy":"","usableColumn":false},{"capJavaField":"ClassName","columnComment":"类别名称","columnId":106,"columnName":"class_name","columnType":"varchar(50)","createBy":"admin","createTime":"2025-09-22 16:27:56","dictType":"","edit":true,"htmlType":"input","increment":false,"insert":true,"isEdit":"1","isIncrement":"0","isInsert":"1","isList":"1","isPk":"0","isQuery":"1","isRequired":"0","javaField":"className","javaType":"String","list":true,"params":{},"pk":false,"query":true,"queryType":"LIKE","required":false,"sort":2,"superColumn":false,"tableId":13,"updateBy":"","usableColumn":false},{"capJavaField":"ParentId","columnComment":"上级id","columnId":107,"columnName":"parent_id","columnType":"int","createBy":"admin","createTime":"2025-09-22 16:27:56","dictType":"","edit":false,"htmlType":"input","increment":false,"insert":false,"isEdit":"0","isIncrement":"0","isInsert":"0","isList":"1","isPk":"0","isQuery":"1","isRequired":"0","javaField":"parentId","javaType":"Long","list":true,"params":{},"pk":false,"query":true,"queryType":"EQ","required":false,"sort":3,"superColumn":true,"tableId":13,"updateBy":"","usableColumn":true},{"capJavaField":"CreateTime","columnComment":"创建日期","columnId":108,"columnName":"create_time","columnType":"timestamp","createBy":"admin","createTime":"2025-09-22 16:27:56","dictType":"","edit":false,"htmlType":"datetime","increment":false,"insert":false,"isIncrement":"0","isInsert":"0","isList":"1","isPk":"0","isRequired":"0","javaField":"crea','{"msg":"操作成功","code":200}',0,NULL,'2025-09-22 16:30:04',77),(315,'代码生成',2,'com.dkd.generator.controller.GenController.editSave()','PUT',1,'admin','研发部门','/tool/gen','127.0.0.1','内网IP','{"businessName":"sku","className":"Sku","columns":[{"capJavaField":"SkuId","columnComment":"主键","columnId":92,"columnName":"sku_id","columnType":"bigint","createBy":"admin","createTime":"2025-09-22 16:21:48","dictType":"","edit":false,"htmlType":"input","increment":true,"insert":false,"isIncrement":"1","isInsert":"0","isPk":"1","isRequired":"0","javaField":"skuId","javaType":"Long","list":false,"params":{},"pk":true,"query":false,"queryType":"EQ","required":false,"sort":1,"superColumn":false,"tableId":11,"updateBy":"","usableColumn":false},{"capJavaField":"SkuName","columnComment":"商品名称","columnId":93,"columnName":"sku_name","columnType":"varchar(50)","createBy":"admin","createTime":"2025-09-22 16:21:48","dictType":"","edit":true,"htmlType":"input","increment":false,"insert":true,"isEdit":"1","isIncrement":"0","isInsert":"1","isList":"1","isPk":"0","isQuery":"1","isRequired":"1","javaField":"skuName","javaType":"String","list":true,"params":{},"pk":false,"query":true,"queryType":"LIKE","required":true,"sort":2,"superColumn":false,"tableId":11,"updateBy":"","usableColumn":false},{"capJavaField":"SkuImage","columnComment":"商品图片","columnId":94,"columnName":"sku_image","columnType":"varchar(500)","createBy":"admin","createTime":"2025-09-22 16:21:48","dictType":"","edit":true,"htmlType":"imageUpload","increment":false,"insert":true,"isEdit":"1","isIncrement":"0","isInsert":"1","isList":"1","isPk":"0","isQuery":"0","isRequired":"1","javaField":"skuImage","javaType":"String","list":true,"params":{},"pk":false,"query":false,"queryType":"EQ","required":true,"sort":3,"superColumn":false,"tableId":11,"updateBy":"","usableColumn":false},{"capJavaField":"BrandName","columnComment":"品牌","columnId":95,"columnName":"brand_Name","columnType":"varchar(50)","createBy":"admin","createTime":"2025-09-22 16:21:48","dictType":"","edit":true,"htmlType":"input","increment":false,"insert":true,"isEdit":"1","isIncrement":"0","isInsert":"1","isList":"1","isPk":"0","isQuery":"1","isRequired":"1"','{"msg":"操作成功","code":200}',0,NULL,'2025-09-22 16:37:46',104),(316,'代码生成',2,'com.dkd.generator.controller.GenController.editSave()','PUT',1,'admin','研发部门','/tool/gen','127.0.0.1','内网IP','{"businessName":"skuType","className":"Sku","columns":[{"capJavaField":"SkuId","columnComment":"主键","columnId":92,"columnName":"sku_id","columnType":"bigint","createBy":"admin","createTime":"2025-09-22 16:21:48","dictType":"","edit":false,"htmlType":"input","increment":true,"insert":false,"isIncrement":"1","isInsert":"0","isPk":"1","isRequired":"0","javaField":"skuId","javaType":"Long","list":false,"params":{},"pk":true,"query":false,"queryType":"EQ","required":false,"sort":1,"superColumn":false,"tableId":11,"updateBy":"","updateTime":"2025-09-22 16:37:46","usableColumn":false},{"capJavaField":"SkuName","columnComment":"商品名称","columnId":93,"columnName":"sku_name","columnType":"varchar(50)","createBy":"admin","createTime":"2025-09-22 16:21:48","dictType":"","edit":true,"htmlType":"input","increment":false,"insert":true,"isEdit":"1","isIncrement":"0","isInsert":"1","isList":"1","isPk":"0","isQuery":"1","isRequired":"1","javaField":"skuName","javaType":"String","list":true,"params":{},"pk":false,"query":true,"queryType":"LIKE","required":true,"sort":2,"superColumn":false,"tableId":11,"updateBy":"","updateTime":"2025-09-22 16:37:46","usableColumn":false},{"capJavaField":"SkuImage","columnComment":"商品图片","columnId":94,"columnName":"sku_image","columnType":"varchar(500)","createBy":"admin","createTime":"2025-09-22 16:21:48","dictType":"","edit":true,"htmlType":"imageUpload","increment":false,"insert":true,"isEdit":"1","isIncrement":"0","isInsert":"1","isList":"1","isPk":"0","isQuery":"0","isRequired":"1","javaField":"skuImage","javaType":"String","list":true,"params":{},"pk":false,"query":false,"queryType":"EQ","required":true,"sort":3,"superColumn":false,"tableId":11,"updateBy":"","updateTime":"2025-09-22 16:37:46","usableColumn":false},{"capJavaField":"BrandName","columnComment":"品牌","columnId":95,"columnName":"brand_Name","columnType":"varchar(50)","createBy":"admin","createTime":"2025-09-22 16:21:48","dictType":"","edit":true,"htmlType":"input","increment":false,"inse','{"msg":"操作成功","code":200}',0,NULL,'2025-09-22 16:38:05',103),(317,'代码生成',8,'com.dkd.generator.controller.GenController.batchGenCode()','GET',1,'admin','研发部门','/tool/gen/batchGenCode','127.0.0.1','内网IP','{"tables":"tb_sku,tb_sku_class"}',NULL,0,NULL,'2025-09-22 16:38:15',801),(318,'代码生成',8,'com.dkd.generator.controller.GenController.batchGenCode()','GET',1,'admin','研发部门','/tool/gen/batchGenCode','127.0.0.1','内网IP','{"tables":"tb_sku,tb_sku_class"}',NULL,0,NULL,'2025-09-22 16:38:25',130),(319,'菜单管理',2,'com.dkd.web.controller.system.SysMenuController.edit()','PUT',1,'admin','研发部门','/system/menu','127.0.0.1','内网IP','{"children":[],"component":"manage/sku/index","createTime":"2025-09-22 16:39:33","icon":"#","isCache":"0","isFrame":"1","menuId":2050,"menuName":"商品类型","menuType":"C","orderNum":1,"params":{},"parentId":2049,"path":"sku","perms":"manage:sku:list","status":"0","updateBy":"admin","visible":"0"}','{"msg":"操作成功","code":200}',0,NULL,'2025-09-22 16:44:21',40),(320,'菜单管理',2,'com.dkd.web.controller.system.SysMenuController.edit()','PUT',1,'admin','研发部门','/system/menu','127.0.0.1','内网IP','{"children":[],"component":"manage/skuType/index","createTime":"2025-09-22 16:39:52","icon":"#","isCache":"0","isFrame":"1","menuId":2056,"menuName":"商品管理","menuType":"C","orderNum":2,"params":{},"parentId":2049,"path":"skuType","perms":"manage:skuType:list","status":"0","updateBy":"admin","visible":"0"}','{"msg":"操作成功","code":200}',0,NULL,'2025-09-22 16:44:26',25),(321,'菜单管理',2,'com.dkd.web.controller.system.SysMenuController.edit()','PUT',1,'admin','研发部门','/system/menu','127.0.0.1','内网IP','{"children":[],"component":"manage/sku/index","createTime":"2025-09-22 16:39:33","icon":"#","isCache":"0","isFrame":"1","menuId":2050,"menuName":"商品类型","menuType":"C","orderNum":1,"params":{},"parentId":2049,"path":"skuType","perms":"manage:sku:list","status":"0","updateBy":"admin","visible":"0"}','{"msg":"操作成功","code":200}',0,NULL,'2025-09-22 16:45:44',25),(322,'菜单管理',2,'com.dkd.web.controller.system.SysMenuController.edit()','PUT',1,'admin','研发部门','/system/menu','127.0.0.1','内网IP','{"children":[],"component":"manage/sku/index","createTime":"2025-09-22 16:39:33","icon":"#","isCache":"0","isFrame":"1","menuId":2050,"menuName":"商品类型","menuType":"C","orderNum":1,"params":{},"parentId":2049,"path":"sku","perms":"manage:sku:list","status":"0","updateBy":"admin","visible":"0"}','{"msg":"操作成功","code":200}',0,NULL,'2025-09-22 16:46:57',24),(323,'菜单管理',2,'com.dkd.web.controller.system.SysMenuController.edit()','PUT',1,'admin','研发部门','/system/menu','127.0.0.1','内网IP','{"children":[],"component":"manage/skuType/index","createTime":"2025-09-22 16:39:33","icon":"#","isCache":"0","isFrame":"1","menuId":2050,"menuName":"商品类型","menuType":"C","orderNum":1,"params":{},"parentId":2049,"path":"skuType","perms":"manage:skuType:list","status":"0","updateBy":"admin","visible":"0"}','{"msg":"操作成功","code":200}',0,NULL,'2025-09-22 16:50:53',20),(324,'菜单管理',2,'com.dkd.web.controller.system.SysMenuController.edit()','PUT',1,'admin','研发部门','/system/menu','127.0.0.1','内网IP','{"children":[],"component":"manage/sku/index","createTime":"2025-09-22 16:39:52","icon":"#","isCache":"0","isFrame":"1","menuId":2056,"menuName":"商品管理","menuType":"C","orderNum":2,"params":{},"parentId":2049,"path":"sku","perms":"manage:sku:list","status":"0","updateBy":"admin","visible":"0"}','{"msg":"操作成功","code":200}',0,NULL,'2025-09-22 16:51:08',23),(325,'商品管理',1,'com.dkd.manage.controller.SkuClassController.add()','POST',1,'admin','研发部门','/manage/sku','127.0.0.1','内网IP','{"classId":15,"className":"汽水","createTime":"2025-09-22 16:53:25","params":{}}','{"msg":"操作成功","code":200}',0,NULL,'2025-09-22 16:53:25',248),(326,'商品管理',2,'com.dkd.manage.controller.SkuClassController.edit()','PUT',1,'admin','研发部门','/manage/sku','127.0.0.1','内网IP','{"classId":15,"className":"纯净水","createTime":"2025-09-22 16:53:25","params":{},"parentId":0,"updateTime":"2025-09-22 16:54:10"}','{"msg":"操作成功","code":200}',0,NULL,'2025-09-22 16:54:10',15),(327,'商品管理',1,'com.dkd.manage.controller.SkuClassController.add()','POST',1,'admin','研发部门','/manage/sku','127.0.0.1','内网IP','{"classId":16,"className":"奶茶","createTime":"2025-09-22 17:33:14","params":{}}','{"msg":"操作成功","code":200}',0,NULL,'2025-09-22 17:33:15',68),(328,'商品管理',1,'com.dkd.manage.controller.SkuClassController.add()','POST',1,'admin','研发部门','/manage/sku','127.0.0.1','内网IP','{"classId":17,"className":"汽水","createTime":"2025-09-22 17:33:21","params":{}}','{"msg":"操作成功","code":200}',0,NULL,'2025-09-22 17:33:21',44),(329,'商品管理',1,'com.dkd.manage.controller.SkuClassController.add()','POST',1,'admin','研发部门','/manage/sku','127.0.0.1','内网IP','{"classId":18,"className":"小甜水","createTime":"2025-09-22 17:33:49","params":{}}','{"msg":"操作成功","code":200}',0,NULL,'2025-09-22 17:33:49',21),(330,'商品管理',1,'com.dkd.manage.controller.SkuController.add()','POST',1,'admin','研发部门','/manage/skuType','127.0.0.1','内网IP','{"brandName":"王强牌","classId":16,"createTime":"2025-09-22 17:35:59","params":{},"price":5,"skuId":12,"skuImage":"https://javacz-luo.oss-cn-beijing.aliyuncs.com/dkd-images/2025/09/22/68d11827af85267b2f60f3d4.png","skuName":"营养快线","unit":"500ml"}','{"msg":"操作成功","code":200}',0,NULL,'2025-09-22 17:35:59',65),(331,'商品管理',1,'com.dkd.manage.controller.SkuController.add()','POST',1,'admin','研发部门','/manage/skuType','127.0.0.1','内网IP','{"brandName":"阿萨姆","classId":18,"createTime":"2025-09-22 17:36:56","params":{},"price":6,"skuId":13,"skuImage":"https://javacz-luo.oss-cn-beijing.aliyuncs.com/dkd-images/2025/09/22/68d11890af85267b2f60f3d5.png","skuName":"阿萨姆奶茶","unit":"666ml"}','{"msg":"操作成功","code":200}',0,NULL,'2025-09-22 17:36:56',12),(332,'商品管理',2,'com.dkd.manage.controller.SkuController.edit()','PUT',1,'admin','研发部门','/manage/skuType','127.0.0.1','内网IP','{"brandName":"阿萨姆","classId":16,"createTime":"2025-09-22 17:36:56","isDiscount":0,"params":{},"price":6,"skuId":13,"skuImage":"https://javacz-luo.oss-cn-beijing.aliyuncs.com/dkd-images/2025/09/22/68d11890af85267b2f60f3d5.png","skuName":"阿萨姆奶茶","unit":"666ml","updateTime":"2025-09-22 17:37:22"}','{"msg":"操作成功","code":200}',0,NULL,'2025-09-22 17:37:22',18),(333,'商品管理',2,'com.dkd.manage.controller.SkuController.edit()','PUT',1,'admin','研发部门','/manage/skuType','127.0.0.1','内网IP','{"brandName":"王强牌","classId":18,"createTime":"2025-09-22 17:35:59","isDiscount":0,"params":{},"price":5,"skuId":12,"skuImage":"https://javacz-luo.oss-cn-beijing.aliyuncs.com/dkd-images/2025/09/22/68d11827af85267b2f60f3d4.png","skuName":"营养快线","unit":"500ml","updateTime":"2025-09-22 17:37:32"}','{"msg":"操作成功","code":200}',0,NULL,'2025-09-22 17:37:32',34),(334,'商品管理',1,'com.dkd.manage.controller.SkuClassController.add()','POST',1,'admin','研发部门','/manage/sku','127.0.0.1','内网IP','{"classId":19,"className":"玩具","createTime":"2025-09-23 08:26:09","params":{}}','{"msg":"操作成功","code":200}',0,NULL,'2025-09-23 08:26:09',337),(335,'商品管理',1,'com.dkd.manage.controller.SkuClassController.add()','POST',1,'admin','研发部门','/manage/sku','127.0.0.1','内网IP','{"classId":20,"className":"化妆品","createTime":"2025-09-23 08:26:19","params":{}}','{"msg":"操作成功","code":200}',0,NULL,'2025-09-23 08:26:19',24),(336,'商品管理',1,'com.dkd.manage.controller.SkuClassController.add()','POST',1,'admin','研发部门','/manage/sku','127.0.0.1','内网IP','{"className":"奶茶","createTime":"2025-09-23 08:27:02","params":{}}',NULL,1,'\r\n### Error updating database.  Cause: java.sql.SQLIntegrityConstraintViolationException: Duplicate entry \'奶茶\' for key \'tb_sku_class.uk_sku_class_class_name\'\r\n### The error may exist in file [E:\\ideaProgram\\dkd-parent\\dkd-manage\\target\\classes\\mapper\\manage\\SkuClassMapper.xml]\r\n### The error may involve com.dkd.manage.mapper.SkuClassMapper.insertSkuClass-Inline\r\n### The error occurred while setting parameters\r\n### SQL: insert into tb_sku_class          ( class_name,                          create_time )           values ( ?,                          ? )\r\n### Cause: java.sql.SQLIntegrityConstraintViolationException: Duplicate entry \'奶茶\' for key \'tb_sku_class.uk_sku_class_class_name\'\n; Duplicate entry \'奶茶\' for key \'tb_sku_class.uk_sku_class_class_name\'; nested exception is java.sql.SQLIntegrityConstraintViolationException: Duplicate entry \'奶茶\' for key \'tb_sku_class.uk_sku_class_class_name\'','2025-09-23 08:27:02',363),(337,'商品管理',1,'com.dkd.manage.controller.SkuClassController.add()','POST',1,'admin','研发部门','/manage/sku','127.0.0.1','内网IP','{"className":"奶茶","createTime":"2025-09-23 08:32:21","params":{}}',NULL,1,'\r\n### Error updating database.  Cause: java.sql.SQLIntegrityConstraintViolationException: Duplicate entry \'奶茶\' for key \'tb_sku_class.uk_sku_class_class_name\'\r\n### The error may exist in file [E:\\ideaProgram\\dkd-parent\\dkd-manage\\target\\classes\\mapper\\manage\\SkuClassMapper.xml]\r\n### The error may involve com.dkd.manage.mapper.SkuClassMapper.insertSkuClass-Inline\r\n### The error occurred while setting parameters\r\n### SQL: insert into tb_sku_class          ( class_name,                          create_time )           values ( ?,                          ? )\r\n### Cause: java.sql.SQLIntegrityConstraintViolationException: Duplicate entry \'奶茶\' for key \'tb_sku_class.uk_sku_class_class_name\'\n; Duplicate entry \'奶茶\' for key \'tb_sku_class.uk_sku_class_class_name\'; nested exception is java.sql.SQLIntegrityConstraintViolationException: Duplicate entry \'奶茶\' for key \'tb_sku_class.uk_sku_class_class_name\'','2025-09-23 08:32:31',201),(338,'商品管理',3,'com.dkd.manage.controller.SkuClassController.remove()','DELETE',1,'admin','研发部门','/manage/sku/15,16,17,18,19,20','127.0.0.1','内网IP','{}','{"msg":"操作成功","code":200}',0,NULL,'2025-09-23 08:37:17',193),(339,'商品管理',3,'com.dkd.manage.controller.SkuController.remove()','DELETE',1,'admin','研发部门','/manage/skuType/12,13','127.0.0.1','内网IP','{}','{"msg":"操作成功","code":200}',0,NULL,'2025-09-23 08:37:14',21),(340,'菜单管理',2,'com.dkd.web.controller.system.SysMenuController.edit()','PUT',1,'admin','研发部门','/system/menu','127.0.0.1','内网IP','{"children":[],"component":"manage/sku/index","createTime":"2025-09-22 16:39:33","icon":"#","isCache":"0","isFrame":"1","menuId":2050,"menuName":"商品类型","menuType":"C","orderNum":1,"params":{},"parentId":2049,"path":"sku","perms":"manage:sku:list","status":"0","updateBy":"admin","visible":"0"}','{"msg":"操作成功","code":200}',0,NULL,'2025-09-23 08:53:01',74),(341,'菜单管理',2,'com.dkd.web.controller.system.SysMenuController.edit()','PUT',1,'admin','研发部门','/system/menu','127.0.0.1','内网IP','{"children":[],"component":"manage/skuType/index","createTime":"2025-09-22 16:39:52","icon":"#","isCache":"0","isFrame":"1","menuId":2056,"menuName":"商品管理","menuType":"C","orderNum":1,"params":{},"parentId":2049,"path":"skuType","perms":"manage:skuType:list","status":"0","updateBy":"admin","visible":"0"}','{"msg":"操作成功","code":200}',0,NULL,'2025-09-23 08:53:53',24),(342,'菜单管理',2,'com.dkd.web.controller.system.SysMenuController.edit()','PUT',1,'admin','研发部门','/system/menu','127.0.0.1','内网IP','{"children":[],"component":"manage/sku/index","createTime":"2025-09-22 16:39:33","icon":"#","isCache":"0","isFrame":"1","menuId":2050,"menuName":"商品管理","menuType":"C","orderNum":2,"params":{},"parentId":2049,"path":"sku","perms":"manage:sku:list","status":"0","visible":"0"}','{"msg":"修改菜单\'商品管理\'失败，菜单名称已存在","code":500}',0,NULL,'2025-09-23 08:54:30',13),(343,'菜单管理',2,'com.dkd.web.controller.system.SysMenuController.edit()','PUT',1,'admin','研发部门','/system/menu','127.0.0.1','内网IP','{"children":[],"component":"manage/sku/index","createTime":"2025-09-22 16:39:33","icon":"#","isCache":"0","isFrame":"1","menuId":2050,"menuName":"商品管理1","menuType":"C","orderNum":2,"params":{},"parentId":2049,"path":"sku","perms":"manage:sku:list","status":"0","updateBy":"admin","visible":"0"}','{"msg":"操作成功","code":200}',0,NULL,'2025-09-23 08:54:23',20),(344,'菜单管理',2,'com.dkd.web.controller.system.SysMenuController.edit()','PUT',1,'admin','研发部门','/system/menu','127.0.0.1','内网IP','{"children":[],"component":"manage/skuType/index","createTime":"2025-09-22 16:39:52","icon":"#","isCache":"0","isFrame":"1","menuId":2056,"menuName":"商品类型","menuType":"C","orderNum":1,"params":{},"parentId":2049,"path":"skuType","perms":"manage:skuType:list","status":"0","updateBy":"admin","visible":"0"}','{"msg":"操作成功","code":200}',0,NULL,'2025-09-23 08:54:42',21),(345,'菜单管理',2,'com.dkd.web.controller.system.SysMenuController.edit()','PUT',1,'admin','研发部门','/system/menu','127.0.0.1','内网IP','{"children":[],"component":"manage/sku/index","createTime":"2025-09-22 16:39:33","icon":"#","isCache":"0","isFrame":"1","menuId":2050,"menuName":"商品管理","menuType":"C","orderNum":2,"params":{},"parentId":2049,"path":"sku","perms":"manage:sku:list","status":"0","updateBy":"admin","visible":"0"}','{"msg":"操作成功","code":200}',0,NULL,'2025-09-23 08:54:48',23),(346,'菜单管理',2,'com.dkd.web.controller.system.SysMenuController.edit()','PUT',1,'admin','研发部门','/system/menu','127.0.0.1','内网IP','{"children":[],"component":"manage/sku/index","createTime":"2025-09-22 16:39:52","icon":"#","isCache":"0","isFrame":"1","menuId":2056,"menuName":"商品管理1","menuType":"C","orderNum":1,"params":{},"parentId":2049,"path":"sku","perms":"manage:sku:list","status":"0","updateBy":"admin","visible":"0"}','{"msg":"操作成功","code":200}',0,NULL,'2025-09-23 09:09:46',52),(347,'菜单管理',2,'com.dkd.web.controller.system.SysMenuController.edit()','PUT',1,'admin','研发部门','/system/menu','127.0.0.1','内网IP','{"children":[],"component":"manage/skuType/index","createTime":"2025-09-22 16:39:33","icon":"#","isCache":"0","isFrame":"1","menuId":2050,"menuName":"商品类型","menuType":"C","orderNum":2,"params":{},"parentId":2049,"path":"skuType","perms":"manage:skuType:list","status":"0","updateBy":"admin","visible":"0"}','{"msg":"操作成功","code":200}',0,NULL,'2025-09-23 09:10:42',25),(348,'菜单管理',2,'com.dkd.web.controller.system.SysMenuController.edit()','PUT',1,'admin','研发部门','/system/menu','127.0.0.1','内网IP','{"children":[],"component":"manage/sku/index","createTime":"2025-09-22 16:39:52","icon":"#","isCache":"0","isFrame":"1","menuId":2056,"menuName":"商品管理","menuType":"C","orderNum":2,"params":{},"parentId":2049,"path":"sku","perms":"manage:sku:list","status":"0","updateBy":"admin","visible":"0"}','{"msg":"操作成功","code":200}',0,NULL,'2025-09-23 09:12:26',22),(349,'菜单管理',2,'com.dkd.web.controller.system.SysMenuController.edit()','PUT',1,'admin','研发部门','/system/menu','127.0.0.1','内网IP','{"children":[],"component":"manage/skuType/index","createTime":"2025-09-22 16:39:33","icon":"#","isCache":"0","isFrame":"1","menuId":2050,"menuName":"商品类型","menuType":"C","orderNum":1,"params":{},"parentId":2049,"path":"skuType","perms":"manage:skuType:list","status":"0","updateBy":"admin","visible":"0"}','{"msg":"操作成功","code":200}',0,NULL,'2025-09-23 09:12:32',20),(350,'商品管理',1,'com.dkd.manage.controller.SkuController.add()','POST',1,'admin','研发部门','/manage/sku','127.0.0.1','内网IP','{"brandName":"阿萨姆","classId":1,"createTime":"2025-09-23 10:13:33","params":{},"price":450,"skuId":14,"skuImage":"https://javacz-luo.oss-cn-beijing.aliyuncs.com/dkd-images/2025/09/23/68d2020b4a354f975e5eafc0.png","skuName":"阿萨姆奶茶","unit":"500ML"}','{"msg":"操作成功","code":200}',0,NULL,'2025-09-23 10:13:33',212),(351,'商品管理',2,'com.dkd.manage.controller.SkuController.edit()','PUT',1,'admin','研发部门','/manage/sku','127.0.0.1','内网IP','{"brandName":"阿萨姆","classId":1,"createTime":"2025-09-23 10:13:33","isDiscount":0,"params":{},"price":400,"skuId":14,"skuImage":"https://javacz-luo.oss-cn-beijing.aliyuncs.com/dkd-images/2025/09/23/68d2020b4a354f975e5eafc0.png","skuName":"阿萨姆奶茶","unit":"500ML","updateTime":"2025-09-23 10:20:51"}','{"msg":"操作成功","code":200}',0,NULL,'2025-09-23 10:20:52',70),(352,'商品管理',1,'com.dkd.manage.controller.SkuController.add()','POST',1,'admin','研发部门','/manage/sku','127.0.0.1','内网IP','{"brandName":"营养","classId":1,"createTime":"2025-09-23 10:21:39","params":{},"price":350,"skuId":15,"skuImage":"https://javacz-luo.oss-cn-beijing.aliyuncs.com/dkd-images/2025/09/23/68d2040e4a3500e3af434c84.png","skuName":"营养快线","unit":"450ML"}','{"msg":"操作成功","code":200}',0,NULL,'2025-09-23 10:21:39',27),(353,'商品管理',2,'com.dkd.manage.controller.SkuController.edit()','PUT',1,'admin','研发部门','/manage/sku','127.0.0.1','内网IP','{"brandName":"阿萨姆","classId":1,"createTime":"2025-09-23 10:13:33","isDiscount":0,"params":{},"price":450,"skuId":14,"skuImage":"https://javacz-luo.oss-cn-beijing.aliyuncs.com/dkd-images/2025/09/23/68d2020b4a354f975e5eafc0.png","skuName":"阿萨姆奶茶","unit":"500ML","updateTime":"2025-09-23 10:25:46"}','{"msg":"操作成功","code":200}',0,NULL,'2025-09-23 10:25:46',28),(354,'商品管理',2,'com.dkd.manage.controller.SkuController.edit()','PUT',1,'admin','研发部门','/manage/sku','127.0.0.1','内网IP','{"brandName":"可口可乐","classId":1,"createTime":"2020-09-16 06:41:50","isDiscount":0,"params":{},"price":150,"skuId":3,"skuImage":"https://likede2-java.itheima.net/image/product3.png","skuName":"统一奶茶","unit":"500ML","updateTime":"2025-09-23 10:29:31"}','{"msg":"操作成功","code":200}',0,NULL,'2025-09-23 10:29:31',26),(355,'商品管理',2,'com.dkd.manage.controller.SkuController.edit()','PUT',1,'admin','研发部门','/manage/sku','127.0.0.1','内网IP','{"brandName":"可口可乐","classId":1,"createTime":"2020-09-16 06:41:50","isDiscount":0,"params":{},"price":200,"skuId":3,"skuImage":"https://likede2-java.itheima.net/image/product3.png","skuName":"统一奶茶","unit":"500ML","updateTime":"2025-09-23 10:29:37"}','{"msg":"操作成功","code":200}',0,NULL,'2025-09-23 10:29:37',21),(356,'商品管理',2,'com.dkd.manage.controller.SkuController.edit()','PUT',1,'admin','研发部门','/manage/sku','127.0.0.1','内网IP','{"brandName":"茉莉花茶","classId":1,"createTime":"2020-12-18 06:04:45","isDiscount":0,"params":{},"price":150,"skuId":8,"skuImage":"https://likede2-java.itheima.net/image/product8.png","skuName":"魔力花茶","unit":"500ML","updateTime":"2025-09-23 10:38:47"}','{"msg":"操作成功","code":200}',0,NULL,'2025-09-23 10:38:47',18),(357,'商品管理',3,'com.dkd.manage.controller.SkuClassController.remove()','DELETE',1,'admin','研发部门','/manage/skuType/1','127.0.0.1','内网IP','{}',NULL,1,'\r\n### Error querying database.  Cause: java.sql.SQLSyntaxErrorException: You have an error in your SQL syntax; check the manual that corresponds to your MySQL server version for the right syntax to use near \'/>\' at line 7\r\n### The error may exist in file [E:\\ideaProgram\\dkd-parent\\dkd-manage\\target\\classes\\mapper\\manage\\SkuClassMapper.xml]\r\n### The error may involve defaultParameterMap\r\n### The error occurred while setting parameters\r\n### SQL: select *         from tb_sku_class          WHERE class_id in             (                 ?             )             />\r\n### Cause: java.sql.SQLSyntaxErrorException: You have an error in your SQL syntax; check the manual that corresponds to your MySQL server version for the right syntax to use near \'/>\' at line 7\n; bad SQL grammar []; nested exception is java.sql.SQLSyntaxErrorException: You have an error in your SQL syntax; check the manual that corresponds to your MySQL server version for the right syntax to use near \'/>\' at line 7','2025-09-23 11:11:31',509),(358,'商品管理',3,'com.dkd.manage.controller.SkuClassController.remove()','DELETE',1,'admin','研发部门','/manage/skuType/1','127.0.0.1','内网IP','{}',NULL,1,'\r\n### Error querying database.  Cause: java.sql.SQLSyntaxErrorException: You have an error in your SQL syntax; check the manual that corresponds to your MySQL server version for the right syntax to use near \'/>\' at line 7\r\n### The error may exist in file [E:\\ideaProgram\\dkd-parent\\dkd-manage\\target\\classes\\mapper\\manage\\SkuClassMapper.xml]\r\n### The error may involve defaultParameterMap\r\n### The error occurred while setting parameters\r\n### SQL: select *         from tb_sku_class          WHERE class_id in             (                 ?             )             />\r\n### Cause: java.sql.SQLSyntaxErrorException: You have an error in your SQL syntax; check the manual that corresponds to your MySQL server version for the right syntax to use near \'/>\' at line 7\n; bad SQL grammar []; nested exception is java.sql.SQLSyntaxErrorException: You have an error in your SQL syntax; check the manual that corresponds to your MySQL server version for the right syntax to use near \'/>\' at line 7','2025-09-23 11:13:00',17578),(359,'商品管理',3,'com.dkd.manage.controller.SkuClassController.remove()','DELETE',1,'admin','研发部门','/manage/skuType/1','127.0.0.1','内网IP','{}',NULL,1,'饮料商品类型下有可口可乐、康师傅、统一奶茶、青梅绿茶、冰糖雪梨、怡宝至尊、一百橙汁、魔力花茶、新星巴克、阿萨姆奶茶、营养快线商品','2025-09-23 11:14:52',64),(360,'商品管理',3,'com.dkd.manage.controller.SkuClassController.remove()','DELETE',1,'admin','研发部门','/manage/skuType/1','127.0.0.1','内网IP','{}',NULL,1,'饮料商品类型下有可口可乐、康师傅、统一奶茶、青梅绿茶、冰糖雪梨、怡宝至尊、一百橙汁、魔力花茶、新星巴克、阿萨姆奶茶、营养快线商品','2025-09-23 11:14:59',29),(361,'商品管理',3,'com.dkd.manage.controller.SkuClassController.remove()','DELETE',1,'admin','研发部门','/manage/skuType/1,2','127.0.0.1','内网IP','{}',NULL,1,'饮料、零食商品类型下仍有可口可乐、康师傅、统一奶茶、青梅绿茶、冰糖雪梨、怡宝至尊、一百橙汁、魔力花茶、新星巴克、阿萨姆奶茶、营养快线商品,','2025-09-23 11:15:54',36),(362,'商品管理',3,'com.dkd.manage.controller.SkuClassController.remove()','DELETE',1,'admin','研发部门','/manage/skuType/1,2','127.0.0.1','内网IP','{}',NULL,1,'饮料、零食商品类型下仍有可口可乐、康师傅、统一奶茶、青梅绿茶、冰糖雪梨、怡宝至尊、一百橙汁、魔力花茶、新星巴克、阿萨姆奶茶、营养快线商品,','2025-09-23 11:16:00',23),(363,'商品管理',3,'com.dkd.manage.controller.SkuClassController.remove()','DELETE',1,'admin','研发部门','/manage/skuType/1,2','127.0.0.1','内网IP','{}',NULL,1,'饮料、零食商品类型下仍有可口可乐、康师傅、统一奶茶、青梅绿茶、冰糖雪梨、怡宝至尊、一百橙汁、魔力花茶、新星巴克、阿萨姆奶茶、营养快线商品,','2025-09-23 11:16:12',30),(364,'商品管理',3,'com.dkd.manage.controller.SkuClassController.remove()','DELETE',1,'admin','研发部门','/manage/skuType/1,2','127.0.0.1','内网IP','{}',NULL,1,'饮料、零食商品类型下仍有可口可乐、康师傅、统一奶茶、青梅绿茶、冰糖雪梨、怡宝至尊、一百橙汁、魔力花茶、新星巴克、阿萨姆奶茶、营养快线商品,','2025-09-23 11:20:32',41),(365,'商品管理',3,'com.dkd.manage.controller.SkuClassController.remove()','DELETE',1,'admin','研发部门','/manage/skuType/1,2','127.0.0.1','内网IP','{}',NULL,1,'饮料商品类型下仍有可口可乐、康师傅、统一奶茶、青梅绿茶、冰糖雪梨、怡宝至尊、一百橙汁、魔力花茶、新星巴克、阿萨姆奶茶、营养快线商品,','2025-09-23 11:35:29',56),(366,'商品管理',1,'com.dkd.manage.controller.SkuClassController.add()','POST',1,'admin','研发部门','/manage/skuType','127.0.0.1','内网IP','{"classId":23,"className":"体育用品","createTime":"2025-09-23 11:36:05","params":{}}','{"msg":"操作成功","code":200}',0,NULL,'2025-09-23 11:36:16',37),(367,'商品管理',3,'com.dkd.manage.controller.SkuClassController.remove()','DELETE',1,'admin','研发部门','/manage/skuType/23','127.0.0.1','内网IP','{}','{"msg":"操作成功","code":200}',0,NULL,'2025-09-23 11:36:25',45),(368,'商品管理',3,'com.dkd.manage.controller.SkuController.remove()','DELETE',1,'admin','研发部门','/manage/sku/1','127.0.0.1','内网IP','{}',NULL,1,'\r\n### Error querying database.  Cause: java.sql.SQLSyntaxErrorException: You have an error in your SQL syntax; check the manual that corresponds to your MySQL server version for the right syntax to use near \'/>\' at line 7\r\n### The error may exist in file [E:\\ideaProgram\\dkd-parent\\dkd-manage\\target\\classes\\mapper\\manage\\SkuMapper.xml]\r\n### The error may involve defaultParameterMap\r\n### The error occurred while setting parameters\r\n### SQL: select *         from tb_sku          WHERE sku_id in             (                 ?             )             />\r\n### Cause: java.sql.SQLSyntaxErrorException: You have an error in your SQL syntax; check the manual that corresponds to your MySQL server version for the right syntax to use near \'/>\' at line 7\n; bad SQL grammar []; nested exception is java.sql.SQLSyntaxErrorException: You have an error in your SQL syntax; check the manual that corresponds to your MySQL server version for the right syntax to use near \'/>\' at line 7','2025-09-23 17:39:01',380),(369,'商品管理',3,'com.dkd.manage.controller.SkuController.remove()','DELETE',1,'admin','研发部门','/manage/sku/1','127.0.0.1','内网IP','{}',NULL,1,'设备编号为A1000001下的货道编号1-5有可口可乐商品，无法删除！\n设备编号为GZ0001下的货道编号1-1有可口可乐商品，无法删除！\n设备编号为Xhax5euA下的货道编号1-1有可口可乐商品，无法删除！','2025-09-23 17:40:40',62),(370,'商品管理',3,'com.dkd.manage.controller.SkuController.remove()','DELETE',1,'admin','研发部门','/manage/sku/1','127.0.0.1','内网IP','{}',NULL,1,'设备编号为A1000001下的货道编号1-5有可口可乐商品，无法删除！\n设备编号为GZ0001下的货道编号1-1有可口可乐商品，无法删除！\n设备编号为Xhax5euA下的货道编号1-1有可口可乐商品，无法删除！','2025-09-23 17:40:36',20),(371,'商品管理',3,'com.dkd.manage.controller.SkuController.remove()','DELETE',1,'admin','研发部门','/manage/sku/1','127.0.0.1','内网IP','{}',NULL,1,'设备编号为A1000001下的货道编号1-5有可口可乐商品，无法删除！<br>设备编号为GZ0001下的货道编号1-1有可口可乐商品，无法删除！<br>设备编号为Xhax5euA下的货道编号1-1有可口可乐商品，无法删除！<br>','2025-09-23 17:43:02',187),(372,'商品管理',3,'com.dkd.manage.controller.SkuController.remove()','DELETE',1,'admin','研发部门','/manage/sku/1','127.0.0.1','内网IP','{}',NULL,1,'设备编号为A1000001下的货道编号1-5有可口可乐商品，无法删除！\r\n设备编号为GZ0001下的货道编号1-1有可口可乐商品，无法删除！\r\n设备编号为Xhax5euA下的货道编号1-1有可口可乐商品，无法删除！','2025-09-23 17:45:51',29),(373,'商品管理',3,'com.dkd.manage.controller.SkuController.remove()','DELETE',1,'admin','研发部门','/manage/sku/1','127.0.0.1','内网IP','{}',NULL,1,'设备编号为A1000001下的货道编号1-5有可口可乐商品，无法删除！<br/>设备编号为GZ0001下的货道编号1-1有可口可乐商品，无法删除！<br/>设备编号为Xhax5euA下的货道编号1-1有可口可乐商品，无法删除！<br/>','2025-09-23 17:48:24',42),(374,'商品管理',3,'com.dkd.manage.controller.SkuController.remove()','DELETE',1,'admin','研发部门','/manage/sku/1','127.0.0.1','内网IP','{}',NULL,1,'设备编号为A1000001下的货道编号1-5有可口可乐商品，无法删除！\n设备编号为GZ0001下的货道编号1-1有可口可乐商品，无法删除！\n设备编号为Xhax5euA下的货道编号1-1有可口可乐商品，无法删除！','2025-09-23 17:52:20',225),(375,'商品管理',3,'com.dkd.manage.controller.SkuController.remove()','DELETE',1,'admin','研发部门','/manage/sku/1','127.0.0.1','内网IP','{}',NULL,1,'设备编号为A1000001下的货道编号1-5有可口可乐商品，无法删除！\n设备编号为GZ0001下的货道编号1-1有可口可乐商品，无法删除！\n设备编号为Xhax5euA下的货道编号1-1有可口可乐商品，无法删除！','2025-09-23 17:53:02',31),(376,'商品管理',3,'com.dkd.manage.controller.SkuController.remove()','DELETE',1,'admin','研发部门','/manage/sku/1','127.0.0.1','内网IP','{}',NULL,1,'设备编号为A1000001下的货道编号1-5有可口可乐商品，无法删除！\n设备编号为GZ0001下的货道编号1-1有可口可乐商品，无法删除！\n设备编号为Xhax5euA下的货道编号1-1有可口可乐商品，无法删除！','2025-09-23 17:55:51',56),(377,'商品管理',3,'com.dkd.manage.controller.SkuController.remove()','DELETE',1,'admin','研发部门','/manage/sku/1','127.0.0.1','内网IP','{}',NULL,1,'设备编号为A1000001下的货道编号1-5有可口可乐商品，无法删除！\n设备编号为GZ0001下的货道编号1-1有可口可乐商品，无法删除！\n设备编号为Xhax5euA下的货道编号1-1有可口可乐商品，无法删除！','2025-09-23 17:56:19',54),(378,'商品管理',3,'com.dkd.manage.controller.SkuController.remove()','DELETE',1,'admin','研发部门','/manage/sku/1','127.0.0.1','内网IP','{}',NULL,1,'设备编号为A1000001下的货道编号1-5有可口可乐商品，无法删除！\n设备编号为GZ0001下的货道编号1-1有可口可乐商品，无法删除！\n设备编号为Xhax5euA下的货道编号1-1有可口可乐商品，无法删除！','2025-09-23 17:58:49',53),(379,'商品管理',3,'com.dkd.manage.controller.SkuController.remove()','DELETE',1,'admin','研发部门','/manage/sku/1','127.0.0.1','内网IP','{}',NULL,1,'设备编号为A1000001下的货道编号1-5有可口可乐商品，无法删除！\n设备编号为GZ0001下的货道编号1-1有可口可乐商品，无法删除！\n设备编号为Xhax5euA下的货道编号1-1有可口可乐商品，无法删除！','2025-09-23 18:01:11',30),(380,'商品管理',3,'com.dkd.manage.controller.SkuController.remove()','DELETE',1,'admin','研发部门','/manage/sku/1','127.0.0.1','内网IP','{}',NULL,1,'设备编号为A1000001下的货道编号1-5有可口可乐商品，无法删除！\n设备编号为GZ0001下的货道编号1-1有可口可乐商品，无法删除！\n设备编号为Xhax5euA下的货道编号1-1有可口可乐商品，无法删除！','2025-09-23 18:01:20',27),(381,'商品管理',3,'com.dkd.manage.controller.SkuController.remove()','DELETE',1,'admin','研发部门','/manage/sku/1','127.0.0.1','内网IP','{}',NULL,1,'设备编号为A1000001下的货道编号1-5有可口可乐商品，无法删除！\n设备编号为GZ0001下的货道编号1-1有可口可乐商品，无法删除！\n设备编号为Xhax5euA下的货道编号1-1有可口可乐商品，无法删除！','2025-09-23 18:03:49',75),(382,'商品管理',3,'com.dkd.manage.controller.SkuController.remove()','DELETE',1,'admin','研发部门','/manage/sku/1','127.0.0.1','内网IP','{}',NULL,1,'设备编号为A1000001下的货道编号1-5有可口可乐商品，无法删除！\n设备编号为GZ0001下的货道编号1-1有可口可乐商品，无法删除！\n设备编号为Xhax5euA下的货道编号1-1有可口可乐商品，无法删除！','2025-09-23 18:11:17',102),(383,'商品管理',3,'com.dkd.manage.controller.SkuController.remove()','DELETE',1,'admin','研发部门','/manage/sku/1','127.0.0.1','内网IP','{}',NULL,1,'设备编号为A1000001下的货道编号1-5有可口可乐商品，无法删除！\n设备编号为GZ0001下的货道编号1-1有可口可乐商品，无法删除！\n设备编号为Xhax5euA下的货道编号1-1有可口可乐商品，无法删除！','2025-09-23 18:11:13',21),(384,'商品管理',3,'com.dkd.manage.controller.SkuController.remove()','DELETE',1,'admin','研发部门','/manage/sku/1','127.0.0.1','内网IP','{}',NULL,1,'设备编号为A1000001下的货道编号1-5有可口可乐商品，无法删除！\n设备编号为GZ0001下的货道编号1-1有可口可乐商品，无法删除！\n设备编号为Xhax5euA下的货道编号1-1有可口可乐商品，无法删除！','2025-09-23 18:11:42',28),(385,'商品管理',3,'com.dkd.manage.controller.SkuController.remove()','DELETE',1,'admin','研发部门','/manage/sku/1','127.0.0.1','内网IP','{}',NULL,1,'设备编号为A1000001下的货道编号1-5有可口可乐商品，无法删除！\n设备编号为GZ0001下的货道编号1-1有可口可乐商品，无法删除！\n设备编号为Xhax5euA下的货道编号1-1有可口可乐商品，无法删除！','2025-09-23 18:16:52',45),(386,'商品管理',3,'com.dkd.manage.controller.SkuController.remove()','DELETE',1,'admin','研发部门','/manage/sku/1','127.0.0.1','内网IP','{}',NULL,1,'设备编号为A1000001下的货道编号1-5有可口可乐商品，无法删除！\n设备编号为GZ0001下的货道编号1-1有可口可乐商品，无法删除！\n设备编号为Xhax5euA下的货道编号1-1有可口可乐商品，无法删除！','2025-09-23 18:17:02',22),(387,'商品管理',3,'com.dkd.manage.controller.SkuController.remove()','DELETE',1,'admin','研发部门','/manage/sku/1','127.0.0.1','内网IP','{}',NULL,1,'设备编号为A1000001下的货道编号1-5有可口可乐商品，无法删除！\n设备编号为GZ0001下的货道编号1-1有可口可乐商品，无法删除！\n设备编号为Xhax5euA下的货道编号1-1有可口可乐商品，无法删除！','2025-09-23 18:17:14',36),(388,'商品管理',3,'com.dkd.manage.controller.SkuController.remove()','DELETE',1,'admin','研发部门','/manage/sku/1','127.0.0.1','内网IP','{}',NULL,1,'设备编号为A1000001下的货道编号1-5有可口可乐商品，无法删除！\n设备编号为GZ0001下的货道编号1-1有可口可乐商品，无法删除！\n设备编号为Xhax5euA下的货道编号1-1有可口可乐商品，无法删除！','2025-09-23 18:19:56',19),(389,'商品管理',3,'com.dkd.manage.controller.SkuController.remove()','DELETE',1,'admin','研发部门','/manage/sku/1','127.0.0.1','内网IP','{}',NULL,1,'设备编号为A1000001下的货道编号1-5有可口可乐商品，无法删除！\n设备编号为GZ0001下的货道编号1-1有可口可乐商品，无法删除！\n设备编号为Xhax5euA下的货道编号1-1有可口可乐商品，无法删除！','2025-09-23 18:20:04',31),(390,'商品管理',3,'com.dkd.manage.controller.SkuController.remove()','DELETE',1,'admin','研发部门','/manage/sku/1','127.0.0.1','内网IP','{}',NULL,1,'设备编号为A1000001下的货道编号1-5有可口可乐商品，无法删除！\n设备编号为GZ0001下的货道编号1-1有可口可乐商品，无法删除！\n设备编号为Xhax5euA下的货道编号1-1有可口可乐商品，无法删除！','2025-09-23 18:21:29',18),(391,'商品管理',3,'com.dkd.manage.controller.SkuController.remove()','DELETE',1,'admin','研发部门','/manage/sku/1','127.0.0.1','内网IP','{}',NULL,1,'设备编号为A1000001下的货道编号1-5有可口可乐商品，无法删除！\n设备编号为GZ0001下的货道编号1-1有可口可乐商品，无法删除！\n设备编号为Xhax5euA下的货道编号1-1有可口可乐商品，无法删除！','2025-09-23 18:21:36',25),(392,'商品管理',3,'com.dkd.manage.controller.SkuController.remove()','DELETE',1,'admin','研发部门','/manage/sku/1','127.0.0.1','内网IP','{}',NULL,1,'设备编号为A1000001下的货道编号1-5有可口可乐商品，无法删除！\n设备编号为GZ0001下的货道编号1-1有可口可乐商品，无法删除！\n设备编号为Xhax5euA下的货道编号1-1有可口可乐商品，无法删除！','2025-09-23 18:22:33',29),(393,'商品管理',3,'com.dkd.manage.controller.SkuController.remove()','DELETE',1,'admin','研发部门','/manage/sku/1','127.0.0.1','内网IP','{}',NULL,1,'设备编号为A1000001下的货道编号1-5有可口可乐商品，无法删除！\n设备编号为GZ0001下的货道编号1-1有可口可乐商品，无法删除！\n设备编号为Xhax5euA下的货道编号1-1有可口可乐商品，无法删除！','2025-09-23 18:22:45',25),(394,'商品管理',3,'com.dkd.manage.controller.SkuController.remove()','DELETE',1,'admin','研发部门','/manage/sku/1','127.0.0.1','内网IP','{}',NULL,1,'设备编号为A1000001下的货道编号1-5有可口可乐商品，无法删除！\n设备编号为GZ0001下的货道编号1-1有可口可乐商品，无法删除！\n设备编号为Xhax5euA下的货道编号1-1有可口可乐商品，无法删除！','2025-09-23 18:25:21',29),(395,'商品管理',3,'com.dkd.manage.controller.SkuController.remove()','DELETE',1,'admin','研发部门','/manage/sku/1','127.0.0.1','内网IP','{}',NULL,1,'设备编号为A1000001下的货道编号1-5有可口可乐商品，无法删除！\n设备编号为GZ0001下的货道编号1-1有可口可乐商品，无法删除！\n设备编号为Xhax5euA下的货道编号1-1有可口可乐商品，无法删除！','2025-09-23 18:25:39',22),(396,'商品管理',3,'com.dkd.manage.controller.SkuController.remove()','DELETE',1,'admin','研发部门','/manage/sku/1','127.0.0.1','内网IP','{}',NULL,1,'设备编号为A1000001下的货道编号1-5有可口可乐商品，无法删除！\n设备编号为GZ0001下的货道编号1-1有可口可乐商品，无法删除！\n设备编号为Xhax5euA下的货道编号1-1有可口可乐商品，无法删除！','2025-09-23 18:26:24',23),(397,'商品管理',3,'com.dkd.manage.controller.SkuController.remove()','DELETE',1,'admin','研发部门','/manage/sku/1','127.0.0.1','内网IP','{}',NULL,1,'设备编号为A1000001下的货道编号1-5有可口可乐商品，无法删除！\n设备编号为GZ0001下的货道编号1-1有可口可乐商品，无法删除！\n设备编号为Xhax5euA下的货道编号1-1有可口可乐商品，无法删除！','2025-09-23 18:27:37',23),(398,'商品管理',3,'com.dkd.manage.controller.SkuController.remove()','DELETE',1,'admin','研发部门','/manage/sku/1','127.0.0.1','内网IP','{}',NULL,1,'设备编号为A1000001下的货道编号1-5有可口可乐商品，无法删除！\n设备编号为GZ0001下的货道编号1-1有可口可乐商品，无法删除！\n设备编号为Xhax5euA下的货道编号1-1有可口可乐商品，无法删除！','2025-09-23 18:28:55',167),(399,'商品管理',3,'com.dkd.manage.controller.SkuController.remove()','DELETE',1,'admin','研发部门','/manage/sku/1','127.0.0.1','内网IP','{}',NULL,1,'设备编号为A1000001下的货道编号1-5有可口可乐商品，无法删除！\n设备编号为GZ0001下的货道编号1-1有可口可乐商品，无法删除！\n设备编号为Xhax5euA下的货道编号1-1有可口可乐商品，无法删除！','2025-09-23 18:29:03',21),(400,'商品管理',3,'com.dkd.manage.controller.SkuController.remove()','DELETE',1,'admin','研发部门','/manage/sku/1','127.0.0.1','内网IP','{}',NULL,1,'设备编号为A1000001下的货道编号1-5有可口可乐商品，无法删除！\n设备编号为GZ0001下的货道编号1-1有可口可乐商品，无法删除！\n设备编号为Xhax5euA下的货道编号1-1有可口可乐商品，无法删除！','2025-09-23 18:31:29',167),(401,'商品管理',3,'com.dkd.manage.controller.SkuController.remove()','DELETE',1,'admin','研发部门','/manage/sku/1','127.0.0.1','内网IP','{}',NULL,1,'设备编号为A1000001下的货道编号1-5有可口可乐商品，无法删除！\n设备编号为GZ0001下的货道编号1-1有可口可乐商品，无法删除！\n设备编号为Xhax5euA下的货道编号1-1有可口可乐商品，无法删除！','2025-09-23 18:32:03',34),(402,'商品管理',3,'com.dkd.manage.controller.SkuController.remove()','DELETE',1,'admin','研发部门','/manage/sku/1','127.0.0.1','内网IP','{}',NULL,1,'设备编号为A1000001下的货道编号1-5有可口可乐商品，无法删除！\n设备编号为GZ0001下的货道编号1-1有可口可乐商品，无法删除！\n设备编号为Xhax5euA下的货道编号1-1有可口可乐商品，无法删除！','2025-09-23 18:34:13',18),(403,'商品管理',3,'com.dkd.manage.controller.SkuController.remove()','DELETE',1,'admin','研发部门','/manage/sku/1','127.0.0.1','内网IP','{}',NULL,1,'设备编号为A1000001下的货道编号1-5有可口可乐商品，无法删除！\n设备编号为GZ0001下的货道编号1-1有可口可乐商品，无法删除！\n设备编号为Xhax5euA下的货道编号1-1有可口可乐商品，无法删除！','2025-09-23 18:34:19',19),(404,'商品管理',3,'com.dkd.manage.controller.SkuController.remove()','DELETE',1,'admin','研发部门','/manage/sku/1','127.0.0.1','内网IP','{}',NULL,1,'设备编号为A1000001下的货道编号1-5有可口可乐商品，无法删除！\n设备编号为GZ0001下的货道编号1-1有可口可乐商品，无法删除！\n设备编号为Xhax5euA下的货道编号1-1有可口可乐商品，无法删除！','2025-09-23 18:34:24',23),(405,'商品管理',3,'com.dkd.manage.controller.SkuController.remove()','DELETE',1,'admin','研发部门','/manage/sku/1','127.0.0.1','内网IP','{}',NULL,1,'设备编号为A1000001下的货道编号1-5有可口可乐商品，无法删除！\n设备编号为GZ0001下的货道编号1-1有可口可乐商品，无法删除！\n设备编号为Xhax5euA下的货道编号1-1有可口可乐商品，无法删除！','2025-09-23 18:38:42',47),(406,'商品管理',3,'com.dkd.manage.controller.SkuController.remove()','DELETE',1,'admin','研发部门','/manage/sku/1','127.0.0.1','内网IP','{}',NULL,1,'设备编号为A1000001下的货道编号1-5有可口可乐商品，无法删除！\n设备编号为GZ0001下的货道编号1-1有可口可乐商品，无法删除！\n设备编号为Xhax5euA下的货道编号1-1有可口可乐商品，无法删除！','2025-09-23 18:39:16',25),(407,'商品管理',3,'com.dkd.manage.controller.SkuController.remove()','DELETE',1,'admin','研发部门','/manage/sku/1','127.0.0.1','内网IP','{}',NULL,1,'设备编号为A1000001下的货道编号1-5有可口可乐商品，无法删除！\n设备编号为GZ0001下的货道编号1-1有可口可乐商品，无法删除！\n设备编号为Xhax5euA下的货道编号1-1有可口可乐商品，无法删除！','2025-09-23 18:39:22',20),(408,'商品管理',3,'com.dkd.manage.controller.SkuController.remove()','DELETE',1,'admin','研发部门','/manage/sku/1','127.0.0.1','内网IP','{}',NULL,1,'设备编号为A1000001下的货道编号1-5有可口可乐商品，无法删除！\n设备编号为GZ0001下的货道编号1-1有可口可乐商品，无法删除！\n设备编号为Xhax5euA下的货道编号1-1有可口可乐商品，无法删除！','2025-09-23 18:41:23',24),(409,'商品管理',3,'com.dkd.manage.controller.SkuController.remove()','DELETE',1,'admin','研发部门','/manage/sku/1','127.0.0.1','内网IP','{}',NULL,1,'设备编号为A1000001下的货道编号1-5有可口可乐商品，无法删除！\n设备编号为GZ0001下的货道编号1-1有可口可乐商品，无法删除！\n设备编号为Xhax5euA下的货道编号1-1有可口可乐商品，无法删除！','2025-09-23 18:41:41',18),(410,'商品管理',3,'com.dkd.manage.controller.SkuController.remove()','DELETE',1,'admin','研发部门','/manage/sku/1','127.0.0.1','内网IP','{}',NULL,1,'设备编号为A1000001下的货道编号1-5有可口可乐商品，无法删除！\n设备编号为GZ0001下的货道编号1-1有可口可乐商品，无法删除！\n设备编号为Xhax5euA下的货道编号1-1有可口可乐商品，无法删除！','2025-09-23 18:42:57',27),(411,'商品管理',3,'com.dkd.manage.controller.SkuController.remove()','DELETE',1,'admin','研发部门','/manage/sku/1','127.0.0.1','内网IP','{}',NULL,1,'设备编号为A1000001下的货道编号1-5有可口可乐商品，无法删除！\n设备编号为GZ0001下的货道编号1-1有可口可乐商品，无法删除！\n设备编号为Xhax5euA下的货道编号1-1有可口可乐商品，无法删除！','2025-09-23 18:45:27',43),(412,'商品管理',3,'com.dkd.manage.controller.SkuController.remove()','DELETE',1,'admin','研发部门','/manage/sku/1','127.0.0.1','内网IP','{}',NULL,1,'设备编号为A1000001下的货道编号1-5有可口可乐商品，无法删除！\n设备编号为GZ0001下的货道编号1-1有可口可乐商品，无法删除！\n设备编号为Xhax5euA下的货道编号1-1有可口可乐商品，无法删除！','2025-09-23 18:48:02',28),(413,'商品管理',3,'com.dkd.manage.controller.SkuController.remove()','DELETE',1,'admin','研发部门','/manage/sku/1','127.0.0.1','内网IP','{}',NULL,1,'设备编号为A1000001下的货道编号1-5有可口可乐商品，无法删除！\n设备编号为GZ0001下的货道编号1-1有可口可乐商品，无法删除！\n设备编号为Xhax5euA下的货道编号1-1有可口可乐商品，无法删除！','2025-09-23 18:48:35',16),(414,'商品管理',3,'com.dkd.manage.controller.SkuController.remove()','DELETE',1,'admin','研发部门','/manage/sku/1','127.0.0.1','内网IP','{}',NULL,1,'设备编号为A1000001下的货道编号1-5有可口可乐商品，无法删除！\n设备编号为GZ0001下的货道编号1-1有可口可乐商品，无法删除！\n设备编号为Xhax5euA下的货道编号1-1有可口可乐商品，无法删除！','2025-09-23 18:48:40',19),(415,'商品管理',3,'com.dkd.manage.controller.SkuController.remove()','DELETE',1,'admin','研发部门','/manage/sku/1','127.0.0.1','内网IP','{}',NULL,1,'设备编号为A1000001下的货道编号1-5有可口可乐商品，无法删除！\n设备编号为GZ0001下的货道编号1-1有可口可乐商品，无法删除！\n设备编号为Xhax5euA下的货道编号1-1有可口可乐商品，无法删除！','2025-09-23 18:49:30',17),(416,'商品管理',3,'com.dkd.manage.controller.SkuController.remove()','DELETE',1,'admin','研发部门','/manage/sku/1','127.0.0.1','内网IP','{}',NULL,1,'设备编号为A1000001下的货道编号1-5有可口可乐商品，无法删除！\n设备编号为GZ0001下的货道编号1-1有可口可乐商品，无法删除！\n设备编号为Xhax5euA下的货道编号1-1有可口可乐商品，无法删除！','2025-09-23 18:50:49',38),(417,'商品管理',3,'com.dkd.manage.controller.SkuController.remove()','DELETE',1,'admin','研发部门','/manage/sku/1','127.0.0.1','内网IP','{}',NULL,1,'设备编号为A1000001下的货道编号1-5有可口可乐商品，无法删除！\n设备编号为GZ0001下的货道编号1-1有可口可乐商品，无法删除！\n设备编号为Xhax5euA下的货道编号1-1有可口可乐商品，无法删除！','2025-09-23 18:51:02',21),(418,'商品管理',3,'com.dkd.manage.controller.SkuController.remove()','DELETE',1,'admin','研发部门','/manage/sku/1','127.0.0.1','内网IP','{}',NULL,1,'设备编号为A1000001下的货道编号1-5有可口可乐商品，无法删除！\n设备编号为GZ0001下的货道编号1-1有可口可乐商品，无法删除！\n设备编号为Xhax5euA下的货道编号1-1有可口可乐商品，无法删除！','2025-09-23 18:52:13',21),(419,'商品管理',3,'com.dkd.manage.controller.SkuController.remove()','DELETE',1,'admin','研发部门','/manage/sku/1','127.0.0.1','内网IP','{}',NULL,1,'设备编号为A1000001下的货道编号1-5有可口可乐商品，无法删除！\n设备编号为GZ0001下的货道编号1-1有可口可乐商品，无法删除！\n设备编号为Xhax5euA下的货道编号1-1有可口可乐商品，无法删除！','2025-09-23 18:52:34',22),(420,'商品管理',3,'com.dkd.manage.controller.SkuController.remove()','DELETE',1,'admin','研发部门','/manage/sku/1','127.0.0.1','内网IP','{}',NULL,1,'设备编号为A1000001下的货道编号1-5有可口可乐商品，无法删除！\n设备编号为GZ0001下的货道编号1-1有可口可乐商品，无法删除！\n设备编号为Xhax5euA下的货道编号1-1有可口可乐商品，无法删除！','2025-09-23 18:54:09',19),(421,'商品管理',3,'com.dkd.manage.controller.SkuClassController.remove()','DELETE',1,'admin','研发部门','/manage/skuType/1','127.0.0.1','内网IP','{}',NULL,1,'饮料商品类型下仍有可口可乐、康师傅、统一奶茶、青梅绿茶、冰糖雪梨、怡宝至尊、一百橙汁、魔力花茶、新星巴克、阿萨姆奶茶、营养快线商品,','2025-09-23 18:54:22',101),(422,'商品管理',3,'com.dkd.manage.controller.SkuClassController.remove()','DELETE',1,'admin','研发部门','/manage/skuType/1','127.0.0.1','内网IP','{}',NULL,1,'饮料商品类型下仍有可口可乐、康师傅、统一奶茶、青梅绿茶、冰糖雪梨、怡宝至尊、一百橙汁、魔力花茶、新星巴克、阿萨姆奶茶、营养快线商品,','2025-09-23 18:58:42',38),(423,'商品管理',3,'com.dkd.manage.controller.SkuController.remove()','DELETE',1,'admin','研发部门','/manage/sku/1','127.0.0.1','内网IP','{}',NULL,1,'设备编号为A1000001下的货道编号1-5有可口可乐商品，无法删除！\n设备编号为GZ0001下的货道编号1-1有可口可乐商品，无法删除！\n设备编号为Xhax5euA下的货道编号1-1有可口可乐商品，无法删除！','2025-09-23 18:58:48',32),(424,'商品管理',3,'com.dkd.manage.controller.SkuController.remove()','DELETE',1,'admin','研发部门','/manage/sku/1','127.0.0.1','内网IP','{}',NULL,1,'设备编号为A1000001下的货道编号1-5有可口可乐商品，无法删除！\n设备编号为GZ0001下的货道编号1-1有可口可乐商品，无法删除！\n设备编号为Xhax5euA下的货道编号1-1有可口可乐商品，无法删除！','2025-09-23 19:04:22',41),(425,'商品管理',3,'com.dkd.manage.controller.SkuController.remove()','DELETE',1,'admin','研发部门','/manage/sku/1','127.0.0.1','内网IP','{}',NULL,1,'设备编号为A1000001下的货道编号1-5有可口可乐商品，无法删除！\n设备编号为GZ0001下的货道编号1-1有可口可乐商品，无法删除！\n设备编号为Xhax5euA下的货道编号1-1有可口可乐商品，无法删除！','2025-09-23 19:04:41',18),(426,'商品管理',3,'com.dkd.manage.controller.SkuClassController.remove()','DELETE',1,'admin','研发部门','/manage/skuType/1','127.0.0.1','内网IP','{}',NULL,1,'饮料商品类型下仍有可口可乐、康师傅、统一奶茶、青梅绿茶、冰糖雪梨、怡宝至尊、一百橙汁、魔力花茶、新星巴克、阿萨姆奶茶、营养快线商品,','2025-09-23 19:13:47',39),(427,'商品管理',3,'com.dkd.manage.controller.SkuClassController.remove()','DELETE',1,'admin','研发部门','/manage/skuType/1','127.0.0.1','内网IP','{}',NULL,1,'饮料商品类型下仍有可口可乐、康师傅、统一奶茶、青梅绿茶、冰糖雪梨、怡宝至尊、一百橙汁、魔力花茶、新星巴克、阿萨姆奶茶、营养快线商品,','2025-09-23 19:14:21',19),(428,'商品管理',3,'com.dkd.manage.controller.SkuClassController.remove()','DELETE',1,'admin','研发部门','/manage/skuType/1','127.0.0.1','内网IP','{}',NULL,1,'饮料商品类型下仍有可口可乐、康师傅、统一奶茶、青梅绿茶、冰糖雪梨、怡宝至尊、一百橙汁、魔力花茶、新星巴克、阿萨姆奶茶、营养快线商品,','2025-09-23 19:15:02',17),(429,'商品管理',3,'com.dkd.manage.controller.SkuClassController.remove()','DELETE',1,'admin','研发部门','/manage/skuType/1','127.0.0.1','内网IP','{}',NULL,1,'饮料商品类型下仍有可口可乐、康师傅、统一奶茶、青梅绿茶、冰糖雪梨、怡宝至尊、一百橙汁、魔力花茶、新星巴克、阿萨姆奶茶、营养快线商品,','2025-09-23 19:16:38',19),(430,'商品管理',3,'com.dkd.manage.controller.SkuClassController.remove()','DELETE',1,'admin','研发部门','/manage/skuType/1','127.0.0.1','内网IP','{}',NULL,1,'饮料商品类型下仍有可口可乐、康师傅、统一奶茶、青梅绿茶、冰糖雪梨、怡宝至尊、一百橙汁、魔力花茶、新星巴克、阿萨姆奶茶、营养快线商品','2025-09-23 19:19:34',447),(431,'商品管理',3,'com.dkd.manage.controller.SkuClassController.remove()','DELETE',1,'admin','研发部门','/manage/skuType/1','127.0.0.1','内网IP','{}',NULL,1,'饮料商品类型下仍有可口可乐、康师傅、统一奶茶、青梅绿茶、冰糖雪梨、怡宝至尊、一百橙汁、魔力花茶、新星巴克、阿萨姆奶茶、营养快线商品','2025-09-23 19:23:58',73),(432,'商品管理',3,'com.dkd.manage.controller.SkuController.remove()','DELETE',1,'admin','研发部门','/manage/sku/1','127.0.0.1','内网IP','{}',NULL,1,'设备编号为A1000001下的货道编号1-5有可口可乐商品，无法删除！\n设备编号为GZ0001下的货道编号1-1有可口可乐商品，无法删除！\n设备编号为Xhax5euA下的货道编号1-1有可口可乐商品，无法删除！','2025-09-23 19:24:04',143),(433,'商品管理',3,'com.dkd.manage.controller.SkuController.remove()','DELETE',1,'admin','研发部门','/manage/sku/1','127.0.0.1','内网IP','{}',NULL,1,'设备编号为A1000001下的货道编号1-5有可口可乐商品，无法删除！\n设备编号为GZ0001下的货道编号1-1有可口可乐商品，无法删除！\n设备编号为Xhax5euA下的货道编号1-1有可口可乐商品，无法删除！','2025-09-23 19:25:50',21),(434,'商品管理',3,'com.dkd.manage.controller.SkuController.remove()','DELETE',1,'admin','研发部门','/manage/sku/1','127.0.0.1','内网IP','{}',NULL,1,'设备编号为A1000001下的货道编号1-5有可口可乐商品，无法删除！\n设备编号为GZ0001下的货道编号1-1有可口可乐商品，无法删除！\n设备编号为Xhax5euA下的货道编号1-1有可口可乐商品，无法删除！','2025-09-23 19:25:54',21),(435,'商品管理',3,'com.dkd.manage.controller.SkuController.remove()','DELETE',1,'admin','研发部门','/manage/sku/1','127.0.0.1','内网IP','{}',NULL,1,'设备编号为A1000001下的货道编号1-5有可口可乐商品，无法删除！\n设备编号为GZ0001下的货道编号1-1有可口可乐商品，无法删除！\n设备编号为Xhax5euA下的货道编号1-1有可口可乐商品，无法删除！','2025-09-23 19:26:32',21),(436,'商品管理',3,'com.dkd.manage.controller.SkuClassController.remove()','DELETE',1,'admin','研发部门','/manage/skuType/1','127.0.0.1','内网IP','{}',NULL,1,'饮料商品类型下仍有可口可乐、康师傅、统一奶茶、青梅绿茶、冰糖雪梨、怡宝至尊、一百橙汁、魔力花茶、新星巴克、阿萨姆奶茶、营养快线商品','2025-09-23 19:26:52',19),(437,'商品管理',3,'com.dkd.manage.controller.SkuClassController.remove()','DELETE',1,'admin','研发部门','/manage/skuType/1','127.0.0.1','内网IP','{}',NULL,1,'饮料商品类型下仍有可口可乐、康师傅、统一奶茶、青梅绿茶、冰糖雪梨、怡宝至尊、一百橙汁、魔力花茶、新星巴克、阿萨姆奶茶、营养快线商品','2025-09-23 19:27:17',19),(438,'商品管理',3,'com.dkd.manage.controller.SkuClassController.remove()','DELETE',1,'admin','研发部门','/manage/skuType/1,2','127.0.0.1','内网IP','{}',NULL,1,'饮料商品类型下仍有可口可乐、康师傅、统一奶茶、青梅绿茶、冰糖雪梨、怡宝至尊、一百橙汁、魔力花茶、新星巴克、阿萨姆奶茶、营养快线商品','2025-09-23 19:27:39',27),(439,'商品管理',1,'com.dkd.manage.controller.SkuController.add()','POST',1,'admin','研发部门','/manage/sku','127.0.0.1','内网IP','{"brandName":"国际青菜","classId":3,"createTime":"2025-09-23 19:29:16","params":{},"price":1000,"skuId":16,"skuImage":"https://javacz-luo.oss-cn-beijing.aliyuncs.com/dkd-images/2025/09/23/68d284564a35443ff610cff2.png","skuName":"大青菜","unit":"big"}','{"msg":"操作成功","code":200}',0,NULL,'2025-09-23 19:29:26',63),(440,'商品管理',3,'com.dkd.manage.controller.SkuClassController.remove()','DELETE',1,'admin','研发部门','/manage/skuType/1,3','127.0.0.1','内网IP','{}',NULL,1,'饮料商品类型下仍有可口可乐、康师傅、统一奶茶、青梅绿茶、冰糖雪梨、怡宝至尊、一百橙汁、魔力花茶、新星巴克、阿萨姆奶茶、营养快线商品食品商品类型下仍有大青菜商品','2025-09-23 19:29:43',21),(441,'商品管理',3,'com.dkd.manage.controller.SkuClassController.remove()','DELETE',1,'admin','研发部门','/manage/skuType/1,3','127.0.0.1','内网IP','{}',NULL,1,'饮料商品类型下仍有可口可乐、康师傅、统一奶茶、青梅绿茶、冰糖雪梨、怡宝至尊、一百橙汁、魔力花茶、新星巴克、阿萨姆奶茶、营养快线商品食品商品类型下仍有大青菜商品','2025-09-23 19:30:06',17),(442,'商品管理',3,'com.dkd.manage.controller.SkuController.remove()','DELETE',1,'admin','研发部门','/manage/sku/1,2','127.0.0.1','内网IP','{}',NULL,1,'设备编号为A1000001下的货道编号1-5有可口可乐商品，无法删除！\n设备编号为GZ0001下的货道编号1-1有可口可乐商品，无法删除！\n设备编号为Xhax5euA下的货道编号1-1有可口可乐商品，无法删除！\n设备编号为GZ0001下的货道编号1-2有康师傅商品，无法删除！\n设备编号为Xhax5euA下的货道编号4-5有康师傅商品，无法删除！','2025-09-23 19:30:48',21),(443,'商品管理',3,'com.dkd.manage.controller.SkuClassController.remove()','DELETE',1,'admin','研发部门','/manage/skuType/1','127.0.0.1','内网IP','{}',NULL,1,'饮料商品类型下仍有可口可乐、康师傅、统一奶茶、青梅绿茶、冰糖雪梨、怡宝至尊、一百橙汁、魔力花茶、新星巴克、阿萨姆奶茶、营养快线商品','2025-09-23 19:33:34',36),(444,'商品管理',3,'com.dkd.manage.controller.SkuClassController.remove()','DELETE',1,'admin','研发部门','/manage/skuType/1','127.0.0.1','内网IP','{}',NULL,1,'饮料商品类型下仍有可口可乐、康师傅、统一奶茶、青梅绿茶、冰糖雪梨、怡宝至尊、一百橙汁、魔力花茶、新星巴克、阿萨姆奶茶、营养快线商品','2025-09-23 19:34:14',29),(445,'商品管理',3,'com.dkd.manage.controller.SkuClassController.remove()','DELETE',1,'admin','研发部门','/manage/skuType/1','127.0.0.1','内网IP','{}',NULL,1,'饮料商品类型下仍有可口可乐、康师傅、统一奶茶、青梅绿茶、冰糖雪梨、怡宝至尊、一百橙汁、魔力花茶、新星巴克、阿萨姆奶茶、营养快线商品','2025-09-23 19:35:25',29),(446,'商品管理',3,'com.dkd.manage.controller.SkuClassController.remove()','DELETE',1,'admin','研发部门','/manage/skuType/1','127.0.0.1','内网IP','{}',NULL,1,'饮料商品类型下仍有可口可乐、康师傅、统一奶茶、青梅绿茶、冰糖雪梨、怡宝至尊、一百橙汁、魔力花茶、新星巴克、阿萨姆奶茶、营养快线商品','2025-09-23 19:35:47',21),(447,'商品管理',3,'com.dkd.manage.controller.SkuClassController.remove()','DELETE',1,'admin','研发部门','/manage/skuType/1','127.0.0.1','内网IP','{}',NULL,1,'饮料商品类型下仍有可口可乐、康师傅、统一奶茶、青梅绿茶、冰糖雪梨、怡宝至尊、一百橙汁、魔力花茶、新星巴克、阿萨姆奶茶、营养快线商品','2025-09-23 19:36:56',134),(448,'商品管理',3,'com.dkd.manage.controller.SkuClassController.remove()','DELETE',1,'admin','研发部门','/manage/skuType/1','127.0.0.1','内网IP','{}',NULL,1,'饮料商品类型下仍有可口可乐、康师傅、统一奶茶、青梅绿茶、冰糖雪梨、怡宝至尊、一百橙汁、魔力花茶、新星巴克、阿萨姆奶茶、营养快线商品','2025-09-23 19:37:01',29),(449,'商品管理',3,'com.dkd.manage.controller.SkuClassController.remove()','DELETE',1,'admin','研发部门','/manage/skuType/1,3','127.0.0.1','内网IP','{}',NULL,1,'饮料商品类型下仍有可口可乐、康师傅、统一奶茶、青梅绿茶、冰糖雪梨、怡宝至尊、一百橙汁、魔力花茶、新星巴克、阿萨姆奶茶、营养快线商品\n食品商品类型下仍有大青菜商品\n','2025-09-23 19:37:15',80),(450,'商品管理',3,'com.dkd.manage.controller.SkuController.remove()','DELETE',1,'admin','研发部门','/manage/sku/1,2','127.0.0.1','内网IP','{}',NULL,1,'设备编号为A1000001下的货道编号1-5有可口可乐商品，无法删除！\n设备编号为GZ0001下的货道编号1-1有可口可乐商品，无法删除！\n设备编号为Xhax5euA下的货道编号1-1有可口可乐商品，无法删除！\n设备编号为GZ0001下的货道编号1-2有康师傅商品，无法删除！\n设备编号为Xhax5euA下的货道编号4-5有康师傅商品，无法删除！','2025-09-23 19:37:29',34),(451,'商品管理',3,'com.dkd.manage.controller.SkuController.remove()','DELETE',1,'admin','研发部门','/manage/sku/1','127.0.0.1','内网IP','{}',NULL,1,'设备编号为A1000001下的货道编号1-5有可口可乐商品，无法删除！\n设备编号为GZ0001下的货道编号1-1有可口可乐商品，无法删除！\n设备编号为Xhax5euA下的货道编号1-1有可口可乐商品，无法删除！','2025-09-23 19:38:07',21),(452,'商品管理',3,'com.dkd.manage.controller.SkuController.remove()','DELETE',1,'admin','研发部门','/manage/sku/1','127.0.0.1','内网IP','{}',NULL,1,'设备编号为A1000001下的货道编号1-5有可口可乐商品，无法删除！\n设备编号为GZ0001下的货道编号1-1有可口可乐商品，无法删除！\n设备编号为Xhax5euA下的货道编号1-1有可口可乐商品，无法删除！','2025-09-23 19:38:47',72),(453,'商品管理',3,'com.dkd.manage.controller.SkuController.remove()','DELETE',1,'admin','研发部门','/manage/sku/3','127.0.0.1','内网IP','{}','{"msg":"操作成功","code":200}',0,NULL,'2025-09-23 19:39:05',106),(454,'商品管理',3,'com.dkd.manage.controller.SkuController.remove()','DELETE',1,'admin','研发部门','/manage/sku/1,2','127.0.0.1','内网IP','{}',NULL,1,'设备编号为A1000001下的货道编号1-5有可口可乐商品，无法删除！\n设备编号为GZ0001下的货道编号1-1有可口可乐商品，无法删除！\n设备编号为Xhax5euA下的货道编号1-1有可口可乐商品，无法删除！\n设备编号为GZ0001下的货道编号1-2有康师傅商品，无法删除！\n设备编号为Xhax5euA下的货道编号4-5有康师傅商品，无法删除！','2025-09-25 16:28:06',580849),(455,'商品管理',3,'com.dkd.manage.controller.SkuController.remove()','DELETE',1,'admin','研发部门','/manage/sku/1,2','127.0.0.1','内网IP','{}',NULL,1,'设备编号为A1000001下的货道编号1-5有可口可乐商品，无法删除！\n设备编号为GZ0001下的货道编号1-1有可口可乐商品，无法删除！\n设备编号为Xhax5euA下的货道编号1-1有可口可乐商品，无法删除！\n设备编号为GZ0001下的货道编号1-2有康师傅商品，无法删除！\n设备编号为Xhax5euA下的货道编号4-5有康师傅商品，无法删除！','2025-09-25 16:28:14',85),(456,'商品管理',3,'com.dkd.manage.controller.SkuController.remove()','DELETE',1,'admin','研发部门','/manage/sku/1','127.0.0.1','内网IP','{}',NULL,1,'设备编号为A1000001下的货道编号1-5有可口可乐商品，无法删除！\n设备编号为GZ0001下的货道编号1-1有可口可乐商品，无法删除！\n设备编号为Xhax5euA下的货道编号1-1有可口可乐商品，无法删除！','2025-09-26 08:33:47',120),(457,'商品管理',3,'com.dkd.manage.controller.SkuController.remove()','DELETE',1,'admin','研发部门','/manage/sku/1','127.0.0.1','内网IP','{}',NULL,1,'设备编号为A1000001下的货道编号1-5有可口可乐商品，无法删除！\n设备编号为GZ0001下的货道编号1-1有可口可乐商品，无法删除！\n设备编号为Xhax5euA下的货道编号1-1有可口可乐商品，无法删除！','2025-09-26 08:36:22',17),(458,'商品管理',5,'com.dkd.manage.controller.SkuController.export()','POST',1,'admin','研发部门','/manage/sku/export','127.0.0.1','内网IP','{"skuName":"茶","pageSize":"10","pageNum":"1"}',NULL,0,NULL,'2025-09-26 08:45:00',3679),(459,'商品管理',3,'com.dkd.manage.controller.SkuController.remove()','DELETE',1,'admin','研发部门','/manage/sku/16','127.0.0.1','内网IP','{}','{"msg":"操作成功","code":200}',0,NULL,'2025-09-28 02:15:41',206),(460,'商品管理',5,'com.dkd.manage.controller.SkuController.export()','POST',1,'admin','研发部门','/manage/sku/export','127.0.0.1','内网IP','{"pageSize":"10","pageNum":"1"}',NULL,0,NULL,'2025-09-28 02:15:52',1522),(461,'商品管理',5,'com.dkd.manage.controller.SkuController.export()','POST',1,'admin','研发部门','/manage/sku/export','127.0.0.1','内网IP','{"pageSize":"10","pageNum":"1"}',NULL,0,NULL,'2025-09-28 02:17:37',95),(462,'商品管理',5,'com.dkd.manage.controller.SkuController.export()','POST',1,'admin','研发部门','/manage/sku/export','127.0.0.1','内网IP','{"skuIds":"15,14,9"}',NULL,0,NULL,'2025-09-28 02:21:30',81),(463,'商品管理',5,'com.dkd.manage.controller.SkuController.export()','POST',1,'admin','研发部门','/manage/sku/export','127.0.0.1','内网IP','{"skuIds":"15,14,9"}',NULL,0,NULL,'2025-09-28 02:24:44',151081),(464,'商品管理',5,'com.dkd.manage.controller.SkuController.export()','POST',1,'admin','研发部门','/manage/sku/export','127.0.0.1','内网IP','{"skuIds":"15,14,9"}',NULL,0,NULL,'2025-09-28 02:26:43',28585),(465,'商品管理',5,'com.dkd.manage.controller.SkuController.export()','POST',1,'admin','研发部门','/manage/sku/export','127.0.0.1','内网IP','{"skuIds[0]":"15","skuIds[1]":"14","skuIds[2]":"9"}',NULL,0,NULL,'2025-09-28 02:50:04',191),(466,'商品管理',5,'com.dkd.manage.controller.SkuController.export()','POST',1,'admin','研发部门','/manage/sku/export','127.0.0.1','内网IP','{"skuIds[0]":"15","skuIds[1]":"14","skuIds[2]":"9"}',NULL,0,NULL,'2025-09-28 02:51:28',744),(467,'商品管理',5,'com.dkd.manage.controller.SkuController.export()','POST',1,'admin','研发部门','/manage/sku/export','127.0.0.1','内网IP','{"skuIds[0]":"15","skuIds[1]":"14","skuIds[2]":"9"}',NULL,0,NULL,'2025-09-28 03:03:03',625773),(468,'商品管理',5,'com.dkd.manage.controller.SkuController.export()','POST',1,'admin','研发部门','/manage/sku/export','127.0.0.1','内网IP','{"params":{}}',NULL,0,NULL,'2025-09-28 03:04:26',23227),(469,'商品管理',5,'com.dkd.manage.controller.SkuController.export()','POST',1,'admin','研发部门','/manage/sku/export','127.0.0.1','内网IP','{"params":{}}',NULL,0,NULL,'2025-09-28 03:06:30',20849),(470,'商品管理',5,'com.dkd.manage.controller.SkuController.export()','POST',1,'admin','研发部门','/manage/sku/export','127.0.0.1','内网IP','{"params":{}}',NULL,0,NULL,'2025-09-28 03:10:21',94),(471,'商品管理',5,'com.dkd.manage.controller.SkuController.export()','POST',1,'admin','研发部门','/manage/sku/export','127.0.0.1','内网IP','{"skuIds":"1,2"}',NULL,1,'nested exception is org.apache.ibatis.binding.BindingException: Parameter \'skuName\' not found. Available parameters are [skuIds, param1]','2025-09-28 03:15:28',227),(472,'商品管理',5,'com.dkd.manage.controller.SkuController.export()','POST',1,'admin','研发部门','/manage/sku/export','127.0.0.1','内网IP','{"skuIds":"1,2"}',NULL,1,'nested exception is org.apache.ibatis.binding.BindingException: Parameter \'skuName\' not found. Available parameters are [skuIds, param1]','2025-09-28 03:19:34',131),(473,'商品管理',5,'com.dkd.manage.controller.SkuController.export()','POST',1,'admin','研发部门','/manage/sku/export','127.0.0.1','内网IP','{"skuIds":"1,2"}',NULL,1,'nested exception is org.apache.ibatis.binding.BindingException: Parameter \'skuName\' not found. Available parameters are [skuIds, param1]','2025-09-28 03:23:47',2),(474,'商品管理',5,'com.dkd.manage.controller.SkuController.export()','POST',1,'admin','研发部门','/manage/sku/export','127.0.0.1','内网IP','{"skuIds":"1,2"}',NULL,1,'nested exception is org.apache.ibatis.builder.BuilderException: Error evaluating expression \'skuIds != null and skuIds.size() > 0\'. Cause: org.apache.ibatis.ognl.MethodFailedException: Method "size" failed for object [Ljava.lang.Long;@6147743f [java.lang.NoSuchMethodException: [Ljava.lang.Long;.size()]','2025-09-28 03:26:27',31445),(475,'商品管理',5,'com.dkd.manage.controller.SkuController.export()','POST',1,'admin','研发部门','/manage/sku/export','127.0.0.1','内网IP','{"skuIds":"1,2"}',NULL,1,'nested exception is org.apache.ibatis.builder.BuilderException: Error evaluating expression \'skuIds != null and skuIds.size() > 0\'. Cause: org.apache.ibatis.ognl.MethodFailedException: Method "size" failed for object [Ljava.lang.Long;@27e145a6 [java.lang.NoSuchMethodException: [Ljava.lang.Long;.size()]','2025-09-28 03:26:34',3),(476,'商品管理',5,'com.dkd.manage.controller.SkuController.export()','POST',1,'admin','研发部门','/manage/sku/export','127.0.0.1','内网IP','{"skuIds":"1,2"}',NULL,1,'nested exception is org.apache.ibatis.builder.BuilderException: Error evaluating expression \'skuIds != null and skuIds.size() > 0\'. Cause: org.apache.ibatis.ognl.MethodFailedException: Method "size" failed for object [Ljava.lang.Long;@6162598c [java.lang.NoSuchMethodException: [Ljava.lang.Long;.size()]','2025-09-28 03:28:56',2),(477,'商品管理',5,'com.dkd.manage.controller.SkuController.export()','POST',1,'admin','研发部门','/manage/sku/export','127.0.0.1','内网IP','{"skuIds":"1,2"}',NULL,0,NULL,'2025-09-28 03:30:04',3652),(478,'商品管理',3,'com.dkd.manage.controller.SkuController.remove()','DELETE',1,'admin','研发部门','/manage/sku/1','127.0.0.1','内网IP','{}',NULL,1,'设备编号为A1000001下的货道编号1-5有可口可乐商品，无法删除！\n设备编号为GZ0001下的货道编号1-1有可口可乐商品，无法删除！\n设备编号为Xhax5euA下的货道编号1-1有可口可乐商品，无法删除！','2025-09-28 03:31:18',50),(479,'商品管理',3,'com.dkd.manage.controller.SkuController.remove()','DELETE',1,'admin','研发部门','/manage/sku/1,2','127.0.0.1','内网IP','{}',NULL,1,'设备编号为A1000001下的货道编号1-5有可口可乐商品，无法删除！\n设备编号为GZ0001下的货道编号1-1有可口可乐商品，无法删除！\n设备编号为Xhax5euA下的货道编号1-1有可口可乐商品，无法删除！\n设备编号为GZ0001下的货道编号1-2有康师傅商品，无法删除！\n设备编号为Xhax5euA下的货道编号4-5有康师傅商品，无法删除！','2025-09-28 03:31:47',25),(480,'商品管理',3,'com.dkd.manage.controller.SkuController.remove()','DELETE',1,'admin','研发部门','/manage/sku/1,2','127.0.0.1','内网IP','{}','{"msg":"操作成功","code":200}',0,NULL,'2025-09-28 03:32:57',46),(481,'商品管理',6,'com.dkd.manage.controller.SkuController.excelImport()','POST',1,'admin','研发部门','/manage/sku/import','127.0.0.1','内网IP','','{"msg":"操作成功","code":200}',0,NULL,'2025-09-28 03:33:35',200),(482,'商品管理',5,'com.dkd.manage.controller.SkuController.export()','POST',1,'admin','研发部门','/manage/sku/export','127.0.0.1','内网IP','{"skuIds[0]":"6","skuIds[1]":"7"}',NULL,0,NULL,'2025-09-28 03:39:57',135),(483,'商品管理',5,'com.dkd.manage.controller.SkuController.export()','POST',1,'admin','研发部门','/manage/sku/export','127.0.0.1','内网IP','{"skuIds[0]":"4","skuIds[1]":"5"}',NULL,0,NULL,'2025-09-28 03:44:42',2546),(484,'商品管理',5,'com.dkd.manage.controller.SkuController.export()','POST',1,'admin','研发部门','/manage/sku/export','127.0.0.1','内网IP','{"skuName":"可口可乐","pageSize":"10","pageNum":"1"}',NULL,0,NULL,'2025-09-28 08:42:32',1674),(485,'商品管理',6,'com.dkd.manage.controller.SkuController.excelImport()','POST',1,'admin','研发部门','/manage/sku/import','127.0.0.1','内网IP','',NULL,1,'\r\n### Error updating database.  Cause: java.sql.SQLIntegrityConstraintViolationException: Duplicate entry \'可口可乐\' for key \'tb_sku.tb_sku_sku_name_uindex\'\r\n### The error may exist in file [E:\\ideaProgram\\dkd-parent\\dkd-manage\\target\\classes\\mapper\\manage\\SkuMapper.xml]\r\n### The error may involve com.dkd.manage.mapper.SkuMapper.insertSkuBatch-Inline\r\n### The error occurred while setting parameters\r\n### SQL: insert into tb_sku (sku_name, sku_image, brand_Name, unit, price, class_id)         values                        (             ?,             ?,             ?,             ?,             ?,             ?             )          ,              (             ?,             ?,             ?,             ?,             ?,             ?             )\r\n### Cause: java.sql.SQLIntegrityConstraintViolationException: Duplicate entry \'可口可乐\' for key \'tb_sku.tb_sku_sku_name_uindex\'\n; Duplicate entry \'可口可乐\' for key \'tb_sku.tb_sku_sku_name_uindex\'; nested exception is java.sql.SQLIntegrityConstraintViolationException: Duplicate entry \'可口可乐\' for key \'tb_sku.tb_sku_sku_name_uindex\'','2025-09-28 08:43:54',303),(486,'商品管理',6,'com.dkd.manage.controller.SkuController.excelImport()','POST',1,'admin','研发部门','/manage/sku/import','127.0.0.1','内网IP','','{"msg":"操作成功","code":200}',0,NULL,'2025-09-28 08:44:13',71),(487,'商品管理',6,'com.dkd.manage.controller.SkuController.excelImport()','POST',1,'admin','研发部门','/manage/sku/import','127.0.0.1','内网IP','',NULL,1,'\r\n### Error updating database.  Cause: java.sql.SQLIntegrityConstraintViolationException: Duplicate entry \'可口可乐\' for key \'tb_sku.tb_sku_sku_name_uindex\'\r\n### The error may exist in file [E:\\ideaProgram\\dkd-parent\\dkd-manage\\target\\classes\\mapper\\manage\\SkuMapper.xml]\r\n### The error may involve com.dkd.manage.mapper.SkuMapper.insertSkuBatch-Inline\r\n### The error occurred while setting parameters\r\n### SQL: insert into tb_sku (sku_name, sku_image, brand_Name, unit, price, class_id)         values                        (             ?,             ?,             ?,             ?,             ?,             ?             )          ,              (             ?,             ?,             ?,             ?,             ?,             ?             )\r\n### Cause: java.sql.SQLIntegrityConstraintViolationException: Duplicate entry \'可口可乐\' for key \'tb_sku.tb_sku_sku_name_uindex\'\n; Duplicate entry \'可口可乐\' for key \'tb_sku.tb_sku_sku_name_uindex\'; nested exception is java.sql.SQLIntegrityConstraintViolationException: Duplicate entry \'可口可乐\' for key \'tb_sku.tb_sku_sku_name_uindex\'','2025-09-28 08:44:30',48),(488,'设备类型管理',2,'com.dkd.manage.controller.VmTypeController.edit()','PUT',1,'admin','研发部门','/manage/vmType','127.0.0.1','内网IP','{"channelMaxCapacity":10,"createTime":"2025-09-19 00:24:09","id":3,"image":"https://javacz-luo.oss-cn-beijing.aliyuncs.com/dkd-images/2025/09/19/68cca2a57e73306d51c9bb89.png","model":"CZ-10015","name":"盲盒机","params":{},"vmCol":6,"vmRow":5}','{"msg":"操作成功","code":200}',0,NULL,'2025-09-28 09:49:12',201),(489,'设备类型管理',2,'com.dkd.manage.controller.VmTypeController.edit()','PUT',1,'admin','研发部门','/manage/vmType','127.0.0.1','内网IP','{"channelMaxCapacity":10,"createTime":"2025-09-18 11:28:18","id":2,"image":"https://javacz-luo.oss-cn-beijing.aliyuncs.com/dkd-images/2025/09/18/68cbecaf70a56057e0512a61.png","model":"LS-20011","name":"零食机","params":{},"vmCol":8,"vmRow":5}','{"msg":"操作成功","code":200}',0,NULL,'2025-09-28 09:50:31',150),(490,'设备类型管理',2,'com.dkd.manage.controller.VmTypeController.edit()','PUT',1,'admin','研发部门','/manage/vmType','127.0.0.1','内网IP','{"channelMaxCapacity":10,"createTime":"2025-09-18 11:28:18","id":2,"image":"https://javacz-luo.oss-cn-beijing.aliyuncs.com/dkd-images/2025/09/18/68cbecaf70a56057e0512a61.png","model":"LS-20011","name":"零食机","params":{},"vmCol":7,"vmRow":5}','{"msg":"操作成功","code":200}',0,NULL,'2025-09-28 09:54:09',61),(491,'设备类型管理',2,'com.dkd.manage.controller.VmTypeController.edit()','PUT',1,'admin','研发部门','/manage/vmType','127.0.0.1','内网IP','{"channelMaxCapacity":10,"createTime":"2025-09-19 00:24:09","id":3,"image":"https://javacz-luo.oss-cn-beijing.aliyuncs.com/dkd-images/2025/09/19/68cca2a57e73306d51c9bb89.png","model":"CZ-10015","name":"盲盒机","params":{},"vmCol":7,"vmRow":5}','{"msg":"操作成功","code":200}',0,NULL,'2025-09-28 09:54:15',60),(492,'设备类型管理',2,'com.dkd.manage.controller.VmTypeController.edit()','PUT',1,'admin','研发部门','/manage/vmType','127.0.0.1','内网IP','{"channelMaxCapacity":9,"createTime":"2025-09-19 00:24:09","id":3,"image":"https://javacz-luo.oss-cn-beijing.aliyuncs.com/dkd-images/2025/09/19/68cca2a57e73306d51c9bb89.png","model":"CZ-10015","name":"盲盒机","params":{},"vmCol":7,"vmRow":5}','{"msg":"操作成功","code":200}',0,NULL,'2025-09-28 09:56:30',39),(493,'设备类型管理',2,'com.dkd.manage.controller.VmTypeController.edit()','PUT',1,'admin','研发部门','/manage/vmType','127.0.0.1','内网IP','{"channelMaxCapacity":8,"createTime":"2025-09-19 00:24:09","id":3,"image":"https://javacz-luo.oss-cn-beijing.aliyuncs.com/dkd-images/2025/09/19/68cca2a57e73306d51c9bb89.png","model":"CZ-10015","name":"盲盒机","params":{},"vmCol":7,"vmRow":5}','{"msg":"操作成功","code":200}',0,NULL,'2025-09-28 10:04:15',34),(494,'设备类型管理',2,'com.dkd.manage.controller.VmTypeController.edit()','PUT',1,'admin','研发部门','/manage/vmType','127.0.0.1','内网IP','{"channelMaxCapacity":10,"createTime":"2025-09-19 00:24:09","id":3,"image":"https://javacz-luo.oss-cn-beijing.aliyuncs.com/dkd-images/2025/09/19/68cca2a57e73306d51c9bb89.png","model":"CZ-10015","name":"盲盒机","params":{},"vmCol":7,"vmRow":5}','{"msg":"操作成功","code":200}',0,NULL,'2025-09-28 10:05:45',36),(495,'设备类型管理',2,'com.dkd.manage.controller.VmTypeController.edit()','PUT',1,'admin','研发部门','/manage/vmType','127.0.0.1','内网IP','{"channelMaxCapacity":9,"createTime":"2025-09-19 00:24:09","id":3,"image":"https://javacz-luo.oss-cn-beijing.aliyuncs.com/dkd-images/2025/09/19/68cca2a57e73306d51c9bb89.png","model":"CZ-10015","name":"盲盒机","params":{},"vmCol":7,"vmRow":5}','{"msg":"操作成功","code":200}',0,NULL,'2025-09-28 10:58:56',18086),(496,'设备类型管理',2,'com.dkd.manage.controller.VmTypeController.edit()','PUT',1,'admin','研发部门','/manage/vmType','127.0.0.1','内网IP','{"channelMaxCapacity":9,"createTime":"2025-09-19 00:24:09","id":3,"image":"https://javacz-luo.oss-cn-beijing.aliyuncs.com/dkd-images/2025/09/19/68cca2a57e73306d51c9bb89.png","model":"CZ-10015","name":"盲盒机","params":{},"vmCol":7,"vmRow":5}','{"msg":"操作成功","code":200}',0,NULL,'2025-09-28 11:00:50',87826),(497,'设备类型管理',2,'com.dkd.manage.controller.VmTypeController.edit()','PUT',1,'admin','研发部门','/manage/vmType','127.0.0.1','内网IP','{"channelMaxCapacity":9,"createTime":"2025-09-19 00:24:09","id":3,"image":"https://javacz-luo.oss-cn-beijing.aliyuncs.com/dkd-images/2025/09/19/68cca2a57e73306d51c9bb89.png","model":"CZ-10015","name":"盲盒机","params":{},"vmCol":7,"vmRow":5}','{"msg":"操作成功","code":200}',0,NULL,'2025-09-28 11:02:54',95084),(498,'设备类型管理',2,'com.dkd.manage.controller.VmTypeController.edit()','PUT',1,'admin','研发部门','/manage/vmType','127.0.0.1','内网IP','{"channelMaxCapacity":9,"createTime":"2025-09-19 00:24:09","id":3,"image":"https://javacz-luo.oss-cn-beijing.aliyuncs.com/dkd-images/2025/09/19/68cca2a57e73306d51c9bb89.png","model":"CZ-10015","name":"盲盒机","params":{},"vmCol":7,"vmRow":5}','{"msg":"操作成功","code":200}',0,NULL,'2025-09-28 11:13:47',3288),(499,'设备类型管理',2,'com.dkd.manage.controller.VmTypeController.edit()','PUT',1,'admin','研发部门','/manage/vmType','127.0.0.1','内网IP','{"channelMaxCapacity":10,"createTime":"2025-09-19 00:24:09","id":3,"image":"https://javacz-luo.oss-cn-beijing.aliyuncs.com/dkd-images/2025/09/19/68cca2a57e73306d51c9bb89.png","model":"CZ-10015","name":"盲盒机","params":{},"vmCol":7,"vmRow":5}','{"msg":"操作成功","code":200}',0,NULL,'2025-09-28 11:20:27',134717),(500,'设备类型管理',2,'com.dkd.manage.controller.VmTypeController.edit()','PUT',1,'admin','研发部门','/manage/vmType','127.0.0.1','内网IP','{"channelMaxCapacity":10,"createTime":"2025-09-19 00:24:09","id":3,"image":"https://javacz-luo.oss-cn-beijing.aliyuncs.com/dkd-images/2025/09/19/68cca2a57e73306d51c9bb89.png","model":"CZ-10015","name":"盲盒机","params":{},"vmCol":7,"vmRow":5}','{"msg":"操作成功","code":200}',0,NULL,'2025-09-28 12:15:57',169),(501,'设备类型管理',2,'com.dkd.manage.controller.VmTypeController.edit()','PUT',1,'admin','研发部门','/manage/vmType','127.0.0.1','内网IP','{"channelMaxCapacity":11,"createTime":"2025-09-19 00:24:09","id":3,"image":"https://javacz-luo.oss-cn-beijing.aliyuncs.com/dkd-images/2025/09/19/68cca2a57e73306d51c9bb89.png","model":"CZ-10015","name":"盲盒机","params":{},"vmCol":7,"vmRow":5}','{"msg":"操作成功","code":200}',0,NULL,'2025-09-28 12:16:20',105),(502,'售货机货道',2,'com.dkd.manage.controller.ChannelController.channelConfig()','PUT',1,'admin','研发部门','/manage/channel/config','127.0.0.1','内网IP','{"channelList":[{"channelCode":"1-1","innerCode":"GZ0001","params":{},"skuId":6},{"channelCode":"1-2","innerCode":"GZ0001","params":{}},{"channelCode":"1-3","innerCode":"GZ0001","params":{}},{"channelCode":"1-4","innerCode":"GZ0001","params":{}},{"channelCode":"1-5","innerCode":"GZ0001","params":{}},{"channelCode":"2-1","innerCode":"GZ0001","params":{}},{"channelCode":"2-2","innerCode":"GZ0001","params":{}},{"channelCode":"2-3","innerCode":"GZ0001","params":{}},{"channelCode":"2-4","innerCode":"GZ0001","params":{}},{"channelCode":"2-5","innerCode":"GZ0001","params":{}},{"channelCode":"3-1","innerCode":"GZ0001","params":{}},{"channelCode":"3-2","innerCode":"GZ0001","params":{}},{"channelCode":"3-3","innerCode":"GZ0001","params":{}},{"channelCode":"3-4","innerCode":"GZ0001","params":{}},{"channelCode":"3-5","innerCode":"GZ0001","params":{}},{"channelCode":"4-1","innerCode":"GZ0001","params":{}},{"channelCode":"4-2","innerCode":"GZ0001","params":{}},{"channelCode":"4-3","innerCode":"GZ0001","params":{}},{"channelCode":"4-4","innerCode":"GZ0001","params":{}},{"channelCode":"4-5","innerCode":"GZ0001","params":{}}],"innerCode":"GZ0001"}','{"msg":"操作成功","code":200}',0,NULL,'2025-09-29 01:28:34',26),(503,'售货机货道',2,'com.dkd.manage.controller.ChannelController.channelConfig()','PUT',1,'admin','研发部门','/manage/channel/config','127.0.0.1','内网IP','{"channelList":[{"channelCode":"1-1","innerCode":"GZ0001","skuId":5},{"channelCode":"1-2","innerCode":"GZ0001","skuId":6},{"channelCode":"1-3","innerCode":"GZ0001"},{"channelCode":"1-4","innerCode":"GZ0001"},{"channelCode":"1-5","innerCode":"GZ0001"},{"channelCode":"2-1","innerCode":"GZ0001"},{"channelCode":"2-2","innerCode":"GZ0001"},{"channelCode":"2-3","innerCode":"GZ0001"},{"channelCode":"2-4","innerCode":"GZ0001"},{"channelCode":"2-5","innerCode":"GZ0001"},{"channelCode":"3-1","innerCode":"GZ0001"},{"channelCode":"3-2","innerCode":"GZ0001"},{"channelCode":"3-3","innerCode":"GZ0001"},{"channelCode":"3-4","innerCode":"GZ0001"},{"channelCode":"3-5","innerCode":"GZ0001"},{"channelCode":"4-1","innerCode":"GZ0001"},{"channelCode":"4-2","innerCode":"GZ0001"},{"channelCode":"4-3","innerCode":"GZ0001"},{"channelCode":"4-4","innerCode":"GZ0001"},{"channelCode":"4-5","innerCode":"GZ0001"}],"innerCode":"GZ0001"}','{"msg":"操作成功","code":200}',0,NULL,'2025-09-29 02:04:40',112),(504,'售货机货道',2,'com.dkd.manage.controller.ChannelController.channelConfig()','PUT',1,'admin','研发部门','/manage/channel/config','127.0.0.1','内网IP','{"channelList":[{"channelCode":"1-1","innerCode":"GZ0001","skuId":0},{"channelCode":"1-2","innerCode":"GZ0001","skuId":0},{"channelCode":"1-3","innerCode":"GZ0001"},{"channelCode":"1-4","innerCode":"GZ0001"},{"channelCode":"1-5","innerCode":"GZ0001"},{"channelCode":"2-1","innerCode":"GZ0001"},{"channelCode":"2-2","innerCode":"GZ0001"},{"channelCode":"2-3","innerCode":"GZ0001"},{"channelCode":"2-4","innerCode":"GZ0001"},{"channelCode":"2-5","innerCode":"GZ0001"},{"channelCode":"3-1","innerCode":"GZ0001"},{"channelCode":"3-2","innerCode":"GZ0001"},{"channelCode":"3-3","innerCode":"GZ0001"},{"channelCode":"3-4","innerCode":"GZ0001"},{"channelCode":"3-5","innerCode":"GZ0001"},{"channelCode":"4-1","innerCode":"GZ0001"},{"channelCode":"4-2","innerCode":"GZ0001"},{"channelCode":"4-3","innerCode":"GZ0001"},{"channelCode":"4-4","innerCode":"GZ0001"},{"channelCode":"4-5","innerCode":"GZ0001"}],"innerCode":"GZ0001"}','{"msg":"操作成功","code":200}',0,NULL,'2025-09-29 02:06:06',63),(505,'售货机货道',2,'com.dkd.manage.controller.ChannelController.channelConfig()','PUT',1,'admin','研发部门','/manage/channel/config','127.0.0.1','内网IP','{"channelList":[{"channelCode":"1-1","innerCode":"FT0001","skuId":5},{"channelCode":"1-2","innerCode":"FT0001"},{"channelCode":"1-3","innerCode":"FT0001"},{"channelCode":"1-4","innerCode":"FT0001"},{"channelCode":"1-5","innerCode":"FT0001"},{"channelCode":"1-6","innerCode":"FT0001"},{"channelCode":"1-7","innerCode":"FT0001"},{"channelCode":"2-1","innerCode":"FT0001"},{"channelCode":"2-2","innerCode":"FT0001"},{"channelCode":"2-3","innerCode":"FT0001"},{"channelCode":"2-4","innerCode":"FT0001"},{"channelCode":"2-5","innerCode":"FT0001"},{"channelCode":"2-6","innerCode":"FT0001"},{"channelCode":"2-7","innerCode":"FT0001"},{"channelCode":"3-1","innerCode":"FT0001"},{"channelCode":"3-2","innerCode":"FT0001"},{"channelCode":"3-3","innerCode":"FT0001"},{"channelCode":"3-4","innerCode":"FT0001"},{"channelCode":"3-5","innerCode":"FT0001"},{"channelCode":"3-6","innerCode":"FT0001"},{"channelCode":"3-7","innerCode":"FT0001"},{"channelCode":"4-1","innerCode":"FT0001"},{"channelCode":"4-2","innerCode":"FT0001"},{"channelCode":"4-3","innerCode":"FT0001"},{"channelCode":"4-4","innerCode":"FT0001"},{"channelCode":"4-5","innerCode":"FT0001"},{"channelCode":"4-6","innerCode":"FT0001"},{"channelCode":"4-7","innerCode":"FT0001"},{"channelCode":"5-1","innerCode":"FT0001"},{"channelCode":"5-2","innerCode":"FT0001"},{"channelCode":"5-3","innerCode":"FT0001"},{"channelCode":"5-4","innerCode":"FT0001"},{"channelCode":"5-5","innerCode":"FT0001"},{"channelCode":"5-6","innerCode":"FT0001"},{"channelCode":"5-7","innerCode":"FT0001"}],"innerCode":"FT0001"}','{"msg":"操作成功","code":200}',0,NULL,'2025-09-29 02:18:07',280),(506,'售货机货道',2,'com.dkd.manage.controller.ChannelController.channelConfig()','PUT',1,'admin','研发部门','/manage/channel/config','127.0.0.1','内网IP','{"channelList":[{"channelCode":"1-1","innerCode":"FT0001","skuId":5},{"channelCode":"1-2","innerCode":"FT0001"},{"channelCode":"1-3","innerCode":"FT0001"},{"channelCode":"1-4","innerCode":"FT0001"},{"channelCode":"1-5","innerCode":"FT0001"},{"channelCode":"1-6","innerCode":"FT0001"},{"channelCode":"1-7","innerCode":"FT0001"},{"channelCode":"2-1","innerCode":"FT0001"},{"channelCode":"2-2","innerCode":"FT0001"},{"channelCode":"2-3","innerCode":"FT0001","skuId":17},{"channelCode":"2-4","innerCode":"FT0001"},{"channelCode":"2-5","innerCode":"FT0001"},{"channelCode":"2-6","innerCode":"FT0001"},{"channelCode":"2-7","innerCode":"FT0001"},{"channelCode":"3-1","innerCode":"FT0001"},{"channelCode":"3-2","innerCode":"FT0001"},{"channelCode":"3-3","innerCode":"FT0001"},{"channelCode":"3-4","innerCode":"FT0001"},{"channelCode":"3-5","innerCode":"FT0001"},{"channelCode":"3-6","innerCode":"FT0001"},{"channelCode":"3-7","innerCode":"FT0001"},{"channelCode":"4-1","innerCode":"FT0001"},{"channelCode":"4-2","innerCode":"FT0001"},{"channelCode":"4-3","innerCode":"FT0001"},{"channelCode":"4-4","innerCode":"FT0001"},{"channelCode":"4-5","innerCode":"FT0001"},{"channelCode":"4-6","innerCode":"FT0001"},{"channelCode":"4-7","innerCode":"FT0001"},{"channelCode":"5-1","innerCode":"FT0001"},{"channelCode":"5-2","innerCode":"FT0001"},{"channelCode":"5-3","innerCode":"FT0001"},{"channelCode":"5-4","innerCode":"FT0001"},{"channelCode":"5-5","innerCode":"FT0001"},{"channelCode":"5-6","innerCode":"FT0001"},{"channelCode":"5-7","innerCode":"FT0001"}],"innerCode":"FT0001"}','{"msg":"操作成功","code":200}',0,NULL,'2025-09-29 02:18:19',207),(507,'售货机货道',2,'com.dkd.manage.controller.ChannelController.channelConfig()','PUT',1,'admin','研发部门','/manage/channel/config','127.0.0.1','内网IP','{"channelList":[{"channelCode":"1-1","innerCode":"FT0001","skuId":0},{"channelCode":"1-2","innerCode":"FT0001"},{"channelCode":"1-3","innerCode":"FT0001"},{"channelCode":"1-4","innerCode":"FT0001"},{"channelCode":"1-5","innerCode":"FT0001"},{"channelCode":"1-6","innerCode":"FT0001"},{"channelCode":"1-7","innerCode":"FT0001"},{"channelCode":"2-1","innerCode":"FT0001"},{"channelCode":"2-2","innerCode":"FT0001"},{"channelCode":"2-3","innerCode":"FT0001","skuId":0},{"channelCode":"2-4","innerCode":"FT0001"},{"channelCode":"2-5","innerCode":"FT0001"},{"channelCode":"2-6","innerCode":"FT0001"},{"channelCode":"2-7","innerCode":"FT0001"},{"channelCode":"3-1","innerCode":"FT0001"},{"channelCode":"3-2","innerCode":"FT0001"},{"channelCode":"3-3","innerCode":"FT0001"},{"channelCode":"3-4","innerCode":"FT0001"},{"channelCode":"3-5","innerCode":"FT0001"},{"channelCode":"3-6","innerCode":"FT0001"},{"channelCode":"3-7","innerCode":"FT0001"},{"channelCode":"4-1","innerCode":"FT0001"},{"channelCode":"4-2","innerCode":"FT0001"},{"channelCode":"4-3","innerCode":"FT0001"},{"channelCode":"4-4","innerCode":"FT0001"},{"channelCode":"4-5","innerCode":"FT0001"},{"channelCode":"4-6","innerCode":"FT0001"},{"channelCode":"4-7","innerCode":"FT0001"},{"channelCode":"5-1","innerCode":"FT0001"},{"channelCode":"5-2","innerCode":"FT0001"},{"channelCode":"5-3","innerCode":"FT0001"},{"channelCode":"5-4","innerCode":"FT0001"},{"channelCode":"5-5","innerCode":"FT0001"},{"channelCode":"5-6","innerCode":"FT0001"},{"channelCode":"5-7","innerCode":"FT0001"}],"innerCode":"FT0001"}','{"msg":"操作成功","code":200}',0,NULL,'2025-09-29 02:18:31',214),(508,'售货机货道',2,'com.dkd.manage.controller.ChannelController.channelConfig()','PUT',1,'admin','研发部门','/manage/channel/config','127.0.0.1','内网IP','{"channelList":[{"channelCode":"1-1","innerCode":"GZ0001","skuId":4},{"channelCode":"1-2","innerCode":"GZ0001","skuId":5},{"channelCode":"1-3","innerCode":"GZ0001","skuId":6},{"channelCode":"1-4","innerCode":"GZ0001","skuId":7},{"channelCode":"1-5","innerCode":"GZ0001","skuId":17},{"channelCode":"2-1","innerCode":"GZ0001","skuId":8},{"channelCode":"2-2","innerCode":"GZ0001","skuId":15},{"channelCode":"2-3","innerCode":"GZ0001","skuId":18},{"channelCode":"2-4","innerCode":"GZ0001","skuId":9},{"channelCode":"2-5","innerCode":"GZ0001","skuId":14},{"channelCode":"3-1","innerCode":"GZ0001"},{"channelCode":"3-2","innerCode":"GZ0001"},{"channelCode":"3-3","innerCode":"GZ0001"},{"channelCode":"3-4","innerCode":"GZ0001"},{"channelCode":"3-5","innerCode":"GZ0001"},{"channelCode":"4-1","innerCode":"GZ0001"},{"channelCode":"4-2","innerCode":"GZ0001"},{"channelCode":"4-3","innerCode":"GZ0001"},{"channelCode":"4-4","innerCode":"GZ0001"},{"channelCode":"4-5","innerCode":"GZ0001"}],"innerCode":"GZ0001"}','{"msg":"操作成功","code":200}',0,NULL,'2025-09-29 03:35:27',153),(509,'设备类型管理',3,'com.dkd.manage.controller.VmTypeController.remove()','DELETE',1,'admin','研发部门','/manage/vmType/1','127.0.0.1','内网IP','{}',NULL,1,'该设备类型下有设备关联:GZ0001、A1000001、A1000005、A1000008、Xhax5euA','2025-09-29 03:39:20',31),(510,'商品管理',3,'com.dkd.manage.controller.SkuController.remove()','DELETE',1,'admin','研发部门','/manage/sku/9','127.0.0.1','内网IP','{}',NULL,1,'设备编号为GZ0001下的货道编号2-4有新星巴克商品，无法删除！','2025-09-29 03:39:39',16),(511,'设备类型管理',2,'com.dkd.manage.controller.VmTypeController.edit()','PUT',1,'admin','研发部门','/manage/vmType','127.0.0.1','内网IP','{"channelMaxCapacity":12,"createTime":"2025-09-18 11:08:33","id":1,"image":"https://javacz-luo.oss-cn-beijing.aliyuncs.com/dkd-images/2025/09/18/68cbe81870a56057e0512a60.png","model":"CZ-10011","name":"饮料机","params":{},"vmCol":5,"vmRow":5}','{"msg":"操作成功","code":200}',0,NULL,'2025-09-29 03:40:17',101),(512,'设备类型管理',2,'com.dkd.manage.controller.VmTypeController.edit()','PUT',1,'admin','研发部门','/manage/vmType','127.0.0.1','内网IP','{"channelMaxCapacity":12,"createTime":"2025-09-18 11:08:33","id":1,"image":"https://javacz-luo.oss-cn-beijing.aliyuncs.com/dkd-images/2025/09/18/68cbe81870a56057e0512a60.png","model":"CZ-10011","name":"饮料机","params":{},"vmCol":1,"vmRow":5}','{"msg":"操作成功","code":200}',0,NULL,'2025-09-29 03:40:32',53),(513,'设备类型管理',2,'com.dkd.manage.controller.VmTypeController.edit()','PUT',1,'admin','研发部门','/manage/vmType','127.0.0.1','内网IP','{"channelMaxCapacity":12,"createTime":"2025-09-18 11:08:33","id":1,"image":"https://javacz-luo.oss-cn-beijing.aliyuncs.com/dkd-images/2025/09/18/68cbe81870a56057e0512a60.png","model":"CZ-10011","name":"饮料机","params":{},"vmCol":5,"vmRow":5}','{"msg":"操作成功","code":200}',0,NULL,'2025-09-29 03:41:11',62),(514,'售货机货道',2,'com.dkd.manage.controller.ChannelController.channelConfig()','PUT',1,'admin','研发部门','/manage/channel/config','127.0.0.1','内网IP','{"channelList":[{"channelCode":"1-1","innerCode":"GZ0001","skuId":4},{"channelCode":"1-2","innerCode":"GZ0001"},{"channelCode":"1-3","innerCode":"GZ0001"},{"channelCode":"1-4","innerCode":"GZ0001"},{"channelCode":"1-5","innerCode":"GZ0001"},{"channelCode":"2-1","innerCode":"GZ0001","skuId":8},{"channelCode":"2-2","innerCode":"GZ0001"},{"channelCode":"2-3","innerCode":"GZ0001"},{"channelCode":"2-4","innerCode":"GZ0001","skuId":8},{"channelCode":"2-5","innerCode":"GZ0001"},{"channelCode":"3-1","innerCode":"GZ0001"},{"channelCode":"3-2","innerCode":"GZ0001"},{"channelCode":"3-3","innerCode":"GZ0001"},{"channelCode":"3-4","innerCode":"GZ0001","skuId":6},{"channelCode":"3-5","innerCode":"GZ0001","skuId":17},{"channelCode":"4-1","innerCode":"GZ0001"},{"channelCode":"4-2","innerCode":"GZ0001"},{"channelCode":"4-3","innerCode":"GZ0001"},{"channelCode":"4-4","innerCode":"GZ0001"},{"channelCode":"4-5","innerCode":"GZ0001"},{"channelCode":"5-1","innerCode":"GZ0001"},{"channelCode":"5-2","innerCode":"GZ0001"},{"channelCode":"5-3","innerCode":"GZ0001"},{"channelCode":"5-4","innerCode":"GZ0001","skuId":14},{"channelCode":"5-5","innerCode":"GZ0001"}],"innerCode":"GZ0001"}','{"msg":"操作成功","code":200}',0,NULL,'2025-09-29 06:40:57',300),(515,'设备类型管理',2,'com.dkd.manage.controller.VmTypeController.edit()','PUT',1,'admin','研发部门','/manage/vmType','127.0.0.1','内网IP','{"channelMaxCapacity":12,"createTime":"2025-09-18 11:08:33","id":1,"image":"https://javacz-luo.oss-cn-beijing.aliyuncs.com/dkd-images/2025/09/18/68cbe81870a56057e0512a60.png","model":"CZ-10011","name":"饮料机","params":{},"vmCol":4,"vmRow":5}',NULL,1,'无法缩减设备类型行列数，以下货道中仍有商品：\n设备[GZ0001] 的关联商品货道：\n   → 3-5 (库存:0)','2025-09-29 06:41:22',107),(516,'设备类型管理',2,'com.dkd.manage.controller.VmTypeController.edit()','PUT',1,'admin','研发部门','/manage/vmType','127.0.0.1','内网IP','{"channelMaxCapacity":12,"createTime":"2025-09-18 11:08:33","id":1,"image":"https://javacz-luo.oss-cn-beijing.aliyuncs.com/dkd-images/2025/09/18/68cbe81870a56057e0512a60.png","model":"CZ-10011","name":"饮料机","params":{},"vmCol":4,"vmRow":5}',NULL,1,'无法缩减设备类型行列数，以下货道中仍有商品：\n设备[GZ0001] 的关联商品货道：\n   → 3-5 (库存:0)','2025-09-29 06:41:30',64),(517,'设备类型管理',2,'com.dkd.manage.controller.VmTypeController.edit()','PUT',1,'admin','研发部门','/manage/vmType','127.0.0.1','内网IP','{"channelMaxCapacity":12,"createTime":"2025-09-18 11:08:33","id":1,"image":"https://javacz-luo.oss-cn-beijing.aliyuncs.com/dkd-images/2025/09/18/68cbe81870a56057e0512a60.png","model":"CZ-10011","name":"饮料机","params":{},"vmCol":4,"vmRow":5}',NULL,1,'无法缩减设备类型行列数，以下货道中仍有商品：\n设备[GZ0001] 的关联商品货道：\n   → 3-5 (库存:0)','2025-09-29 06:41:35',58),(518,'设备类型管理',2,'com.dkd.manage.controller.VmTypeController.edit()','PUT',1,'admin','研发部门','/manage/vmType','127.0.0.1','内网IP','{"channelMaxCapacity":12,"createTime":"2025-09-18 11:08:33","id":1,"image":"https://javacz-luo.oss-cn-beijing.aliyuncs.com/dkd-images/2025/09/18/68cbe81870a56057e0512a60.png","model":"CZ-10011","name":"饮料机","params":{},"vmCol":3,"vmRow":5}',NULL,1,'无法缩减设备类型行列数，以下货道中仍有商品：\n设备[GZ0001] 的关联商品货道：\n   → 2-4 (库存:0); 3-4 (库存:0); 3-5 (库存:0); 5-4 (库存:0)','2025-09-29 06:41:41',57),(519,'设备类型管理',2,'com.dkd.manage.controller.VmTypeController.edit()','PUT',1,'admin','研发部门','/manage/vmType','127.0.0.1','内网IP','{"channelMaxCapacity":12,"createTime":"2025-09-18 11:08:33","id":1,"image":"https://javacz-luo.oss-cn-beijing.aliyuncs.com/dkd-images/2025/09/18/68cbe81870a56057e0512a60.png","model":"CZ-10011","name":"饮料机","params":{},"vmCol":4,"vmRow":5}',NULL,1,'无法缩减设备类型行列数，以下货道中仍有商品：\n设备[GZ0001] 的关联商品货道：\n   → 3-5 (库存:0)','2025-09-29 06:57:53',178),(520,'设备类型管理',2,'com.dkd.manage.controller.VmTypeController.edit()','PUT',1,'admin','研发部门','/manage/vmType','127.0.0.1','内网IP','{"channelMaxCapacity":12,"createTime":"2025-09-18 11:08:33","id":1,"image":"https://javacz-luo.oss-cn-beijing.aliyuncs.com/dkd-images/2025/09/18/68cbe81870a56057e0512a60.png","model":"CZ-10011","name":"饮料机","params":{},"vmCol":4,"vmRow":4}',NULL,1,'无法缩减设备类型行列数，以下货道中仍有商品：\n设备[GZ0001] 的关联商品货道：\n   → 3-5 (库存:0); 5-4 (库存:0)','2025-09-29 06:57:57',69),(521,'设备类型管理',2,'com.dkd.manage.controller.VmTypeController.edit()','PUT',1,'admin','研发部门','/manage/vmType','127.0.0.1','内网IP','{"channelMaxCapacity":12,"createTime":"2025-09-18 11:08:33","id":1,"image":"https://javacz-luo.oss-cn-beijing.aliyuncs.com/dkd-images/2025/09/18/68cbe81870a56057e0512a60.png","model":"CZ-10011","name":"饮料机","params":{},"vmCol":4,"vmRow":5}',NULL,1,'无法缩减设备类型行列数，以下货道中仍有商品：\n设备[GZ0001] 的关联商品货道：\n   → 3-5 (库存:0)','2025-09-29 06:58:02',65),(522,'设备类型管理',2,'com.dkd.manage.controller.VmTypeController.edit()','PUT',1,'admin','研发部门','/manage/vmType','127.0.0.1','内网IP','{"channelMaxCapacity":12,"createTime":"2025-09-18 11:08:33","id":1,"image":"https://javacz-luo.oss-cn-beijing.aliyuncs.com/dkd-images/2025/09/18/68cbe81870a56057e0512a60.png","model":"CZ-10011","name":"饮料机","params":{},"vmCol":5,"vmRow":5}','{"msg":"操作成功","code":200}',0,NULL,'2025-09-29 06:58:11',28),(523,'设备类型管理',2,'com.dkd.manage.controller.VmTypeController.edit()','PUT',1,'admin','研发部门','/manage/vmType','127.0.0.1','内网IP','{"channelMaxCapacity":12,"createTime":"2025-09-18 11:08:33","id":1,"image":"https://javacz-luo.oss-cn-beijing.aliyuncs.com/dkd-images/2025/09/18/68cbe81870a56057e0512a60.png","model":"CZ-10011","name":"饮料机","params":{},"vmCol":5,"vmRow":5}','{"msg":"操作成功","code":200}',0,NULL,'2025-09-29 06:58:17',30),(524,'售货机货道',2,'com.dkd.manage.controller.ChannelController.channelConfig()','PUT',1,'admin','研发部门','/manage/channel/config','127.0.0.1','内网IP','{"channelList":[{"channelCode":"1-1","innerCode":"GZ0001","skuId":4},{"channelCode":"1-2","innerCode":"GZ0001"},{"channelCode":"1-3","innerCode":"GZ0001"},{"channelCode":"1-4","innerCode":"GZ0001"},{"channelCode":"1-5","innerCode":"GZ0001"},{"channelCode":"2-1","innerCode":"GZ0001","skuId":8},{"channelCode":"2-2","innerCode":"GZ0001"},{"channelCode":"2-3","innerCode":"GZ0001"},{"channelCode":"2-4","innerCode":"GZ0001","skuId":8},{"channelCode":"2-5","innerCode":"GZ0001"},{"channelCode":"3-1","innerCode":"GZ0001"},{"channelCode":"3-2","innerCode":"GZ0001"},{"channelCode":"3-3","innerCode":"GZ0001"},{"channelCode":"3-4","innerCode":"GZ0001","skuId":6},{"channelCode":"3-5","innerCode":"GZ0001","skuId":17},{"channelCode":"4-1","innerCode":"GZ0001"},{"channelCode":"4-2","innerCode":"GZ0001"},{"channelCode":"4-3","innerCode":"GZ0001","skuId":15},{"channelCode":"4-4","innerCode":"GZ0001"},{"channelCode":"4-5","innerCode":"GZ0001"},{"channelCode":"5-1","innerCode":"GZ0001"},{"channelCode":"5-2","innerCode":"GZ0001"},{"channelCode":"5-3","innerCode":"GZ0001"},{"channelCode":"5-4","innerCode":"GZ0001","skuId":14},{"channelCode":"5-5","innerCode":"GZ0001"}],"innerCode":"GZ0001"}','{"msg":"操作成功","code":200}',0,NULL,'2025-09-29 06:59:24',290),(525,'售货机货道',2,'com.dkd.manage.controller.ChannelController.channelConfig()','PUT',1,'admin','研发部门','/manage/channel/config','127.0.0.1','内网IP','{"channelList":[{"channelCode":"1-1","innerCode":"A1000001"},{"channelCode":"1-2","innerCode":"A1000001","skuId":6},{"channelCode":"1-3","innerCode":"A1000001","skuId":7},{"channelCode":"1-4","innerCode":"A1000001"},{"channelCode":"1-5","innerCode":"A1000001"},{"channelCode":"2-1","innerCode":"A1000001"},{"channelCode":"2-2","innerCode":"A1000001"},{"channelCode":"2-3","innerCode":"A1000001","skuId":5},{"channelCode":"2-4","innerCode":"A1000001","skuId":18},{"channelCode":"2-5","innerCode":"A1000001"},{"channelCode":"3-1","innerCode":"A1000001"},{"channelCode":"3-2","innerCode":"A1000001","skuId":14},{"channelCode":"3-3","innerCode":"A1000001"},{"channelCode":"3-4","innerCode":"A1000001"},{"channelCode":"3-5","innerCode":"A1000001"},{"channelCode":"4-1","innerCode":"A1000001"},{"channelCode":"4-2","innerCode":"A1000001","skuId":9},{"channelCode":"4-3","innerCode":"A1000001"},{"channelCode":"4-4","innerCode":"A1000001","skuId":17},{"channelCode":"4-5","innerCode":"A1000001"},{"channelCode":"5-1","innerCode":"A1000001"},{"channelCode":"5-2","innerCode":"A1000001"},{"channelCode":"5-3","innerCode":"A1000001"},{"channelCode":"5-4","innerCode":"A1000001","skuId":4},{"channelCode":"5-5","innerCode":"A1000001"}],"innerCode":"A1000001"}','{"msg":"操作成功","code":200}',0,NULL,'2025-09-29 07:00:20',172),(526,'设备类型管理',2,'com.dkd.manage.controller.VmTypeController.edit()','PUT',1,'admin','研发部门','/manage/vmType','127.0.0.1','内网IP','{"channelMaxCapacity":12,"createTime":"2025-09-18 11:08:33","id":1,"image":"https://javacz-luo.oss-cn-beijing.aliyuncs.com/dkd-images/2025/09/18/68cbe81870a56057e0512a60.png","model":"CZ-10011","name":"饮料机","params":{},"vmCol":4,"vmRow":5}',NULL,1,'无法缩减设备类型行列数，以下货道中仍有商品：\n设备[GZ0001] 的关联商品货道：\n   → 3-5 (库存:0)','2025-09-29 07:00:33',50),(527,'设备类型管理',2,'com.dkd.manage.controller.VmTypeController.edit()','PUT',1,'admin','研发部门','/manage/vmType','127.0.0.1','内网IP','{"channelMaxCapacity":12,"createTime":"2025-09-18 11:08:33","id":1,"image":"https://javacz-luo.oss-cn-beijing.aliyuncs.com/dkd-images/2025/09/18/68cbe81870a56057e0512a60.png","model":"CZ-10011","name":"饮料机","params":{},"vmCol":3,"vmRow":5}',NULL,1,'无法缩减设备类型行列数，以下货道中仍有商品：\n设备[GZ0001] 的关联商品货道：\n   → 2-4 (库存:0); 3-4 (库存:0); 3-5 (库存:0); 5-4 (库存:0)\n设备[A1000001] 的关联商品货道：\n   → 2-4 (库存:0); 4-4 (库存:0); 5-4 (库存:0)','2025-09-29 07:00:39',45),(528,'设备类型管理',2,'com.dkd.manage.controller.VmTypeController.edit()','PUT',1,'admin','研发部门','/manage/vmType','127.0.0.1','内网IP','{"channelMaxCapacity":12,"createTime":"2025-09-18 11:08:33","id":1,"image":"https://javacz-luo.oss-cn-beijing.aliyuncs.com/dkd-images/2025/09/18/68cbe81870a56057e0512a60.png","model":"CZ-10011","name":"饮料机","params":{},"vmCol":3,"vmRow":5}',NULL,1,'无法缩减设备类型行列数，以下货道中仍有商品：\n设备[GZ0001] 的关联商品货道：\n   → 2-4 (库存:0); 3-4 (库存:0); 3-5 (库存:0); 5-4 (库存:0)\n设备[A1000001] 的关联商品货道：\n   → 2-4 (库存:0); 4-4 (库存:0); 5-4 (库存:0)','2025-09-29 07:00:43',61),(529,'设备类型管理',2,'com.dkd.manage.controller.VmTypeController.edit()','PUT',1,'admin','研发部门','/manage/vmType','127.0.0.1','内网IP','{"channelMaxCapacity":12,"createTime":"2025-09-18 11:08:33","id":1,"image":"https://javacz-luo.oss-cn-beijing.aliyuncs.com/dkd-images/2025/09/18/68cbe81870a56057e0512a60.png","model":"CZ-10011","name":"饮料机","params":{},"vmCol":3,"vmRow":5}',NULL,1,'无法缩减设备类型行列数，以下货道中仍有商品：\n设备[GZ0001] 的关联商品货道：\n   → 2-4 (库存:0); 3-4 (库存:0); 3-5 (库存:0); 5-4 (库存:0)\n设备[A1000001] 的关联商品货道：\n   → 2-4 (库存:0); 4-4 (库存:0); 5-4 (库存:0)','2025-09-29 07:00:52',38),(530,'商品管理',3,'com.dkd.manage.controller.SkuClassController.remove()','DELETE',1,'admin','研发部门','/manage/skuType/1','127.0.0.1','内网IP','{}',NULL,1,'饮料商品类型下仍有青梅绿茶、冰糖雪梨、怡宝至尊、一百橙汁、魔力花茶、新星巴克、阿萨姆奶茶、营养快线、可口可乐、康师傅、可口可乐plus商品\n','2025-09-29 07:04:39',20),(531,'商品管理',3,'com.dkd.manage.controller.SkuController.remove()','DELETE',1,'admin','研发部门','/manage/sku/4','127.0.0.1','内网IP','{}',NULL,1,'设备编号为A1000001下的货道编号5-4有青梅绿茶商品，无法删除！\n设备编号为GZ0001下的货道编号1-1有青梅绿茶商品，无法删除！','2025-09-29 07:04:56',26),(532,'设备类型管理',2,'com.dkd.manage.controller.VmTypeController.edit()','PUT',1,'admin','研发部门','/manage/vmType','127.0.0.1','内网IP','{"channelMaxCapacity":12,"createTime":"2025-09-18 11:08:33","id":1,"image":"https://javacz-luo.oss-cn-beijing.aliyuncs.com/dkd-images/2025/09/18/68cbe81870a56057e0512a60.png","model":"CZ-10011","name":"饮料机","params":{},"vmCol":4,"vmRow":5}',NULL,1,'无法缩减设备类型行列数，以下货道中仍有商品：\n设备[GZ0001] 的关联商品货道：\n   → 3-5 (库存:0)','2025-09-29 07:08:29',85),(533,'设备类型管理',2,'com.dkd.manage.controller.VmTypeController.edit()','PUT',1,'admin','研发部门','/manage/vmType','127.0.0.1','内网IP','{"channelMaxCapacity":12,"createTime":"2025-09-18 11:08:33","id":1,"image":"https://javacz-luo.oss-cn-beijing.aliyuncs.com/dkd-images/2025/09/18/68cbe81870a56057e0512a60.png","model":"CZ-10011","name":"饮料机","params":{},"vmCol":5,"vmRow":5}','{"msg":"操作成功","code":200}',0,NULL,'2025-09-29 07:08:38',43),(534,'设备类型管理',3,'com.dkd.manage.controller.VmTypeController.remove()','DELETE',1,'admin','研发部门','/manage/vmType/1','127.0.0.1','内网IP','{}',NULL,1,'该设备类型下有设备关联:GZ0001、A1000001、A1000005、A1000008、Xhax5euA','2025-09-29 07:08:54',35),(535,'设备类型管理',3,'com.dkd.manage.controller.VmTypeController.remove()','DELETE',1,'admin','研发部门','/manage/vmType/1','127.0.0.1','内网IP','{}',NULL,1,'该设备类型下有设备关联:GZ0001、A1000001、A1000005、A1000008、Xhax5euA','2025-09-29 07:09:00',12),(536,'设备类型管理',2,'com.dkd.manage.controller.VmTypeController.edit()','PUT',1,'admin','研发部门','/manage/vmType','127.0.0.1','内网IP','{"channelMaxCapacity":12,"createTime":"2025-09-18 11:08:33","id":1,"image":"https://javacz-luo.oss-cn-beijing.aliyuncs.com/dkd-images/2025/09/18/68cbe81870a56057e0512a60.png","model":"CZ-10011","name":"饮料机","params":{},"vmCol":2,"vmRow":5}',NULL,1,'无法缩减设备类型行列数，以下货道中仍有商品：\n设备[GZ0001] 的关联商品货道：\n   → 2-4 (库存:0); 3-4 (库存:0); 4-3 (库存:0); 3-5 (库存:0); 5-4 (库存:0)\n设备[A1000001] 的关联商品货道：\n   → 1-3 (库存:0); 2-3 (库存:0); 2-4 (库存:0); 4-4 (库存:0); 5-4 (库存:0)','2025-09-29 07:09:26',46),(537,'设备类型管理',2,'com.dkd.manage.controller.VmTypeController.edit()','PUT',1,'admin','研发部门','/manage/vmType','127.0.0.1','内网IP','{"channelMaxCapacity":12,"createTime":"2025-09-18 11:08:33","id":1,"image":"https://javacz-luo.oss-cn-beijing.aliyuncs.com/dkd-images/2025/09/18/68cbe81870a56057e0512a60.png","model":"CZ-10011","name":"饮料机","params":{},"vmCol":2,"vmRow":5}',NULL,1,'无法缩减设备类型行列数，以下货道中仍有商品：\n设备[GZ0001] 的关联商品货道：\n   → 2-4 (库存:0); 3-4 (库存:0); 4-3 (库存:0); 3-5 (库存:0); 5-4 (库存:0)\n设备[A1000001] 的关联商品货道：\n   → 1-3 (库存:0); 2-3 (库存:0); 2-4 (库存:0); 4-4 (库存:0); 5-4 (库存:0)','2025-09-29 07:09:37',47),(538,'设备类型管理',2,'com.dkd.manage.controller.VmTypeController.edit()','PUT',1,'admin','研发部门','/manage/vmType','127.0.0.1','内网IP','{"channelMaxCapacity":12,"createTime":"2025-09-18 11:08:33","id":1,"image":"https://javacz-luo.oss-cn-beijing.aliyuncs.com/dkd-images/2025/09/18/68cbe81870a56057e0512a60.png","model":"CZ-10011","name":"饮料机","params":{},"vmCol":2,"vmRow":5}',NULL,1,'无法缩减设备类型行列数，以下货道中仍有商品：\n设备[GZ0001] 的关联商品货道：\n   → 2-4 (库存:0); 3-4 (库存:0); 4-3 (库存:0); 3-5 (库存:0); 5-4 (库存:0)\n设备[A1000001] 的关联商品货道：\n   → 1-3 (库存:0); 2-3 (库存:0); 2-4 (库存:0); 4-4 (库存:0); 5-4 (库存:0)','2025-09-29 07:09:46',58),(539,'商品管理',3,'com.dkd.manage.controller.SkuController.remove()','DELETE',1,'admin','研发部门','/manage/sku/4','127.0.0.1','内网IP','{}',NULL,1,'设备编号为A1000001下的货道编号5-4有青梅绿茶商品，无法删除！\n设备编号为GZ0001下的货道编号1-1有青梅绿茶商品，无法删除！','2025-09-29 07:10:07',24),(540,'设备类型管理',3,'com.dkd.manage.controller.VmTypeController.remove()','DELETE',1,'admin','研发部门','/manage/vmType/1','127.0.0.1','内网IP','{}',NULL,1,'该设备类型下有设备关联:GZ0001、A1000001、A1000005、A1000008、Xhax5euA','2025-09-29 07:10:22',15),(541,'设备类型管理',2,'com.dkd.manage.controller.VmTypeController.edit()','PUT',1,'admin','研发部门','/manage/vmType','127.0.0.1','内网IP','{"channelMaxCapacity":11,"createTime":"2025-09-19 00:24:09","id":3,"image":"https://javacz-luo.oss-cn-beijing.aliyuncs.com/dkd-images/2025/09/19/68cca2a57e73306d51c9bb89.png","model":"CZ-10015","name":"盲盒机","params":{},"vmCol":6,"vmRow":5}','{"msg":"操作成功","code":200}',0,NULL,'2025-09-29 07:10:46',79),(542,'设备类型管理',2,'com.dkd.manage.controller.VmTypeController.edit()','PUT',1,'admin','研发部门','/manage/vmType','127.0.0.1','内网IP','{"channelMaxCapacity":12,"createTime":"2025-09-18 11:08:33","id":1,"image":"https://javacz-luo.oss-cn-beijing.aliyuncs.com/dkd-images/2025/09/18/68cbe81870a56057e0512a60.png","model":"CZ-10011","name":"饮料机","params":{},"vmCol":3,"vmRow":5}',NULL,1,'无法缩减设备类型行列数，以下货道中仍有商品：\n设备[GZ0001] 的关联商品货道：\n   → 2-4 (库存:0); 3-4 (库存:0); 3-5 (库存:0); 5-4 (库存:0)\n设备[A1000001] 的关联商品货道：\n   → 2-4 (库存:0); 4-4 (库存:0); 5-4 (库存:0)','2025-09-29 07:10:59',56),(543,'设备类型管理',2,'com.dkd.manage.controller.VmTypeController.edit()','PUT',1,'admin','研发部门','/manage/vmType','127.0.0.1','内网IP','{"channelMaxCapacity":12,"createTime":"2025-09-18 11:08:33","id":1,"image":"https://javacz-luo.oss-cn-beijing.aliyuncs.com/dkd-images/2025/09/18/68cbe81870a56057e0512a60.png","model":"CZ-10011","name":"饮料机","params":{},"vmCol":2,"vmRow":5}',NULL,1,'无法缩减设备类型行列数，以下货道中仍有商品：\n设备[GZ0001] 的关联商品货道：\n   → 2-4 (库存:0); 3-4 (库存:0); 4-3 (库存:0); 3-5 (库存:0); 5-4 (库存:0)\n设备[A1000001] 的关联商品货道：\n   → 1-3 (库存:0); 2-3 (库存:0); 2-4 (库存:0); 4-4 (库存:0); 5-4 (库存:0)','2025-09-29 07:15:37',57),(544,'设备类型管理',2,'com.dkd.manage.controller.VmTypeController.edit()','PUT',1,'admin','研发部门','/manage/vmType','127.0.0.1','内网IP','{"channelMaxCapacity":11,"createTime":"2025-09-19 00:24:09","id":3,"image":"https://javacz-luo.oss-cn-beijing.aliyuncs.com/dkd-images/2025/09/19/68cca2a57e73306d51c9bb89.png","model":"CZ-10015","name":"盲盒机","params":{},"vmCol":3,"vmRow":5}','{"msg":"操作成功","code":200}',0,NULL,'2025-09-29 07:18:47',68),(545,'设备类型管理',2,'com.dkd.manage.controller.VmTypeController.edit()','PUT',1,'admin','研发部门','/manage/vmType','127.0.0.1','内网IP','{"channelMaxCapacity":12,"createTime":"2025-09-18 11:08:33","id":1,"image":"https://javacz-luo.oss-cn-beijing.aliyuncs.com/dkd-images/2025/09/18/68cbe81870a56057e0512a60.png","model":"CZ-10011","name":"饮料机","params":{},"vmCol":2,"vmRow":5}',NULL,1,'无法缩减设备类型行列数，以下货道中仍有商品：\n设备[GZ0001] 的关联商品货道：\n   → 2-4 (库存:0); 3-4 (库存:0); 4-3 (库存:0); 3-5 (库存:0); 5-4 (库存:0)\n设备[A1000001] 的关联商品货道：\n   → 1-3 (库存:0); 2-3 (库存:0); 2-4 (库存:0); 4-4 (库存:0); 5-4 (库存:0)','2025-09-29 07:18:53',51),(546,'设备类型管理',2,'com.dkd.manage.controller.VmTypeController.edit()','PUT',1,'admin','研发部门','/manage/vmType','127.0.0.1','内网IP','{"channelMaxCapacity":12,"createTime":"2025-09-18 11:08:33","id":1,"image":"https://javacz-luo.oss-cn-beijing.aliyuncs.com/dkd-images/2025/09/18/68cbe81870a56057e0512a60.png","model":"CZ-10011","name":"饮料机","params":{},"vmCol":2,"vmRow":5}',NULL,1,'无法缩减设备类型行列数，以下货道中仍有商品：\n设备[GZ0001] 的关联商品货道：\n   → 2-4 (库存:0); 3-4 (库存:0); 4-3 (库存:0); 3-5 (库存:0); 5-4 (库存:0)\n设备[A1000001] 的关联商品货道：\n   → 1-3 (库存:0); 2-3 (库存:0); 2-4 (库存:0); 4-4 (库存:0); 5-4 (库存:0)','2025-09-29 07:19:05',53),(547,'设备类型管理',2,'com.dkd.manage.controller.VmTypeController.edit()','PUT',1,'admin','研发部门','/manage/vmType','127.0.0.1','内网IP','{"channelMaxCapacity":12,"createTime":"2025-09-18 11:08:33","id":1,"image":"https://javacz-luo.oss-cn-beijing.aliyuncs.com/dkd-images/2025/09/18/68cbe81870a56057e0512a60.png","model":"CZ-10011","name":"饮料机","params":{},"vmCol":2,"vmRow":5}',NULL,1,'无法缩减设备类型行列数，以下货道中仍有商品：\n设备[GZ0001] 的关联商品货道：\n   → 2-4 (库存:0); 3-4 (库存:0); 4-3 (库存:0); 3-5 (库存:0); 5-4 (库存:0)\n设备[A1000001] 的关联商品货道：\n   → 1-3 (库存:0); 2-3 (库存:0); 2-4 (库存:0); 4-4 (库存:0); 5-4 (库存:0)','2025-09-29 07:19:07',43),(548,'设备类型管理',2,'com.dkd.manage.controller.VmTypeController.edit()','PUT',1,'admin','研发部门','/manage/vmType','127.0.0.1','内网IP','{"channelMaxCapacity":12,"createTime":"2025-09-18 11:08:33","id":1,"image":"https://javacz-luo.oss-cn-beijing.aliyuncs.com/dkd-images/2025/09/18/68cbe81870a56057e0512a60.png","model":"CZ-10011","name":"饮料机","params":{},"vmCol":2,"vmRow":5}',NULL,1,'无法缩减设备类型行列数，以下货道中仍有商品：\n设备[GZ0001] 的关联商品货道：\n   → 2-4 (库存:0); 3-4 (库存:0); 4-3 (库存:0); 3-5 (库存:0); 5-4 (库存:0)\n设备[A1000001] 的关联商品货道：\n   → 1-3 (库存:0); 2-3 (库存:0); 2-4 (库存:0); 4-4 (库存:0); 5-4 (库存:0)','2025-09-29 07:19:08',64),(549,'设备类型管理',2,'com.dkd.manage.controller.VmTypeController.edit()','PUT',1,'admin','研发部门','/manage/vmType','127.0.0.1','内网IP','{"channelMaxCapacity":12,"createTime":"2025-09-18 11:08:33","id":1,"image":"https://javacz-luo.oss-cn-beijing.aliyuncs.com/dkd-images/2025/09/18/68cbe81870a56057e0512a60.png","model":"CZ-10011","name":"饮料机","params":{},"vmCol":3,"vmRow":5}',NULL,1,'无法缩减设备类型行列数，以下货道中仍有商品：\n设备[GZ0001] 的关联商品货道：\n   → 2-4 (库存:0); 3-4 (库存:0); 3-5 (库存:0); 5-4 (库存:0)\n设备[A1000001] 的关联商品货道：\n   → 2-4 (库存:0); 4-4 (库存:0); 5-4 (库存:0)','2025-09-29 07:19:15',51),(550,'设备类型管理',2,'com.dkd.manage.controller.VmTypeController.edit()','PUT',1,'admin','研发部门','/manage/vmType','127.0.0.1','内网IP','{"channelMaxCapacity":12,"createTime":"2025-09-18 11:08:33","id":1,"image":"https://javacz-luo.oss-cn-beijing.aliyuncs.com/dkd-images/2025/09/18/68cbe81870a56057e0512a60.png","model":"CZ-10011","name":"饮料机","params":{},"vmCol":2,"vmRow":5}',NULL,1,'无法缩减设备类型行列数，以下货道中仍有商品：\n设备[GZ0001] 的关联商品货道：\n   → 2-4 (库存:0); 3-4 (库存:0); 4-3 (库存:0); 3-5 (库存:0); 5-4 (库存:0)\n设备[A1000001] 的关联商品货道：\n   → 1-3 (库存:0); 2-3 (库存:0); 2-4 (库存:0); 4-4 (库存:0); 5-4 (库存:0)','2025-09-29 07:23:06',56),(551,'设备类型管理',3,'com.dkd.manage.controller.VmTypeController.remove()','DELETE',1,'admin','研发部门','/manage/vmType/1','127.0.0.1','内网IP','{}',NULL,1,'该设备类型下有设备关联:GZ0001、A1000001、A1000005、A1000008、Xhax5euA','2025-09-29 07:23:10',15),(552,'设备类型管理',2,'com.dkd.manage.controller.VmTypeController.edit()','PUT',1,'admin','研发部门','/manage/vmType','127.0.0.1','内网IP','{"channelMaxCapacity":12,"createTime":"2025-09-18 11:08:33","id":1,"image":"https://javacz-luo.oss-cn-beijing.aliyuncs.com/dkd-images/2025/09/18/68cbe81870a56057e0512a60.png","model":"CZ-10011","name":"饮料机","params":{},"vmCol":3,"vmRow":5}',NULL,1,'无法缩减设备类型行列数，以下货道中仍有商品：\n设备[GZ0001] 的关联商品货道：\n   → 2-4 (库存:0); 3-4 (库存:0); 3-5 (库存:0); 5-4 (库存:0)\n设备[A1000001] 的关联商品货道：\n   → 2-4 (库存:0); 4-4 (库存:0); 5-4 (库存:0)','2025-09-29 07:23:45',39),(553,'区域管理',3,'com.dkd.manage.controller.RegionController.remove()','DELETE',1,'admin','研发部门','/manage/region/1','127.0.0.1','内网IP','{}',NULL,1,'该管理下有点位信息,有：国贸大厦A座电梯口','2025-09-29 07:24:54',16),(554,'设备类型管理',2,'com.dkd.manage.controller.VmTypeController.edit()','PUT',1,'admin','研发部门','/manage/vmType','127.0.0.1','内网IP','{"channelMaxCapacity":12,"createTime":"2025-09-18 11:08:33","id":1,"image":"https://javacz-luo.oss-cn-beijing.aliyuncs.com/dkd-images/2025/09/18/68cbe81870a56057e0512a60.png","model":"CZ-10011","name":"饮料机","params":{},"vmCol":3,"vmRow":5}',NULL,1,'无法缩减设备类型行列数，以下货道中仍有商品：\n设备[GZ0001] 的关联商品货道：\n   → 2-4 (库存:0); 3-4 (库存:0); 3-5 (库存:0); 5-4 (库存:0)\n设备[A1000001] 的关联商品货道：\n   → 2-4 (库存:0); 4-4 (库存:0); 5-4 (库存:0)','2025-09-29 07:32:36',73),(555,'设备类型管理',2,'com.dkd.manage.controller.VmTypeController.edit()','PUT',1,'admin','研发部门','/manage/vmType','127.0.0.1','内网IP','{"channelMaxCapacity":12,"createTime":"2025-09-18 11:08:33","id":1,"image":"https://javacz-luo.oss-cn-beijing.aliyuncs.com/dkd-images/2025/09/18/68cbe81870a56057e0512a60.png","model":"CZ-10011","name":"饮料机","params":{},"vmCol":3,"vmRow":5}',NULL,1,'无法缩减设备类型行列数，以下货道中仍有商品：\n设备[GZ0001] 的关联商品货道：\n   → 2-4 (库存:0); 3-4 (库存:0); 3-5 (库存:0); 5-4 (库存:0)\n设备[A1000001] 的关联商品货道：\n   → 2-4 (库存:0); 4-4 (库存:0); 5-4 (库存:0)','2025-09-29 07:32:52',47),(556,'设备类型管理',2,'com.dkd.manage.controller.VmTypeController.edit()','PUT',1,'admin','研发部门','/manage/vmType','127.0.0.1','内网IP','{"channelMaxCapacity":12,"createTime":"2025-09-18 11:08:33","id":1,"image":"https://javacz-luo.oss-cn-beijing.aliyuncs.com/dkd-images/2025/09/18/68cbe81870a56057e0512a60.png","model":"CZ-10011","name":"饮料机","params":{},"vmCol":3,"vmRow":5}',NULL,1,'无法缩减设备类型行列数，以下货道中仍有商品：\n设备[GZ0001] 的关联商品货道：\n   → 2-4 (库存:0); 3-4 (库存:0); 3-5 (库存:0); 5-4 (库存:0)\n设备[A1000001] 的关联商品货道：\n   → 2-4 (库存:0); 4-4 (库存:0); 5-4 (库存:0)','2025-09-29 07:33:01',55),(557,'设备类型管理',2,'com.dkd.manage.controller.VmTypeController.edit()','PUT',1,'admin','研发部门','/manage/vmType','127.0.0.1','内网IP','{"channelMaxCapacity":12,"createTime":"2025-09-18 11:08:33","id":1,"image":"https://javacz-luo.oss-cn-beijing.aliyuncs.com/dkd-images/2025/09/18/68cbe81870a56057e0512a60.png","model":"CZ-10011","name":"饮料机","params":{},"vmCol":3,"vmRow":5}',NULL,1,'无法缩减设备类型行列数，以下货道中仍有商品：\n设备[GZ0001] 的关联商品货道：\n   → 2-4 (库存:0); 3-4 (库存:0); 3-5 (库存:0); 5-4 (库存:0)\n设备[A1000001] 的关联商品货道：\n   → 2-4 (库存:0); 4-4 (库存:0); 5-4 (库存:0)','2025-09-29 07:33:09',46),(558,'设备类型管理',3,'com.dkd.manage.controller.VmTypeController.remove()','DELETE',1,'admin','研发部门','/manage/vmType/1','127.0.0.1','内网IP','{}',NULL,1,'该设备类型下有设备关联:GZ0001、A1000001、A1000005、A1000008、Xhax5euA','2025-09-29 07:33:56',13),(559,'设备类型管理',3,'com.dkd.manage.controller.VmTypeController.remove()','DELETE',1,'admin','研发部门','/manage/vmType/1','127.0.0.1','内网IP','{}',NULL,1,'该设备类型下有设备关联:GZ0001、A1000001、A1000005、A1000008、Xhax5euA','2025-09-29 07:34:07',13),(560,'设备类型管理',3,'com.dkd.manage.controller.VmTypeController.remove()','DELETE',1,'admin','研发部门','/manage/vmType/1','127.0.0.1','内网IP','{}',NULL,1,'该设备类型下有设备关联:GZ0001、A1000001、A1000005、A1000008、Xhax5euA','2025-09-29 07:46:52',27),(561,'设备类型管理',2,'com.dkd.manage.controller.VmTypeController.edit()','PUT',1,'admin','研发部门','/manage/vmType','127.0.0.1','内网IP','{"channelMaxCapacity":12,"createTime":"2025-09-18 11:08:33","id":1,"image":"https://javacz-luo.oss-cn-beijing.aliyuncs.com/dkd-images/2025/09/18/68cbe81870a56057e0512a60.png","model":"CZ-10011","name":"饮料机","params":{},"vmCol":4,"vmRow":5}',NULL,1,'无法缩减设备类型行列数，以下货道中仍有商品：\n设备[GZ0001] 的关联商品货道：\n   → 3-5 (库存:0)','2025-09-29 08:01:40',214),(562,'设备类型管理',2,'com.dkd.manage.controller.VmTypeController.edit()','PUT',1,'admin','研发部门','/manage/vmType','127.0.0.1','内网IP','{"channelMaxCapacity":12,"createTime":"2025-09-18 11:08:33","id":1,"image":"https://javacz-luo.oss-cn-beijing.aliyuncs.com/dkd-images/2025/09/18/68cbe81870a56057e0512a60.png","model":"CZ-10011","name":"饮料机","params":{},"vmCol":4,"vmRow":5}',NULL,1,'无法缩减设备类型行列数，以下货道中仍有商品：\n设备[GZ0001] 的关联商品货道：\n   → 3-5 (库存:0)','2025-09-29 08:01:42',89),(563,'设备类型管理',2,'com.dkd.manage.controller.VmTypeController.edit()','PUT',1,'admin','研发部门','/manage/vmType','127.0.0.1','内网IP','{"channelMaxCapacity":12,"createTime":"2025-09-18 11:08:33","id":1,"image":"https://javacz-luo.oss-cn-beijing.aliyuncs.com/dkd-images/2025/09/18/68cbe81870a56057e0512a60.png","model":"CZ-10011","name":"饮料机","params":{},"vmCol":4,"vmRow":5}',NULL,1,'无法缩减设备类型行列数，以下货道中仍有商品：\n设备[GZ0001] 的关联商品货道：\n   → 3-5 (库存:0)','2025-09-29 08:01:50',75),(564,'设备类型管理',2,'com.dkd.manage.controller.VmTypeController.edit()','PUT',1,'admin','研发部门','/manage/vmType','127.0.0.1','内网IP','{"channelMaxCapacity":12,"createTime":"2025-09-18 11:08:33","id":1,"image":"https://javacz-luo.oss-cn-beijing.aliyuncs.com/dkd-images/2025/09/18/68cbe81870a56057e0512a60.png","model":"CZ-10011","name":"饮料机","params":{},"vmCol":3,"vmRow":5}',NULL,1,'无法缩减设备类型行列数，以下货道中仍有商品：\n设备[GZ0001] 的关联商品货道：\n   → 2-4 (库存:0); 3-4 (库存:0); 3-5 (库存:0); 5-4 (库存:0)\n设备[A1000001] 的关联商品货道：\n   → 2-4 (库存:0); 4-4 (库存:0); 5-4 (库存:0)','2025-09-29 08:01:53',60),(565,'设备类型管理',2,'com.dkd.manage.controller.VmTypeController.edit()','PUT',1,'admin','研发部门','/manage/vmType','127.0.0.1','内网IP','{"channelMaxCapacity":12,"createTime":"2025-09-18 11:08:33","id":1,"image":"https://javacz-luo.oss-cn-beijing.aliyuncs.com/dkd-images/2025/09/18/68cbe81870a56057e0512a60.png","model":"CZ-10011","name":"饮料机","params":{},"vmCol":3,"vmRow":5}',NULL,1,'无法缩减设备类型行列数，以下货道中仍有商品：\n设备[GZ0001] 的关联商品货道：\n   → 2-4 (库存:0); 3-4 (库存:0); 3-5 (库存:0); 5-4 (库存:0)\n设备[A1000001] 的关联商品货道：\n   → 2-4 (库存:0); 4-4 (库存:0); 5-4 (库存:0)','2025-09-29 08:02:00',118),(566,'设备类型管理',2,'com.dkd.manage.controller.VmTypeController.edit()','PUT',1,'admin','研发部门','/manage/vmType','127.0.0.1','内网IP','{"channelMaxCapacity":12,"createTime":"2025-09-18 11:08:33","id":1,"image":"https://javacz-luo.oss-cn-beijing.aliyuncs.com/dkd-images/2025/09/18/68cbe81870a56057e0512a60.png","model":"CZ-10011","name":"饮料机","params":{},"vmCol":3,"vmRow":5}',NULL,1,'无法缩减设备类型行列数，以下货道中仍有商品：\n设备[GZ0001] 的关联商品货道：\n   → 2-4 (库存:0); 3-4 (库存:0); 3-5 (库存:0); 5-4 (库存:0)\n设备[A1000001] 的关联商品货道：\n   → 2-4 (库存:0); 4-4 (库存:0); 5-4 (库存:0)','2025-09-29 08:02:18',49),(567,'设备类型管理',3,'com.dkd.manage.controller.VmTypeController.remove()','DELETE',1,'admin','研发部门','/manage/vmType/1','127.0.0.1','内网IP','{}',NULL,1,'该设备类型下有设备关联:GZ0001、A1000001、A1000005、A1000008、Xhax5euA','2025-09-29 08:02:28',16),(568,'设备类型管理',3,'com.dkd.manage.controller.VmTypeController.remove()','DELETE',1,'admin','研发部门','/manage/vmType/1','127.0.0.1','内网IP','{}',NULL,1,'该设备类型下有设备关联:GZ0001、A1000001、A1000005、A1000008、Xhax5euA','2025-09-29 08:02:44',14),(569,'设备类型管理',3,'com.dkd.manage.controller.VmTypeController.remove()','DELETE',1,'admin','研发部门','/manage/vmType/1','127.0.0.1','内网IP','{}',NULL,1,'该设备类型下有设备关联:GZ0001、A1000001、A1000005、A1000008、Xhax5euA','2025-09-29 08:04:30',22),(570,'设备类型管理',2,'com.dkd.manage.controller.VmTypeController.edit()','PUT',1,'admin','研发部门','/manage/vmType','127.0.0.1','内网IP','{"channelMaxCapacity":12,"createTime":"2025-09-18 11:08:33","id":1,"image":"https://javacz-luo.oss-cn-beijing.aliyuncs.com/dkd-images/2025/09/18/68cbe81870a56057e0512a60.png","model":"CZ-10011","name":"饮料机","params":{},"vmCol":4,"vmRow":5}',NULL,1,'无法缩减设备类型行列数，以下货道中仍有商品：\n设备[GZ0001] 的关联商品货道：\n   → 3-5 (库存:0)','2025-09-29 08:04:57',89),(571,'设备类型管理',2,'com.dkd.manage.controller.VmTypeController.edit()','PUT',1,'admin','研发部门','/manage/vmType','127.0.0.1','内网IP','{"channelMaxCapacity":12,"createTime":"2025-09-18 11:08:33","id":1,"image":"https://javacz-luo.oss-cn-beijing.aliyuncs.com/dkd-images/2025/09/18/68cbe81870a56057e0512a60.png","model":"CZ-10011","name":"饮料机","params":{},"vmCol":2,"vmRow":5}',NULL,1,'无法缩减设备类型行列数，以下货道中仍有商品：\n设备[GZ0001] 的关联商品货道：\n   → 2-4 (库存:0); 3-4 (库存:0); 4-3 (库存:0); 3-5 (库存:0); 5-4 (库存:0)\n设备[A1000001] 的关联商品货道：\n   → 1-3 (库存:0); 2-3 (库存:0); 2-4 (库存:0); 4-4 (库存:0); 5-4 (库存:0)','2025-09-29 08:05:05',58),(572,'设备类型管理',2,'com.dkd.manage.controller.VmTypeController.edit()','PUT',1,'admin','研发部门','/manage/vmType','127.0.0.1','内网IP','{"channelMaxCapacity":12,"createTime":"2025-09-18 11:08:33","id":1,"image":"https://javacz-luo.oss-cn-beijing.aliyuncs.com/dkd-images/2025/09/18/68cbe81870a56057e0512a60.png","model":"CZ-10011","name":"饮料机","params":{},"vmCol":1,"vmRow":5}',NULL,1,'无法缩减设备类型行列数，以下货道中仍有商品：\n设备[GZ0001] 的关联商品货道：\n   → 2-4 (库存:0); 3-4 (库存:0); 4-3 (库存:0); 3-5 (库存:0); 5-4 (库存:0)\n设备[A1000001] 的关联商品货道：\n   → 1-2 (库存:0); 1-3 (库存:0); 2-3 (库存:0); 3-2 (库存:0); 2-4 (库存:0); 4-2 (库存:0); 4-4 (库存:0); 5-4 (库存:0)','2025-09-29 08:05:23',82),(573,'设备类型管理',2,'com.dkd.manage.controller.VmTypeController.edit()','PUT',1,'admin','研发部门','/manage/vmType','127.0.0.1','内网IP','{"channelMaxCapacity":12,"createTime":"2025-09-18 11:08:33","id":1,"image":"https://javacz-luo.oss-cn-beijing.aliyuncs.com/dkd-images/2025/09/18/68cbe81870a56057e0512a60.png","model":"CZ-10011","name":"饮料机","params":{},"vmCol":3,"vmRow":5}',NULL,1,'无法缩减设备类型行列数，以下货道中仍有商品：\n设备[GZ0001] 的关联商品货道：\n   → 2-4 (库存:0); 3-4 (库存:0); 3-5 (库存:0); 5-4 (库存:0)\n设备[A1000001] 的关联商品货道：\n   → 2-4 (库存:0); 4-4 (库存:0); 5-4 (库存:0)','2025-09-29 08:05:42',79),(574,'设备类型管理',2,'com.dkd.manage.controller.VmTypeController.edit()','PUT',1,'admin','研发部门','/manage/vmType','127.0.0.1','内网IP','{"channelMaxCapacity":12,"createTime":"2025-09-18 11:08:33","id":1,"image":"https://javacz-luo.oss-cn-beijing.aliyuncs.com/dkd-images/2025/09/18/68cbe81870a56057e0512a60.png","model":"CZ-10011","name":"饮料机","params":{},"vmCol":3,"vmRow":5}',NULL,1,'无法缩减设备类型行列数，以下货道中仍有商品：\n设备[GZ0001] 的关联商品货道：\n   → 2-4 (库存:0); 3-4 (库存:0); 3-5 (库存:0); 5-4 (库存:0)\n设备[A1000001] 的关联商品货道：\n   → 2-4 (库存:0); 4-4 (库存:0); 5-4 (库存:0)','2025-09-29 08:05:47',58),(575,'点位管理',3,'com.dkd.manage.controller.NodeController.remove()','DELETE',1,'admin','研发部门','/manage/node/3','127.0.0.1','内网IP','{}',NULL,1,'故宫东华门公交站下有设备,设备编号为:GG0001、A1000003','2025-09-29 08:07:44',37),(576,'区域管理',3,'com.dkd.manage.controller.RegionController.remove()','DELETE',1,'admin','研发部门','/manage/region/2','127.0.0.1','内网IP','{}',NULL,1,'该管理下有点位信息,有：中关村创业大街入口、圆明园遗址公园','2025-09-29 08:07:51',10),(577,'合作商管理',3,'com.dkd.manage.controller.PartnerController.remove()','DELETE',1,'admin','研发部门','/manage/partner/2','127.0.0.1','内网IP','{}',NULL,1,'该管理下有点位信息,有：国贸大厦A座电梯口、首钢园文创广场','2025-09-29 08:08:00',11),(578,'人员列表',3,'com.dkd.manage.controller.EmpController.remove()','DELETE',1,'admin','研发部门','/manage/emp/56','127.0.0.1','内网IP','{}','{"msg":"操作成功","code":200}',0,NULL,'2025-09-29 08:08:23',30),(579,'商品管理',3,'com.dkd.manage.controller.SkuController.remove()','DELETE',1,'admin','研发部门','/manage/sku/4','127.0.0.1','内网IP','{}',NULL,1,'设备编号为A1000001下的货道编号5-4有青梅绿茶商品，无法删除！\n设备编号为GZ0001下的货道编号1-1有青梅绿茶商品，无法删除！','2025-09-29 08:08:35',29),(580,'商品管理',3,'com.dkd.manage.controller.SkuController.remove()','DELETE',1,'admin','研发部门','/manage/sku/6','127.0.0.1','内网IP','{}',NULL,1,'设备编号为A1000001下的货道编号1-2有怡宝至尊商品，无法删除！\n设备编号为GZ0001下的货道编号3-4有怡宝至尊商品，无法删除！','2025-09-29 08:08:42',13),(581,'商品管理',3,'com.dkd.manage.controller.SkuController.remove()','DELETE',1,'admin','研发部门','/manage/sku/4','127.0.0.1','内网IP','{}',NULL,1,'设备编号为A1000001下的货道编号5-4有青梅绿茶商品，无法删除！\n设备编号为GZ0001下的货道编号1-1有青梅绿茶商品，无法删除！','2025-09-29 08:09:30',18),(582,'区域管理',3,'com.dkd.manage.controller.RegionController.remove()','DELETE',1,'admin','研发部门','/manage/region/4','127.0.0.1','内网IP','{}','{"msg":"操作成功","code":200}',0,NULL,'2025-09-29 08:09:36',42),(583,'区域管理',3,'com.dkd.manage.controller.RegionController.remove()','DELETE',1,'admin','研发部门','/manage/region/1','127.0.0.1','内网IP','{}',NULL,1,'该管理下有点位信息,有：国贸大厦A座电梯口','2025-09-29 08:09:41',14),(584,'点位管理',3,'com.dkd.manage.controller.NodeController.remove()','DELETE',1,'admin','研发部门','/manage/node/1','127.0.0.1','内网IP','{}',NULL,1,'国贸大厦A座电梯口下有设备,设备编号为:GZ0001、A1000001、Xhax5euA','2025-09-29 08:09:46',20),(585,'点位管理',3,'com.dkd.manage.controller.NodeController.remove()','DELETE',1,'admin','研发部门','/manage/node/1','127.0.0.1','内网IP','{}',NULL,1,'国贸大厦A座电梯口下有设备,设备编号为:GZ0001、A1000001、Xhax5euA','2025-09-29 08:09:52',20),(586,'设备类型管理',3,'com.dkd.manage.controller.VmTypeController.remove()','DELETE',1,'admin','研发部门','/manage/vmType/1','127.0.0.1','内网IP','{}',NULL,1,'该设备类型下有设备关联:GZ0001、A1000001、A1000005、A1000008、Xhax5euA','2025-09-29 08:10:08',14),(587,'设备类型管理',2,'com.dkd.manage.controller.VmTypeController.edit()','PUT',1,'admin','研发部门','/manage/vmType','127.0.0.1','内网IP','{"channelMaxCapacity":12,"createTime":"2025-09-18 11:08:33","id":1,"image":"https://javacz-luo.oss-cn-beijing.aliyuncs.com/dkd-images/2025/09/18/68cbe81870a56057e0512a60.png","model":"CZ-10011","name":"饮料机","params":{},"vmCol":4,"vmRow":5}',NULL,1,'无法缩减设备类型行列数，以下货道中仍有商品：\n设备[GZ0001] 的关联商品货道：\n   → 3-5 (库存:0)','2025-09-29 08:10:13',50),(588,'设备类型管理',2,'com.dkd.manage.controller.VmTypeController.edit()','PUT',1,'admin','研发部门','/manage/vmType','127.0.0.1','内网IP','{"channelMaxCapacity":12,"createTime":"2025-09-18 11:08:33","id":1,"image":"https://javacz-luo.oss-cn-beijing.aliyuncs.com/dkd-images/2025/09/18/68cbe81870a56057e0512a60.png","model":"CZ-10011","name":"饮料机","params":{},"vmCol":2,"vmRow":5}',NULL,1,'无法缩减设备类型行列数，以下货道中仍有商品：\n设备[GZ0001] 的关联商品货道：\n   → 2-4 (库存:0); 3-4 (库存:0); 4-3 (库存:0); 3-5 (库存:0); 5-4 (库存:0)\n设备[A1000001] 的关联商品货道：\n   → 1-3 (库存:0); 2-3 (库存:0); 2-4 (库存:0); 4-4 (库存:0); 5-4 (库存:0)','2025-09-29 08:10:18',54),(589,'区域管理',3,'com.dkd.manage.controller.RegionController.remove()','DELETE',1,'admin','研发部门','/manage/region/1','127.0.0.1','内网IP','{}',NULL,1,'该管理下有点位信息,有：国贸大厦A座电梯口','2025-09-29 08:10:56',10),(590,'区域管理',3,'com.dkd.manage.controller.RegionController.remove()','DELETE',1,'admin','研发部门','/manage/region/1','127.0.0.1','内网IP','{}',NULL,1,'该管理下有点位信息,有：国贸大厦A座电梯口','2025-09-29 08:11:07',9),(591,'区域管理',3,'com.dkd.manage.controller.RegionController.remove()','DELETE',1,'admin','研发部门','/manage/region/1','127.0.0.1','内网IP','{}',NULL,1,'该管理下有点位信息,有：国贸大厦A座电梯口','2025-09-29 08:11:31',11),(592,'点位管理',3,'com.dkd.manage.controller.NodeController.remove()','DELETE',1,'admin','研发部门','/manage/node/1','127.0.0.1','内网IP','{}',NULL,1,'国贸大厦A座电梯口下有设备,设备编号为:GZ0001、A1000001、Xhax5euA','2025-09-29 08:11:37',17),(593,'设备类型管理',2,'com.dkd.manage.controller.VmTypeController.edit()','PUT',1,'admin','研发部门','/manage/vmType','127.0.0.1','内网IP','{"channelMaxCapacity":12,"createTime":"2025-09-18 11:08:33","id":1,"image":"https://javacz-luo.oss-cn-beijing.aliyuncs.com/dkd-images/2025/09/18/68cbe81870a56057e0512a60.png","model":"CZ-10011","name":"饮料机","params":{},"vmCol":3,"vmRow":5}',NULL,1,'无法缩减设备类型行列数，以下货道中仍有商品：\n设备[GZ0001] 的关联商品货道：\n   → 2-4 (库存:0); 3-4 (库存:0); 3-5 (库存:0); 5-4 (库存:0)\n设备[A1000001] 的关联商品货道：\n   → 2-4 (库存:0); 4-4 (库存:0); 5-4 (库存:0)','2025-09-29 08:12:40',60),(594,'菜单管理',1,'com.dkd.web.controller.system.SysMenuController.add()','POST',1,'admin','研发部门','/system/menu','127.0.0.1','内网IP','{"children":[],"createBy":"admin","icon":"工单管理","isCache":"0","isFrame":"1","menuName":"工单管理","menuType":"M","orderNum":1,"params":{},"parentId":0,"path":"task","status":"0","visible":"0"}','{"msg":"操作成功","code":200}',0,NULL,'2025-09-29 08:39:56',258),(595,'字典类型',1,'com.dkd.web.controller.system.SysDictTypeController.add()','POST',1,'admin','研发部门','/system/dict/type','127.0.0.1','内网IP','{"createBy":"admin","dictName":"工单状态","dictType":"task_status","params":{},"status":"0"}','{"msg":"操作成功","code":200}',0,NULL,'2025-09-29 08:48:31',52),(596,'字典数据',1,'com.dkd.web.controller.system.SysDictDataController.add()','POST',1,'admin','研发部门','/system/dict/data','127.0.0.1','内网IP','{"createBy":"admin","default":false,"dictLabel":"待办","dictSort":1,"dictType":"task_status","dictValue":"1","listClass":"default","params":{},"status":"0"}','{"msg":"操作成功","code":200}',0,NULL,'2025-09-29 08:49:55',40),(597,'字典数据',1,'com.dkd.web.controller.system.SysDictDataController.add()','POST',1,'admin','研发部门','/system/dict/data','127.0.0.1','内网IP','{"createBy":"admin","default":false,"dictLabel":"进行","dictSort":2,"dictType":"task_status","dictValue":"2","listClass":"default","params":{},"status":"0"}','{"msg":"操作成功","code":200}',0,NULL,'2025-09-29 08:50:08',56),(598,'字典数据',1,'com.dkd.web.controller.system.SysDictDataController.add()','POST',1,'admin','研发部门','/system/dict/data','127.0.0.1','内网IP','{"createBy":"admin","default":false,"dictLabel":"取消","dictSort":3,"dictType":"task_status","dictValue":"3","listClass":"default","params":{},"status":"0"}','{"msg":"操作成功","code":200}',0,NULL,'2025-09-29 08:50:20',55),(599,'字典数据',1,'com.dkd.web.controller.system.SysDictDataController.add()','POST',1,'admin','研发部门','/system/dict/data','127.0.0.1','内网IP','{"createBy":"admin","default":false,"dictLabel":"完成","dictSort":4,"dictType":"task_status","dictValue":"4","listClass":"default","params":{},"status":"0"}','{"msg":"操作成功","code":200}',0,NULL,'2025-09-29 08:50:32',30),(600,'字典类型',1,'com.dkd.web.controller.system.SysDictTypeController.add()','POST',1,'admin','研发部门','/system/dict/type','127.0.0.1','内网IP','{"createBy":"admin","dictName":"工单创建类型","dictType":"task_create_type","params":{},"status":"0"}','{"msg":"操作成功","code":200}',0,NULL,'2025-09-29 08:51:39',25),(601,'字典数据',1,'com.dkd.web.controller.system.SysDictDataController.add()','POST',1,'admin','研发部门','/system/dict/data','127.0.0.1','内网IP','{"createBy":"admin","default":false,"dictLabel":"自动","dictSort":1,"dictType":"task_create_type","dictValue":"0","listClass":"default","params":{},"status":"0"}','{"msg":"操作成功","code":200}',0,NULL,'2025-09-29 08:52:22',39),(602,'字典数据',1,'com.dkd.web.controller.system.SysDictDataController.add()','POST',1,'admin','研发部门','/system/dict/data','127.0.0.1','内网IP','{"createBy":"admin","default":false,"dictLabel":"手动","dictSort":2,"dictType":"task_create_type","dictValue":"1","listClass":"default","params":{},"status":"0"}','{"msg":"操作成功","code":200}',0,NULL,'2025-09-29 08:53:52',39),(603,'代码生成',6,'com.dkd.generator.controller.GenController.importTableSave()','POST',1,'admin','研发部门','/tool/gen/importTable','127.0.0.1','内网IP','{"tables":"tb_task_type,tb_task,tb_task_details"}','{"msg":"操作成功","code":200}',0,NULL,'2025-09-29 08:55:01',461),(604,'代码生成',6,'com.dkd.generator.controller.GenController.importTableSave()','POST',1,'admin','研发部门','/tool/gen/importTable','127.0.0.1','内网IP','{"tables":"tb_job"}','{"msg":"操作成功","code":200}',0,NULL,'2025-09-29 08:55:22',65),(605,'代码生成',2,'com.dkd.generator.controller.GenController.editSave()','PUT',1,'admin','研发部门','/tool/gen','127.0.0.1','内网IP','{"businessName":"task","className":"Task","columns":[{"capJavaField":"TaskId","columnComment":"工单ID","columnId":110,"columnName":"task_id","columnType":"bigint","createBy":"admin","createTime":"2025-09-29 08:55:01","dictType":"","edit":false,"htmlType":"input","increment":true,"insert":true,"isIncrement":"1","isInsert":"1","isPk":"1","isRequired":"0","javaField":"taskId","javaType":"Long","list":false,"params":{},"pk":true,"query":false,"queryType":"EQ","required":false,"sort":1,"superColumn":false,"tableId":14,"updateBy":"","usableColumn":false},{"capJavaField":"TaskCode","columnComment":"工单编号","columnId":111,"columnName":"task_code","columnType":"varchar(40)","createBy":"admin","createTime":"2025-09-29 08:55:01","dictType":"","edit":true,"htmlType":"input","increment":false,"insert":true,"isEdit":"1","isIncrement":"0","isInsert":"1","isList":"1","isPk":"0","isQuery":"1","isRequired":"1","javaField":"taskCode","javaType":"String","list":true,"params":{},"pk":false,"query":true,"queryType":"EQ","required":true,"sort":2,"superColumn":false,"tableId":14,"updateBy":"","usableColumn":false},{"capJavaField":"TaskStatus","columnComment":"工单状态","columnId":112,"columnName":"task_status","columnType":"int","createBy":"admin","createTime":"2025-09-29 08:55:01","dictType":"task_status","edit":true,"htmlType":"select","increment":false,"insert":true,"isEdit":"1","isIncrement":"0","isInsert":"1","isList":"1","isPk":"0","isQuery":"1","isRequired":"0","javaField":"taskStatus","javaType":"Long","list":true,"params":{},"pk":false,"query":true,"queryType":"EQ","required":false,"sort":3,"superColumn":false,"tableId":14,"updateBy":"","usableColumn":false},{"capJavaField":"CreateType","columnComment":"创建类型 0：自动 1：手动","columnId":113,"columnName":"create_type","columnType":"int","createBy":"admin","createTime":"2025-09-29 08:55:01","dictType":"task_create_type","edit":true,"htmlType":"select","increment":false,"insert":true,"isEdit":"1","isIncrement":"0","isInsert":"1","isList":"1","isPk"','{"msg":"操作成功","code":200}',0,NULL,'2025-09-29 08:58:15',137),(606,'代码生成',2,'com.dkd.generator.controller.GenController.editSave()','PUT',1,'admin','研发部门','/tool/gen','127.0.0.1','内网IP','{"businessName":"taskDetails","className":"TaskDetails","columns":[{"capJavaField":"DetailsId","columnId":124,"columnName":"details_id","columnType":"bigint","createBy":"admin","createTime":"2025-09-29 08:55:01","dictType":"","edit":false,"htmlType":"input","increment":true,"insert":true,"isIncrement":"1","isInsert":"1","isPk":"1","isRequired":"0","javaField":"detailsId","javaType":"Long","list":false,"params":{},"pk":true,"query":false,"queryType":"EQ","required":false,"sort":1,"superColumn":false,"tableId":15,"updateBy":"","usableColumn":false},{"capJavaField":"TaskId","columnComment":"工单Id（逻辑外键，关联 tb_task.task_id）","columnId":125,"columnName":"task_id","columnType":"bigint","createBy":"admin","createTime":"2025-09-29 08:55:01","dictType":"","edit":true,"htmlType":"input","increment":false,"insert":true,"isEdit":"1","isIncrement":"0","isInsert":"1","isList":"1","isPk":"0","isQuery":"1","isRequired":"0","javaField":"taskId","javaType":"Long","list":true,"params":{},"pk":false,"query":true,"queryType":"EQ","required":false,"sort":2,"superColumn":false,"tableId":15,"updateBy":"","usableColumn":false},{"capJavaField":"ChannelCode","columnComment":"货道编号","columnId":126,"columnName":"channel_code","columnType":"varchar(10)","createBy":"admin","createTime":"2025-09-29 08:55:01","dictType":"","edit":true,"htmlType":"input","increment":false,"insert":true,"isEdit":"1","isIncrement":"0","isInsert":"1","isList":"1","isPk":"0","isQuery":"1","isRequired":"0","javaField":"channelCode","javaType":"String","list":true,"params":{},"pk":false,"query":true,"queryType":"EQ","required":false,"sort":3,"superColumn":false,"tableId":15,"updateBy":"","usableColumn":false},{"capJavaField":"ExpectCapacity","columnComment":"补货期望容量","columnId":127,"columnName":"expect_capacity","columnType":"int","createBy":"admin","createTime":"2025-09-29 08:55:01","dictType":"","edit":true,"htmlType":"input","increment":false,"insert":true,"isEdit":"1","isIncrement":"0","isInsert":"1","isList":"1","isPk":"0','{"msg":"操作成功","code":200}',0,NULL,'2025-09-29 08:59:52',100),(607,'代码生成',2,'com.dkd.generator.controller.GenController.editSave()','PUT',1,'admin','研发部门','/tool/gen','127.0.0.1','内网IP','{"businessName":"taskType","className":"TaskType","columns":[{"capJavaField":"TypeId","columnId":131,"columnName":"type_id","columnType":"int","createBy":"admin","createTime":"2025-09-29 08:55:01","dictType":"","edit":false,"htmlType":"input","increment":false,"insert":true,"isIncrement":"0","isInsert":"1","isPk":"1","isRequired":"0","javaField":"typeId","javaType":"Long","list":false,"params":{},"pk":true,"query":false,"queryType":"EQ","required":false,"sort":1,"superColumn":false,"tableId":16,"updateBy":"","usableColumn":false},{"capJavaField":"TypeName","columnComment":"类型名称","columnId":132,"columnName":"type_name","columnType":"varchar(20)","createBy":"admin","createTime":"2025-09-29 08:55:01","dictType":"","edit":true,"htmlType":"input","increment":false,"insert":true,"isEdit":"1","isIncrement":"0","isInsert":"1","isList":"1","isPk":"0","isQuery":"1","isRequired":"0","javaField":"typeName","javaType":"String","list":true,"params":{},"pk":false,"query":true,"queryType":"LIKE","required":false,"sort":2,"superColumn":false,"tableId":16,"updateBy":"","usableColumn":false},{"capJavaField":"Type","columnComment":"工单类型。1:维修工单;2:运营工单","columnId":133,"columnName":"type","columnType":"int","createBy":"admin","createTime":"2025-09-29 08:55:01","dictType":"","edit":true,"htmlType":"select","increment":false,"insert":true,"isEdit":"1","isIncrement":"0","isInsert":"1","isList":"1","isPk":"0","isQuery":"1","isRequired":"0","javaField":"type","javaType":"Long","list":true,"params":{},"pk":false,"query":true,"queryType":"EQ","required":false,"sort":3,"superColumn":false,"tableId":16,"updateBy":"","usableColumn":false}],"crud":true,"functionAuthor":"luo","functionName":"工单类型","genPath":"/","genType":"0","moduleName":"manage","options":"{\\"parentMenuId\\":2062}","packageName":"com.dkd.manage","params":{"parentMenuId":2062},"parentMenuId":"2062","sub":false,"tableComment":"工单类型","tableId":16,"tableName":"tb_task_type","tplCategory":"crud","tplWebType":"element-plus","tree":false}','{"msg":"操作成功","code":200}',0,NULL,'2025-09-29 09:01:06',64),(608,'代码生成',2,'com.dkd.generator.controller.GenController.editSave()','PUT',1,'admin','研发部门','/tool/gen','127.0.0.1','内网IP','{"businessName":"job","className":"Job","columns":[{"capJavaField":"Id","columnComment":"主键","columnId":134,"columnName":"id","columnType":"int","createBy":"admin","createTime":"2025-09-29 08:55:22","dictType":"","edit":false,"htmlType":"input","increment":true,"insert":true,"isIncrement":"1","isInsert":"1","isPk":"1","isRequired":"0","javaField":"id","javaType":"Long","list":false,"params":{},"pk":true,"query":false,"queryType":"EQ","required":false,"sort":1,"superColumn":false,"tableId":17,"updateBy":"","usableColumn":false},{"capJavaField":"AlertValue","columnComment":"警戒值百分比","columnId":135,"columnName":"alert_value","columnType":"int","createBy":"admin","createTime":"2025-09-29 08:55:22","dictType":"","edit":true,"htmlType":"input","increment":false,"insert":true,"isEdit":"1","isIncrement":"0","isInsert":"1","isList":"1","isPk":"0","isQuery":"1","isRequired":"0","javaField":"alertValue","javaType":"Long","list":true,"params":{},"pk":false,"query":true,"queryType":"EQ","required":false,"sort":2,"superColumn":false,"tableId":17,"updateBy":"","usableColumn":false}],"crud":true,"functionAuthor":"luo","functionName":"自动补货任务","genPath":"/","genType":"0","moduleName":"manage","options":"{\\"parentMenuId\\":2062}","packageName":"com.dkd.manage","params":{"parentMenuId":2062},"parentMenuId":"2062","sub":false,"tableComment":"自动补货任务","tableId":17,"tableName":"tb_job","tplCategory":"crud","tplWebType":"element-plus","tree":false}','{"msg":"操作成功","code":200}',0,NULL,'2025-09-29 09:02:15',39),(609,'代码生成',8,'com.dkd.generator.controller.GenController.batchGenCode()','GET',1,'admin','研发部门','/tool/gen/batchGenCode','127.0.0.1','内网IP','{"tables":"tb_job,tb_task_type,tb_task_details,tb_task"}',NULL,0,NULL,'2025-09-29 09:04:09',736),(610,'菜单管理',1,'com.dkd.web.controller.system.SysMenuController.add()','POST',1,'admin','研发部门','/system/menu','127.0.0.1','内网IP','{"children":[],"component":"manage/task/business","createBy":"admin","isCache":"0","isFrame":"1","menuName":"运营工单","menuType":"C","orderNum":2,"params":{},"parentId":2062,"path":"business","perms":"manage:task:list","status":"0","visible":"0"}','{"msg":"操作成功","code":200}',0,NULL,'2025-09-29 09:14:39',232),(611,'菜单管理',2,'com.dkd.web.controller.system.SysMenuController.edit()','PUT',1,'admin','研发部门','/system/menu','127.0.0.1','内网IP','{"children":[],"component":"manage/task/business","createTime":"2025-09-29 09:14:39","icon":"#","isCache":"0","isFrame":"1","menuId":2063,"menuName":"运营工单","menuType":"C","orderNum":1,"params":{},"parentId":2062,"path":"business","perms":"manage:task:list","status":"0","updateBy":"admin","visible":"0"}','{"msg":"操作成功","code":200}',0,NULL,'2025-09-29 09:15:01',49),(612,'菜单管理',1,'com.dkd.web.controller.system.SysMenuController.add()','POST',1,'admin','研发部门','/system/menu','127.0.0.1','内网IP','{"children":[],"component":"manage/task/operation","createBy":"admin","isCache":"0","isFrame":"1","menuName":"运维工单","menuType":"C","orderNum":2,"params":{},"parentId":2062,"path":"operation","perms":"manage:task:list","status":"0","visible":"0"}','{"msg":"操作成功","code":200}',0,NULL,'2025-09-29 09:16:00',29),(613,'区域管理',2,'com.dkd.manage.controller.RegionController.edit()','PUT',1,'admin','研发部门','/manage/region','127.0.0.1','内网IP','{"createBy":"admin","createTime":"2025-09-14 06:03:38","id":3,"params":{},"regionName":"西城区","remark":"历史文化核心区","updateTime":"2025-09-14 06:03:38"}','{"msg":"操作成功","code":200}',0,NULL,'2025-09-29 10:52:10',71),(614,'区域管理',2,'com.dkd.manage.controller.RegionController.edit()','PUT',1,'admin','研发部门','/manage/region','127.0.0.1','内网IP','{"createBy":"admin","createTime":"2025-09-14 06:03:38","id":1,"params":{},"regionName":"朝阳区","remark":"北京市核心商务区","updateTime":"2025-09-14 06:03:38"}','{"msg":"操作成功","code":200}',0,NULL,'2025-09-29 10:52:41',37),(615,'区域管理',2,'com.dkd.manage.controller.RegionController.edit()','PUT',1,'admin','研发部门','/manage/region','127.0.0.1','内网IP','{"createBy":"admin","createTime":"2025-09-14 06:03:38","id":2,"params":{},"regionName":"海淀区","remark":"高校与科技企业聚集地","updateTime":"2025-09-14 06:03:38"}','{"msg":"操作成功","code":200}',0,NULL,'2025-09-29 10:52:44',31),(616,'工单',1,'com.dkd.manage.controller.TaskController.add()','POST',1,'admin','研发部门','/manage/task','127.0.0.1','内网IP','{"createTime":"2025-09-30 08:40:59","createType":1,"desc":"666","innerCode":"GZ0001","params":{},"productTypeId":2,"userId":7}',NULL,1,'\r\n### Error updating database.  Cause: java.sql.SQLException: Field \'task_code\' doesn\'t have a default value\r\n### The error may exist in file [E:\\ideaProgram\\dkd-parent\\dkd-manage\\target\\classes\\mapper\\manage\\TaskMapper.xml]\r\n### The error may involve com.dkd.manage.mapper.TaskMapper.insertTask-Inline\r\n### The error occurred while setting parameters\r\n### SQL: insert into tb_task          ( create_type,             inner_code,             user_id,                                       `desc`,             product_type_id,                                       create_time )           values ( ?,             ?,             ?,                                       ?,             ?,                                       ? )\r\n### Cause: java.sql.SQLException: Field \'task_code\' doesn\'t have a default value\n; Field \'task_code\' doesn\'t have a default value; nested exception is java.sql.SQLException: Field \'task_code\' doesn\'t have a default value','2025-09-30 00:41:00',198),(617,'工单',1,'com.dkd.manage.controller.TaskController.add()','POST',1,'admin','研发部门','/manage/task','127.0.0.1','内网IP','{"createType":1,"desc":"牢弟","innerCode":"Xhax5euA","productTypeId":1,"userId":1}',NULL,1,'\r\n### Error querying database.  Cause: java.sql.SQLSyntaxErrorException: Table \'dkd.dkd_vending_machine\' doesn\'t exist\r\n### The error may exist in com/dkd/manage/mapper/VendingMachineMapper.java (best guess)\r\n### The error may involve com.dkd.manage.mapper.VendingMachineMapper.selectVendingMachineByInnerCode-Inline\r\n### The error occurred while setting parameters\r\n### SQL: select * from dkd_vending_machine where inner_code=?\r\n### Cause: java.sql.SQLSyntaxErrorException: Table \'dkd.dkd_vending_machine\' doesn\'t exist\n; bad SQL grammar []; nested exception is java.sql.SQLSyntaxErrorException: Table \'dkd.dkd_vending_machine\' doesn\'t exist','2025-10-06 13:51:49',84),(618,'工单',1,'com.dkd.manage.controller.TaskController.add()','POST',1,'admin','研发部门','/manage/task','127.0.0.1','内网IP','{"createType":1,"desc":"牢弟","innerCode":"Xhax5euA","productTypeId":1,"userId":1}',NULL,1,'\r\n### Error querying database.  Cause: java.sql.SQLSyntaxErrorException: Table \'dkd.dkd_vending_machine\' doesn\'t exist\r\n### The error may exist in com/dkd/manage/mapper/VendingMachineMapper.java (best guess)\r\n### The error may involve com.dkd.manage.mapper.VendingMachineMapper.selectVendingMachineByInnerCode-Inline\r\n### The error occurred while setting parameters\r\n### SQL: select * from dkd_vending_machine where inner_code=?\r\n### Cause: java.sql.SQLSyntaxErrorException: Table \'dkd.dkd_vending_machine\' doesn\'t exist\n; bad SQL grammar []; nested exception is java.sql.SQLSyntaxErrorException: Table \'dkd.dkd_vending_machine\' doesn\'t exist','2025-10-06 13:54:19',25),(619,'工单',1,'com.dkd.manage.controller.TaskController.add()','POST',1,'admin','研发部门','/manage/task','127.0.0.1','内网IP','{"createType":1,"desc":"牢弟","innerCode":"Xhax5euA","productTypeId":1,"userId":1}',NULL,1,'该设备有未完成的同类型工单，不能重复创建','2025-10-06 13:56:00',28),(620,'工单',1,'com.dkd.manage.controller.TaskController.add()','POST',1,'admin','研发部门','/manage/task','127.0.0.1','内网IP','{"createType":1,"desc":"牢弟","innerCode":"Xhax5euA","productTypeId":1,"userId":1}',NULL,1,'该设备有未完成的同类型工单，不能重复创建','2025-10-06 13:56:10',20),(621,'设备管理',1,'com.dkd.manage.controller.VendingMachineController.add()','POST',1,'admin','研发部门','/manage/vm','127.0.0.1','内网IP','{"addr":"通州区新华东街101号","businessType":2,"channelMaxCapacity":12,"createBy":"admin","id":134,"innerCode":"MBcIueGz","nodeId":7,"params":{},"partnerId":4,"regionId":7,"remark":"大型社区商业中心","vmStatus":0,"vmTypeId":1}','{"msg":"操作成功","code":200}',0,NULL,'2025-10-06 13:56:54',192),(622,'人员列表',1,'com.dkd.manage.controller.EmpController.add()','POST',1,'admin','研发部门','/manage/emp','127.0.0.1','内网IP','{"id":69,"image":"https://javacz-luo.oss-cn-beijing.aliyuncs.com/dkd-images/2025/10/06/68e3cd8d27ab443fbf3695a2.png","mobile":"1365854785","params":{},"regionId":7,"regionName":"通州区","roleCode":"1003","roleId":3,"roleName":"维修员","status":1,"userName":"王亮"}','{"msg":"操作成功","code":200}',0,NULL,'2025-10-06 14:09:20',163),(623,'工单',1,'com.dkd.manage.controller.TaskController.add()','POST',1,'admin','研发部门','/manage/task','127.0.0.1','内网IP','{"createType":1,"desc":"牢弟","innerCode":"MBcIueGz","productTypeId":1,"userId":1}',NULL,1,'员工不存在！','2025-10-06 14:10:16',58),(624,'工单',1,'com.dkd.manage.controller.TaskController.add()','POST',1,'admin','研发部门','/manage/task','127.0.0.1','内网IP','{"createType":1,"desc":"牢弟","innerCode":"MBcIueGz","productTypeId":1,"userId":1}',NULL,1,'员工不存在！','2025-10-06 14:13:09',88),(625,'工单',1,'com.dkd.manage.controller.TaskController.add()','POST',1,'admin','研发部门','/manage/task','127.0.0.1','内网IP','{"assignorId":1,"createType":1,"desc":"牢弟","innerCode":"MBcIueGz","productTypeId":1,"userId":69}','{"msg":"操作成功","code":200}',0,NULL,'2025-10-06 14:15:32',637),(626,'售货机货道',2,'com.dkd.manage.controller.ChannelController.channelConfig()','PUT',1,'admin','研发部门','/manage/channel/config','127.0.0.1','内网IP','{"channelList":[{"channelCode":"1-1","innerCode":"MBcIueGz","skuId":7},{"channelCode":"1-2","innerCode":"MBcIueGz","skuId":5},{"channelCode":"1-3","innerCode":"MBcIueGz","skuId":18},{"channelCode":"1-4","innerCode":"MBcIueGz"},{"channelCode":"1-5","innerCode":"MBcIueGz"},{"channelCode":"2-1","innerCode":"MBcIueGz"},{"channelCode":"2-2","innerCode":"MBcIueGz","skuId":14},{"channelCode":"2-3","innerCode":"MBcIueGz","skuId":4},{"channelCode":"2-4","innerCode":"MBcIueGz"},{"channelCode":"2-5","innerCode":"MBcIueGz"},{"channelCode":"3-1","innerCode":"MBcIueGz"},{"channelCode":"3-2","innerCode":"MBcIueGz"},{"channelCode":"3-3","innerCode":"MBcIueGz"},{"channelCode":"3-4","innerCode":"MBcIueGz"},{"channelCode":"3-5","innerCode":"MBcIueGz"},{"channelCode":"4-1","innerCode":"MBcIueGz"},{"channelCode":"4-2","innerCode":"MBcIueGz"},{"channelCode":"4-3","innerCode":"MBcIueGz"},{"channelCode":"4-4","innerCode":"MBcIueGz","skuId":8},{"channelCode":"4-5","innerCode":"MBcIueGz"},{"channelCode":"5-1","innerCode":"MBcIueGz"},{"channelCode":"5-2","innerCode":"MBcIueGz"},{"channelCode":"5-3","innerCode":"MBcIueGz"},{"channelCode":"5-4","innerCode":"MBcIueGz"},{"channelCode":"5-5","innerCode":"MBcIueGz"}],"innerCode":"MBcIueGz"}','{"msg":"操作成功","code":200}',0,NULL,'2025-10-06 14:18:59',132),(627,'人员列表',1,'com.dkd.manage.controller.EmpController.add()','POST',1,'admin','研发部门','/manage/emp','127.0.0.1','内网IP','{"id":70,"image":"https://javacz-luo.oss-cn-beijing.aliyuncs.com/dkd-images/2025/10/06/68e3d04727abda792d87e8ad.png","mobile":"13625635412","params":{},"regionId":7,"regionName":"通州区","roleCode":"1002","roleId":2,"roleName":"运营员","status":1,"userName":"球球"}','{"msg":"操作成功","code":200}',0,NULL,'2025-10-06 14:20:57',22),(628,'工单',1,'com.dkd.manage.controller.TaskController.add()','POST',1,'admin','研发部门','/manage/task','127.0.0.1','内网IP','{"assignorId":1,"createType":1,"desc":"999","details":[{"channelCode":"1-1","expectCapacity":12,"skuId":7,"skuImage":"https://likede2-java.itheima.net/image/product7.png","skuName":"一百橙汁"},{"channelCode":"1-2","expectCapacity":12,"skuId":5,"skuImage":"https://likede2-java.itheima.net/image/product5.png","skuName":"冰糖雪梨"},{"channelCode":"1-3","expectCapacity":12,"skuId":18,"skuImage":"https://likede2-java.itheima.net/image/product2.png","skuName":"康师傅"},{"channelCode":"2-2","expectCapacity":12,"skuId":14,"skuImage":"https://javacz-luo.oss-cn-beijing.aliyuncs.com/dkd-images/2025/09/23/68d2020b4a354f975e5eafc0.png","skuName":"阿萨姆奶茶"},{"channelCode":"2-3","expectCapacity":12,"skuId":4,"skuImage":"https://likede2-java.itheima.net/image/product4.png","skuName":"青梅绿茶"},{"channelCode":"4-4","expectCapacity":12,"skuId":8,"skuImage":"https://likede2-java.itheima.net/image/product8.png","skuName":"魔力花茶"}],"innerCode":"MBcIueGz","productTypeId":2,"userId":70}',NULL,1,'该设备状态不是运行中，无法进行补货','2025-10-06 14:21:27',12),(629,'人员列表',1,'com.dkd.manage.controller.EmpController.add()','POST',1,'admin','研发部门','/manage/emp','127.0.0.1','内网IP','{"id":71,"image":"https://javacz-luo.oss-cn-beijing.aliyuncs.com/dkd-images/2025/10/06/68e3d28b27abda792d87e8ae.png","mobile":"13252544256","params":{},"regionId":8,"regionName":"昌平区","roleCode":"1002","roleId":2,"roleName":"运营员","status":1,"userName":"乐乐"}','{"msg":"操作成功","code":200}',0,NULL,'2025-10-06 14:30:37',21),(630,'人员列表',1,'com.dkd.manage.controller.EmpController.add()','POST',1,'admin','研发部门','/manage/emp','127.0.0.1','内网IP','{"id":72,"image":"https://javacz-luo.oss-cn-beijing.aliyuncs.com/dkd-images/2025/10/06/68e3d2ed27abda792d87e8af.png","mobile":"13156325234","params":{},"regionId":8,"regionName":"昌平区","roleCode":"1003","roleId":3,"roleName":"维修员","status":1,"userName":"生安"}','{"msg":"操作成功","code":200}',0,NULL,'2025-10-06 14:32:16',34),(631,'工单',1,'com.dkd.manage.controller.TaskController.add()','POST',1,'admin','研发部门','/manage/task','127.0.0.1','内网IP','{"assignorId":1,"createType":1,"desc":"wqq","innerCode":"A1000008","productTypeId":1,"userId":72}',NULL,1,'该设备状态为运行中，无法进行投放','2025-10-06 14:32:32',12),(632,'工单',1,'com.dkd.manage.controller.TaskController.add()','POST',1,'admin','研发部门','/manage/task','127.0.0.1','内网IP','{"assignorId":1,"createType":1,"desc":"中秋节加急单","details":[{"channelCode":"1-1","expectCapacity":12,"skuId":4,"skuImage":"https://likede2-java.itheima.net/image/product4.png","skuName":"青梅绿茶"},{"channelCode":"2-1","expectCapacity":12,"skuId":8,"skuImage":"https://likede2-java.itheima.net/image/product8.png","skuName":"魔力花茶"},{"channelCode":"2-4","expectCapacity":10,"skuId":8,"skuImage":"https://likede2-java.itheima.net/image/product8.png","skuName":"魔力花茶"},{"channelCode":"3-4","expectCapacity":10,"skuId":6,"skuImage":"https://likede2-java.itheima.net/image/product6.png","skuName":"怡宝至尊"},{"channelCode":"3-5","expectCapacity":10,"skuId":17,"skuImage":"https://likede2-java.itheima.net/image/product1.png","skuName":"可口可乐"},{"channelCode":"4-3","expectCapacity":10,"skuId":15,"skuImage":"https://javacz-luo.oss-cn-beijing.aliyuncs.com/dkd-images/2025/09/23/68d2040e4a3500e3af434c84.png","skuName":"营养快线"},{"channelCode":"5-4","expectCapacity":5,"skuId":14,"skuImage":"https://javacz-luo.oss-cn-beijing.aliyuncs.com/dkd-images/2025/09/23/68d2020b4a354f975e5eafc0.png","skuName":"阿萨姆奶茶"}],"innerCode":"GZ0001","productTypeId":2,"userId":6}','{"msg":"操作成功","code":200}',0,NULL,'2025-10-06 14:34:51',51),(633,'人员列表',2,'com.dkd.manage.controller.EmpController.edit()','PUT',1,'admin','研发部门','/manage/emp','127.0.0.1','内网IP','{"createTime":"2024-06-10 07:06:58","id":8,"image":"http://likede2-java.itheima.net/image/avatar.png","mobile":"13900139003","params":{},"regionId":8,"regionName":"朝阳区","roleCode":"1003","roleId":3,"roleName":"维修员","status":1,"updateTime":"2025-09-29 10:52:41","userName":"许褚"}','{"msg":"操作成功","code":200}',0,NULL,'2025-10-06 14:51:00',25),(634,'设备管理',2,'com.dkd.manage.controller.VendingMachineController.edit()','PUT',1,'admin','研发部门','/manage/vm','127.0.0.1','内网IP','{"addr":"朝阳区建国门外大街1号","businessType":1,"channelMaxCapacity":10,"clientId":"client_567890","createBy":"admin","createTime":"2025-09-14 10:00:00","id":121,"innerCode":"A1000005","lastSupplyTime":"2025-09-14 10:00:00","latitude":39,"longitudes":116,"nodeId":1,"params":{},"partnerId":2,"policyId":15,"regionId":1,"remark":"高端商务区，人流量大","runningStatus":"{\\"statusCode\\":\\"1001\\",\\"status\\":true}","updateTime":"2025-09-22 03:12:23","vmStatus":1,"vmTypeId":1}','{"msg":"操作成功","code":200}',0,NULL,'2025-10-06 15:04:29',46),(635,'人员列表',2,'com.dkd.manage.controller.EmpController.edit()','PUT',1,'admin','研发部门','/manage/emp','127.0.0.1','内网IP','{"createTime":"2024-06-10 07:06:58","id":8,"image":"http://likede2-java.itheima.net/image/avatar.png","mobile":"13900139003","params":{},"regionId":1,"regionName":"朝阳区","roleCode":"1003","roleId":3,"roleName":"维修员","status":1,"updateTime":"2025-09-29 10:52:41","userName":"许褚"}','{"msg":"操作成功","code":200}',0,NULL,'2025-10-06 15:10:15',30),(636,'工单',1,'com.dkd.manage.controller.TaskController.add()','POST',1,'admin','研发部门','/manage/task','127.0.0.1','内网IP','{"assignorId":1,"createType":1,"desc":"辛苦了","innerCode":"A1000005","productTypeId":1,"userId":9}',NULL,1,'该设备状态为运行中，无法进行投放','2025-10-06 15:10:47',15),(637,'工单',2,'com.dkd.manage.controller.TaskController.cancelTask()','PUT',1,'admin','研发部门','/manage/task/cancel','127.0.0.1','内网IP','{"addr":"","assignorId":1,"createBy":"","createTime":"2025-10-08 00:16:40","createType":1,"desc":"","innerCode":"","params":{"KEY":{}},"productTypeId":1,"regionId":1,"remark":"","taskCode":"","taskId":542,"taskStatus":1,"updateBy":"","updateTime":"2025-10-08 00:16:40","userId":1,"userName":""}',NULL,1,'工单状态为已完成 ,不能再次取消！','2025-10-07 16:17:40',20),(638,'工单',2,'com.dkd.manage.controller.TaskController.cancelTask()','PUT',1,'admin','研发部门','/manage/task/cancel','127.0.0.1','内网IP','{"desc":"后台工作人员取消","params":{},"taskId":545,"taskStatus":3}','{"msg":"操作成功","code":200}',0,NULL,'2025-10-07 16:18:50',23),(639,'工单',1,'com.dkd.manage.controller.TaskController.add()','POST',1,'admin','研发部门','/manage/task','127.0.0.1','内网IP','{"assignorId":1,"createType":1,"desc":"后台工作人员取消","details":[{"channelCode":"1-1","expectCapacity":12,"skuId":4,"skuImage":"https://likede2-java.itheima.net/image/product4.png","skuName":"青梅绿茶"},{"channelCode":"2-1","expectCapacity":12,"skuId":8,"skuImage":"https://likede2-java.itheima.net/image/product8.png","skuName":"魔力花茶"},{"channelCode":"2-4","expectCapacity":10,"skuId":8,"skuImage":"https://likede2-java.itheima.net/image/product8.png","skuName":"魔力花茶"},{"channelCode":"3-4","expectCapacity":10,"skuId":6,"skuImage":"https://likede2-java.itheima.net/image/product6.png","skuName":"怡宝至尊"},{"channelCode":"3-5","expectCapacity":10,"skuId":17,"skuImage":"https://likede2-java.itheima.net/image/product1.png","skuName":"可口可乐"},{"channelCode":"4-3","expectCapacity":10,"skuId":15,"skuImage":"https://javacz-luo.oss-cn-beijing.aliyuncs.com/dkd-images/2025/09/23/68d2040e4a3500e3af434c84.png","skuName":"营养快线"},{"channelCode":"5-4","expectCapacity":10,"skuId":14,"skuImage":"https://javacz-luo.oss-cn-beijing.aliyuncs.com/dkd-images/2025/09/23/68d2020b4a354f975e5eafc0.png","skuName":"阿萨姆奶茶"}],"innerCode":"GZ0001","productTypeId":2,"userId":6}','{"msg":"操作成功","code":200}',0,NULL,'2025-10-07 16:19:17',156),(640,'工单',1,'com.dkd.manage.controller.TaskController.add()','POST',1,'admin','研发部门','/manage/task','127.0.0.1','内网IP','{"assignorId":1,"createType":1,"desc":"后台工作人员取消","details":[{"channelCode":"1-1","expectCapacity":12,"skuId":4,"skuImage":"https://likede2-java.itheima.net/image/product4.png","skuName":"青梅绿茶"},{"channelCode":"2-1","expectCapacity":12,"skuId":8,"skuImage":"https://likede2-java.itheima.net/image/product8.png","skuName":"魔力花茶"},{"channelCode":"2-4","expectCapacity":10,"skuId":8,"skuImage":"https://likede2-java.itheima.net/image/product8.png","skuName":"魔力花茶"},{"channelCode":"3-4","expectCapacity":10,"skuId":6,"skuImage":"https://likede2-java.itheima.net/image/product6.png","skuName":"怡宝至尊"},{"channelCode":"3-5","expectCapacity":10,"skuId":17,"skuImage":"https://likede2-java.itheima.net/image/product1.png","skuName":"可口可乐"},{"channelCode":"4-3","expectCapacity":10,"skuId":15,"skuImage":"https://javacz-luo.oss-cn-beijing.aliyuncs.com/dkd-images/2025/09/23/68d2040e4a3500e3af434c84.png","skuName":"营养快线"},{"channelCode":"5-4","expectCapacity":5,"skuId":14,"skuImage":"https://javacz-luo.oss-cn-beijing.aliyuncs.com/dkd-images/2025/09/23/68d2020b4a354f975e5eafc0.png","skuName":"阿萨姆奶茶"}],"innerCode":"GZ0001","productTypeId":2,"userId":6}',NULL,1,'该设备有未完成的同类型工单，不能重复创建','2025-10-07 16:20:25',13),(641,'人员列表',3,'com.dkd.manage.controller.EmpController.remove()','DELETE',1,'admin','研发部门','/manage/emp/72','127.0.0.1','内网IP','{}','{"msg":"操作成功","code":200}',0,NULL,'2025-10-09 06:33:15',27),(642,'人员列表',3,'com.dkd.manage.controller.EmpController.remove()','DELETE',1,'admin','研发部门','/manage/emp/71','127.0.0.1','内网IP','{}',NULL,1,'乐乐是启用状态，不能删除！','2025-10-09 06:42:29',10),(643,'人员列表',3,'com.dkd.manage.controller.EmpController.remove()','DELETE',1,'admin','研发部门','/manage/emp/9,8','127.0.0.1','内网IP','{}',NULL,1,'许褚,张辽是启用状态，不能删除！','2025-10-09 06:42:45',4),(644,'设备管理',1,'com.dkd.manage.controller.VendingMachineController.add()','POST',1,'admin','研发部门','/manage/vm','127.0.0.1','内网IP','{"addr":"北京市海淀区清华西路28号","businessType":5,"channelMaxCapacity":12,"id":135,"innerCode":"vEeQvW3t","nodeId":11,"params":{},"partnerId":6,"regionId":2,"vmStatus":0,"vmTypeId":1}','{"msg":"操作成功","code":200}',0,NULL,'2025-10-09 07:28:24',284),(645,'工单',1,'com.dkd.manage.controller.TaskController.add()','POST',1,'admin','研发部门','/manage/task','127.0.0.1','内网IP','{"assignorId":1,"createType":1,"desc":"王强催了","innerCode":"vEeQvW3t","productTypeId":1,"userId":51}','{"msg":"操作成功","code":200}',0,NULL,'2025-10-09 07:30:02',55),(646,'售货机货道',2,'com.dkd.manage.controller.ChannelController.channelConfig()','PUT',1,'admin','研发部门','/manage/channel/config','127.0.0.1','内网IP','{"channelList":[{"channelCode":"1-1","innerCode":"vEeQvW3t","skuId":4},{"channelCode":"1-2","innerCode":"vEeQvW3t","skuId":5},{"channelCode":"1-3","innerCode":"vEeQvW3t","skuId":6},{"channelCode":"1-4","innerCode":"vEeQvW3t","skuId":7},{"channelCode":"1-5","innerCode":"vEeQvW3t","skuId":8},{"channelCode":"2-1","innerCode":"vEeQvW3t","skuId":9},{"channelCode":"2-2","innerCode":"vEeQvW3t","skuId":14},{"channelCode":"2-3","innerCode":"vEeQvW3t","skuId":15},{"channelCode":"2-4","innerCode":"vEeQvW3t","skuId":17},{"channelCode":"2-5","innerCode":"vEeQvW3t","skuId":18},{"channelCode":"3-1","innerCode":"vEeQvW3t"},{"channelCode":"3-2","innerCode":"vEeQvW3t"},{"channelCode":"3-3","innerCode":"vEeQvW3t"},{"channelCode":"3-4","innerCode":"vEeQvW3t"},{"channelCode":"3-5","innerCode":"vEeQvW3t"},{"channelCode":"4-1","innerCode":"vEeQvW3t"},{"channelCode":"4-2","innerCode":"vEeQvW3t"},{"channelCode":"4-3","innerCode":"vEeQvW3t"},{"channelCode":"4-4","innerCode":"vEeQvW3t"},{"channelCode":"4-5","innerCode":"vEeQvW3t"},{"channelCode":"5-1","innerCode":"vEeQvW3t"},{"channelCode":"5-2","innerCode":"vEeQvW3t"},{"channelCode":"5-3","innerCode":"vEeQvW3t"},{"channelCode":"5-4","innerCode":"vEeQvW3t"},{"channelCode":"5-5","innerCode":"vEeQvW3t"}],"innerCode":"vEeQvW3t"}','{"msg":"操作成功","code":200}',0,NULL,'2025-10-09 07:42:42',118),(647,'工单',1,'com.dkd.manage.controller.TaskController.add()','POST',1,'admin','研发部门','/manage/task','127.0.0.1','内网IP','{"assignorId":1,"createType":1,"desc":"新设备投放","details":[{"channelCode":"1-1","expectCapacity":12,"skuId":4,"skuImage":"https://likede2-java.itheima.net/image/product4.png","skuName":"青梅绿茶"},{"channelCode":"1-2","expectCapacity":12,"skuId":5,"skuImage":"https://likede2-java.itheima.net/image/product5.png","skuName":"冰糖雪梨"},{"channelCode":"1-3","expectCapacity":12,"skuId":6,"skuImage":"https://likede2-java.itheima.net/image/product6.png","skuName":"怡宝至尊"},{"channelCode":"1-4","expectCapacity":12,"skuId":7,"skuImage":"https://likede2-java.itheima.net/image/product7.png","skuName":"一百橙汁"},{"channelCode":"1-5","expectCapacity":12,"skuId":8,"skuImage":"https://likede2-java.itheima.net/image/product8.png","skuName":"魔力花茶"},{"channelCode":"2-1","expectCapacity":12,"skuId":9,"skuImage":"https://likede2-java.itheima.net/image/product9.png","skuName":"新星巴克"},{"channelCode":"2-2","expectCapacity":12,"skuId":14,"skuImage":"https://javacz-luo.oss-cn-beijing.aliyuncs.com/dkd-images/2025/09/23/68d2020b4a354f975e5eafc0.png","skuName":"阿萨姆奶茶"},{"channelCode":"2-3","expectCapacity":12,"skuId":15,"skuImage":"https://javacz-luo.oss-cn-beijing.aliyuncs.com/dkd-images/2025/09/23/68d2040e4a3500e3af434c84.png","skuName":"营养快线"},{"channelCode":"2-4","expectCapacity":12,"skuId":17,"skuImage":"https://likede2-java.itheima.net/image/product1.png","skuName":"可口可乐"},{"channelCode":"2-5","expectCapacity":12,"skuId":18,"skuImage":"https://likede2-java.itheima.net/image/product2.png","skuName":"康师傅"}],"innerCode":"vEeQvW3t","productTypeId":2,"userId":3}','{"msg":"操作成功","code":200}',0,NULL,'2025-10-09 07:44:05',51),(648,'售货机货道',2,'com.dkd.manage.controller.ChannelController.channelConfig()','PUT',1,'admin','研发部门','/manage/channel/config','127.0.0.1','内网IP','{"channelList":[{"channelCode":"1-1","innerCode":"A1000005","skuId":5},{"channelCode":"1-2","innerCode":"A1000005"},{"channelCode":"1-3","innerCode":"A1000005","skuId":17},{"channelCode":"1-4","innerCode":"A1000005"},{"channelCode":"1-5","innerCode":"A1000005"},{"channelCode":"2-1","innerCode":"A1000005"},{"channelCode":"2-2","innerCode":"A1000005","skuId":6},{"channelCode":"2-3","innerCode":"A1000005"},{"channelCode":"2-4","innerCode":"A1000005"},{"channelCode":"2-5","innerCode":"A1000005"},{"channelCode":"3-1","innerCode":"A1000005"},{"channelCode":"3-2","innerCode":"A1000005"},{"channelCode":"3-3","innerCode":"A1000005"},{"channelCode":"3-4","innerCode":"A1000005","skuId":18},{"channelCode":"3-5","innerCode":"A1000005"},{"channelCode":"4-1","innerCode":"A1000005"},{"channelCode":"4-2","innerCode":"A1000005"},{"channelCode":"4-3","innerCode":"A1000005"},{"channelCode":"4-4","innerCode":"A1000005"},{"channelCode":"4-5","innerCode":"A1000005"},{"channelCode":"5-1","innerCode":"A1000005"},{"channelCode":"5-2","innerCode":"A1000005"},{"channelCode":"5-3","innerCode":"A1000005"},{"channelCode":"5-4","innerCode":"A1000005"},{"channelCode":"5-5","innerCode":"A1000005"}],"innerCode":"A1000005"}','{"msg":"操作成功","code":200}',0,NULL,'2025-10-09 16:05:28',141),(649,'工单',1,'com.dkd.manage.controller.TaskController.add()','POST',1,'admin','研发部门','/manage/task','127.0.0.1','内网IP','{"assignorId":1,"createType":1,"desc":"11111111","details":[{"channelCode":"1-1","expectCapacity":12,"skuId":5,"skuImage":"https://likede2-java.itheima.net/image/product5.png","skuName":"冰糖雪梨"},{"channelCode":"1-3","expectCapacity":10,"skuId":17,"skuImage":"https://likede2-java.itheima.net/image/product1.png","skuName":"可口可乐"},{"channelCode":"2-2","expectCapacity":10,"skuId":6,"skuImage":"https://likede2-java.itheima.net/image/product6.png","skuName":"怡宝至尊"},{"channelCode":"3-4","expectCapacity":10,"skuId":18,"skuImage":"https://likede2-java.itheima.net/image/product2.png","skuName":"康师傅"}],"innerCode":"A1000005","productTypeId":2,"userId":6}','{"msg":"操作成功","code":200}',0,NULL,'2025-10-09 16:05:56',151),(650,'售货机货道',2,'com.dkd.manage.controller.ChannelController.channelConfig()','PUT',1,'admin','研发部门','/manage/channel/config','127.0.0.1','内网IP','{"channelList":[{"channelCode":"1-1","innerCode":"vEeQvW3t","skuId":0},{"channelCode":"1-2","innerCode":"vEeQvW3t","skuId":0},{"channelCode":"1-3","innerCode":"vEeQvW3t","skuId":0},{"channelCode":"1-4","innerCode":"vEeQvW3t","skuId":0},{"channelCode":"1-5","innerCode":"vEeQvW3t","skuId":0},{"channelCode":"2-1","innerCode":"vEeQvW3t","skuId":0},{"channelCode":"2-2","innerCode":"vEeQvW3t","skuId":0},{"channelCode":"2-3","innerCode":"vEeQvW3t","skuId":0},{"channelCode":"2-4","innerCode":"vEeQvW3t","skuId":0},{"channelCode":"2-5","innerCode":"vEeQvW3t","skuId":0},{"channelCode":"3-1","innerCode":"vEeQvW3t"},{"channelCode":"3-2","innerCode":"vEeQvW3t"},{"channelCode":"3-3","innerCode":"vEeQvW3t"},{"channelCode":"3-4","innerCode":"vEeQvW3t"},{"channelCode":"3-5","innerCode":"vEeQvW3t"},{"channelCode":"4-1","innerCode":"vEeQvW3t"},{"channelCode":"4-2","innerCode":"vEeQvW3t"},{"channelCode":"4-3","innerCode":"vEeQvW3t"},{"channelCode":"4-4","innerCode":"vEeQvW3t"},{"channelCode":"4-5","innerCode":"vEeQvW3t"},{"channelCode":"5-1","innerCode":"vEeQvW3t"},{"channelCode":"5-2","innerCode":"vEeQvW3t"},{"channelCode":"5-3","innerCode":"vEeQvW3t"},{"channelCode":"5-4","innerCode":"vEeQvW3t"},{"channelCode":"5-5","innerCode":"vEeQvW3t"}],"innerCode":"vEeQvW3t"}','{"msg":"操作成功","code":200}',0,NULL,'2025-10-09 16:12:13',115),(651,'售货机货道',2,'com.dkd.manage.controller.ChannelController.channelConfig()','PUT',1,'admin','研发部门','/manage/channel/config','127.0.0.1','内网IP','{"channelList":[{"channelCode":"1-1","innerCode":"A1000008","skuId":5},{"channelCode":"1-2","innerCode":"A1000008"},{"channelCode":"1-3","innerCode":"A1000008"},{"channelCode":"1-4","innerCode":"A1000008"},{"channelCode":"1-5","innerCode":"A1000008"},{"channelCode":"2-1","innerCode":"A1000008"},{"channelCode":"2-2","innerCode":"A1000008"},{"channelCode":"2-3","innerCode":"A1000008"},{"channelCode":"2-4","innerCode":"A1000008"},{"channelCode":"2-5","innerCode":"A1000008"},{"channelCode":"3-1","innerCode":"A1000008"},{"channelCode":"3-2","innerCode":"A1000008"},{"channelCode":"3-3","innerCode":"A1000008"},{"channelCode":"3-4","innerCode":"A1000008"},{"channelCode":"3-5","innerCode":"A1000008"},{"channelCode":"4-1","innerCode":"A1000008","skuId":0},{"channelCode":"4-2","innerCode":"A1000008"},{"channelCode":"4-3","innerCode":"A1000008"},{"channelCode":"4-4","innerCode":"A1000008"},{"channelCode":"4-5","innerCode":"A1000008"},{"channelCode":"5-1","innerCode":"A1000008"},{"channelCode":"5-2","innerCode":"A1000008"},{"channelCode":"5-3","innerCode":"A1000008"},{"channelCode":"5-4","innerCode":"A1000008"},{"channelCode":"5-5","innerCode":"A1000008"}],"innerCode":"A1000008"}','{"msg":"操作成功","code":200}',0,NULL,'2025-10-09 16:12:55',101),(652,'售货机货道',2,'com.dkd.manage.controller.ChannelController.channelConfig()','PUT',1,'admin','研发部门','/manage/channel/config','127.0.0.1','内网IP','{"channelList":[{"channelCode":"1-1","innerCode":"vEeQvW3t","skuId":4},{"channelCode":"1-2","innerCode":"vEeQvW3t","skuId":0},{"channelCode":"1-3","innerCode":"vEeQvW3t","skuId":0},{"channelCode":"1-4","innerCode":"vEeQvW3t","skuId":0},{"channelCode":"1-5","innerCode":"vEeQvW3t","skuId":0},{"channelCode":"2-1","innerCode":"vEeQvW3t","skuId":0},{"channelCode":"2-2","innerCode":"vEeQvW3t","skuId":0},{"channelCode":"2-3","innerCode":"vEeQvW3t","skuId":0},{"channelCode":"2-4","innerCode":"vEeQvW3t","skuId":0},{"channelCode":"2-5","innerCode":"vEeQvW3t","skuId":0},{"channelCode":"3-1","innerCode":"vEeQvW3t"},{"channelCode":"3-2","innerCode":"vEeQvW3t"},{"channelCode":"3-3","innerCode":"vEeQvW3t"},{"channelCode":"3-4","innerCode":"vEeQvW3t"},{"channelCode":"3-5","innerCode":"vEeQvW3t"},{"channelCode":"4-1","innerCode":"vEeQvW3t"},{"channelCode":"4-2","innerCode":"vEeQvW3t"},{"channelCode":"4-3","innerCode":"vEeQvW3t"},{"channelCode":"4-4","innerCode":"vEeQvW3t"},{"channelCode":"4-5","innerCode":"vEeQvW3t"},{"channelCode":"5-1","innerCode":"vEeQvW3t"},{"channelCode":"5-2","innerCode":"vEeQvW3t"},{"channelCode":"5-3","innerCode":"vEeQvW3t"},{"channelCode":"5-4","innerCode":"vEeQvW3t"},{"channelCode":"5-5","innerCode":"vEeQvW3t"}],"innerCode":"vEeQvW3t"}','{"msg":"操作成功","code":200}',0,NULL,'2025-10-09 16:14:25',84),(653,'售货机货道',2,'com.dkd.manage.controller.ChannelController.channelConfig()','PUT',1,'admin','研发部门','/manage/channel/config','127.0.0.1','内网IP','{"channelList":[{"channelCode":"1-1","innerCode":"Xhax5euA","skuId":6},{"channelCode":"1-2","innerCode":"Xhax5euA","skuId":15},{"channelCode":"1-3","innerCode":"Xhax5euA"},{"channelCode":"1-4","innerCode":"Xhax5euA"},{"channelCode":"1-5","innerCode":"Xhax5euA"},{"channelCode":"2-1","innerCode":"Xhax5euA"},{"channelCode":"2-2","innerCode":"Xhax5euA","skuId":17},{"channelCode":"2-3","innerCode":"Xhax5euA","skuId":8},{"channelCode":"2-4","innerCode":"Xhax5euA"},{"channelCode":"2-5","innerCode":"Xhax5euA"},{"channelCode":"3-1","innerCode":"Xhax5euA"},{"channelCode":"3-2","innerCode":"Xhax5euA","skuId":9},{"channelCode":"3-3","innerCode":"Xhax5euA"},{"channelCode":"3-4","innerCode":"Xhax5euA"},{"channelCode":"3-5","innerCode":"Xhax5euA"},{"channelCode":"4-1","innerCode":"Xhax5euA"},{"channelCode":"4-2","innerCode":"Xhax5euA"},{"channelCode":"4-3","innerCode":"Xhax5euA"},{"channelCode":"4-4","innerCode":"Xhax5euA"},{"channelCode":"4-5","innerCode":"Xhax5euA"},{"channelCode":"5-1","innerCode":"Xhax5euA"},{"channelCode":"5-2","innerCode":"Xhax5euA"},{"channelCode":"5-3","innerCode":"Xhax5euA"},{"channelCode":"5-4","innerCode":"Xhax5euA"},{"channelCode":"5-5","innerCode":"Xhax5euA"}],"innerCode":"Xhax5euA"}','{"msg":"操作成功","code":200}',0,NULL,'2025-10-09 16:21:32',78),(654,'工单',1,'com.dkd.manage.controller.TaskController.add()','POST',1,'admin','研发部门','/manage/task','127.0.0.1','内网IP','{"assignorId":1,"createType":1,"desc":"王强要你干","details":[{"channelCode":"1-1","expectCapacity":12,"skuId":6,"skuImage":"https://likede2-java.itheima.net/image/product6.png","skuName":"怡宝至尊"},{"channelCode":"1-2","expectCapacity":10,"skuId":15,"skuImage":"https://javacz-luo.oss-cn-beijing.aliyuncs.com/dkd-images/2025/09/23/68d2040e4a3500e3af434c84.png","skuName":"营养快线"},{"channelCode":"2-2","expectCapacity":10,"skuId":17,"skuImage":"https://likede2-java.itheima.net/image/product1.png","skuName":"可口可乐"},{"channelCode":"2-3","expectCapacity":10,"skuId":8,"skuImage":"https://likede2-java.itheima.net/image/product8.png","skuName":"魔力花茶"},{"channelCode":"3-2","expectCapacity":10,"skuId":9,"skuImage":"https://likede2-java.itheima.net/image/product9.png","skuName":"新星巴克"}],"innerCode":"Xhax5euA","productTypeId":2,"userId":6}',NULL,1,'该设备状态不是运行中，无法进行补货','2025-10-09 16:22:43',28),(655,'工单',1,'com.dkd.manage.controller.TaskController.add()','POST',1,'admin','研发部门','/manage/task','127.0.0.1','内网IP','{"assignorId":1,"createType":1,"desc":"1111111111111111","details":[{"channelCode":"1-1","expectCapacity":12,"skuId":6,"skuImage":"https://likede2-java.itheima.net/image/product6.png","skuName":"怡宝至尊"},{"channelCode":"1-2","expectCapacity":10,"skuId":15,"skuImage":"https://javacz-luo.oss-cn-beijing.aliyuncs.com/dkd-images/2025/09/23/68d2040e4a3500e3af434c84.png","skuName":"营养快线"},{"channelCode":"2-2","expectCapacity":10,"skuId":17,"skuImage":"https://likede2-java.itheima.net/image/product1.png","skuName":"可口可乐"},{"channelCode":"2-3","expectCapacity":10,"skuId":8,"skuImage":"https://likede2-java.itheima.net/image/product8.png","skuName":"魔力花茶"},{"channelCode":"3-2","expectCapacity":10,"skuId":9,"skuImage":"https://likede2-java.itheima.net/image/product9.png","skuName":"新星巴克"}],"innerCode":"Xhax5euA","productTypeId":2,"userId":6}','{"msg":"操作成功","code":200}',0,NULL,'2025-10-09 16:26:32',44),(656,'售货机货道',2,'com.dkd.manage.controller.ChannelController.channelConfig()','PUT',1,'admin','研发部门','/manage/channel/config','127.0.0.1','内网IP','{"channelList":[{"channelCode":"1-1","innerCode":"vEeQvW3t","skuId":4},{"channelCode":"1-2","innerCode":"vEeQvW3t","skuId":5},{"channelCode":"1-3","innerCode":"vEeQvW3t","skuId":6},{"channelCode":"1-4","innerCode":"vEeQvW3t","skuId":7},{"channelCode":"1-5","innerCode":"vEeQvW3t","skuId":8},{"channelCode":"2-1","innerCode":"vEeQvW3t","skuId":9},{"channelCode":"2-2","innerCode":"vEeQvW3t","skuId":14},{"channelCode":"2-3","innerCode":"vEeQvW3t","skuId":15},{"channelCode":"2-4","innerCode":"vEeQvW3t","skuId":17},{"channelCode":"2-5","innerCode":"vEeQvW3t","skuId":18},{"channelCode":"3-1","innerCode":"vEeQvW3t"},{"channelCode":"3-2","innerCode":"vEeQvW3t"},{"channelCode":"3-3","innerCode":"vEeQvW3t"},{"channelCode":"3-4","innerCode":"vEeQvW3t"},{"channelCode":"3-5","innerCode":"vEeQvW3t"},{"channelCode":"4-1","innerCode":"vEeQvW3t"},{"channelCode":"4-2","innerCode":"vEeQvW3t"},{"channelCode":"4-3","innerCode":"vEeQvW3t"},{"channelCode":"4-4","innerCode":"vEeQvW3t"},{"channelCode":"4-5","innerCode":"vEeQvW3t"},{"channelCode":"5-1","innerCode":"vEeQvW3t"},{"channelCode":"5-2","innerCode":"vEeQvW3t"},{"channelCode":"5-3","innerCode":"vEeQvW3t"},{"channelCode":"5-4","innerCode":"vEeQvW3t"},{"channelCode":"5-5","innerCode":"vEeQvW3t"}],"innerCode":"vEeQvW3t"}','{"msg":"操作成功","code":200}',0,NULL,'2025-10-09 20:01:34',176),(657,'设备管理',2,'com.dkd.manage.controller.VendingMachineController.edit()','PUT',1,'admin','研发部门','/manage/vm','127.0.0.1','内网IP','{"id":135,"params":{},"policyId":14}','{"msg":"操作成功","code":200}',0,NULL,'2025-10-09 20:04:02',26);
-- sys_post DML
INSERT INTO `sys_post` (`post_id`,`post_code`,`post_name`,`post_sort`,`status`,`create_by`,`create_time`,`update_by`,`update_time`,`remark`) VALUES (1,'ceo','董事长',1,'0','admin','2025-09-14 05:22:48','',NULL,''),(2,'se','项目经理',2,'0','admin','2025-09-14 05:22:48','',NULL,''),(3,'hr','人力资源',3,'0','admin','2025-09-14 05:22:48','',NULL,''),(4,'user','普通员工',4,'0','admin','2025-09-14 05:22:48','',NULL,'');
-- sys_role DML
INSERT INTO `sys_role` (`role_id`,`role_name`,`role_key`,`role_sort`,`data_scope`,`menu_check_strictly`,`dept_check_strictly`,`status`,`del_flag`,`create_by`,`create_time`,`update_by`,`update_time`,`remark`) VALUES (1,'超级管理员','admin',1,'1',1,1,'0','0','admin','2025-09-14 05:22:48','',NULL,'超级管理员'),(2,'普通角色','common',2,'2',1,1,'0','0','admin','2025-09-14 05:22:48','',NULL,'普通角色');
-- sys_role_dept DML
INSERT INTO `sys_role_dept` (`role_id`,`dept_id`) VALUES (2,100),(2,101),(2,105);
-- sys_role_menu DML
INSERT INTO `sys_role_menu` (`role_id`,`menu_id`) VALUES (2,1),(2,2),(2,3),(2,4),(2,100),(2,101),(2,102),(2,103),(2,104),(2,105),(2,106),(2,107),(2,108),(2,109),(2,110),(2,111),(2,112),(2,113),(2,114),(2,115),(2,116),(2,117),(2,500),(2,501),(2,1000),(2,1001),(2,1002),(2,1003),(2,1004),(2,1005),(2,1006),(2,1007),(2,1008),(2,1009),(2,1010),(2,1011),(2,1012),(2,1013),(2,1014),(2,1015),(2,1016),(2,1017),(2,1018),(2,1019),(2,1020),(2,1021),(2,1022),(2,1023),(2,1024),(2,1025),(2,1026),(2,1027),(2,1028),(2,1029),(2,1030),(2,1031),(2,1032),(2,1033),(2,1034),(2,1035),(2,1036),(2,1037),(2,1038),(2,1039),(2,1040),(2,1041),(2,1042),(2,1043),(2,1044),(2,1045),(2,1046),(2,1047),(2,1048),(2,1049),(2,1050),(2,1051),(2,1052),(2,1053),(2,1054),(2,1055),(2,1056),(2,1057),(2,1058),(2,1059),(2,1060);
-- sys_user DML
INSERT INTO `sys_user` (`user_id`,`dept_id`,`user_name`,`nick_name`,`user_type`,`email`,`phonenumber`,`sex`,`avatar`,`password`,`status`,`del_flag`,`login_ip`,`login_date`,`create_by`,`create_time`,`update_by`,`update_time`,`remark`) VALUES (1,103,'admin','若依','00','ry@163.com','15888888888','1','/profile/avatar/2025/09/14/1_20250914134115A001.jpg','$2a$10$7JB720yubVSZvUI0rEqK/.VqGOZTH.ulu33dHOiBE8ByOhJIrdAu2','0','0','127.0.0.1','2025-10-10 09:41:33','admin','2025-09-14 05:22:48','','2025-10-10 01:41:33','管理员'),(2,105,'ry','若依','00','ry@qq.com','15666666666','1','','$2a$10$7JB720yubVSZvUI0rEqK/.VqGOZTH.ulu33dHOiBE8ByOhJIrdAu2','0','0','127.0.0.1','2025-09-14 05:22:48','admin','2025-09-14 05:22:48','',NULL,'测试员');
-- sys_user_post DML
INSERT INTO `sys_user_post` (`user_id`,`post_id`) VALUES (1,1),(2,2);
-- sys_user_role DML
INSERT INTO `sys_user_role` (`user_id`,`role_id`) VALUES (1,1),(2,2);
-- tb_channel DML
INSERT INTO `tb_channel` (`id`,`channel_code`,`sku_id`,`vm_id`,`inner_code`,`max_capacity`,`current_capacity`,`last_supply_time`,`create_time`,`update_time`) VALUES (5594,'1-1',6,133,'Xhax5euA',12,12,'2025-10-09 16:27:35','2025-09-21 08:31:37','2025-10-09 08:21:32'),(5599,'2-1',NULL,133,'Xhax5euA',12,0,NULL,'2025-09-21 08:31:37','2025-10-09 08:21:32'),(5604,'3-1',NULL,133,'Xhax5euA',12,0,NULL,'2025-09-21 08:31:37','2025-10-09 08:21:32'),(5609,'4-1',NULL,133,'Xhax5euA',12,0,NULL,'2025-09-21 08:31:37','2025-10-09 08:21:32'),(5619,'1-1',4,112,'GZ0001',12,0,NULL,'2025-09-21 08:32:18','2025-09-29 14:59:24'),(5621,'2-1',8,112,'GZ0001',12,0,NULL,'2025-09-21 08:32:18','2025-09-29 14:59:24'),(5624,'3-1',NULL,112,'GZ0001',12,0,NULL,'2025-09-21 08:32:18','2025-09-29 14:59:24'),(5628,'4-1',NULL,112,'GZ0001',12,0,NULL,'2025-09-21 08:32:18','2025-09-29 14:59:24'),(5679,'1-1',NULL,117,'A1000001',12,0,NULL,'2025-09-21 08:32:18','2025-09-29 15:00:20'),(5681,'2-1',NULL,117,'A1000001',12,0,NULL,'2025-09-21 08:32:18','2025-09-29 15:00:20'),(5684,'3-1',NULL,117,'A1000001',12,0,NULL,'2025-09-21 08:32:18','2025-09-29 15:00:20'),(5688,'4-1',NULL,117,'A1000001',12,0,NULL,'2025-09-21 08:32:18','2025-09-29 15:00:20'),(5739,'1-1',5,121,'A1000005',12,12,'2025-10-09 16:17:48','2025-09-21 08:32:18','2025-10-09 08:05:28'),(5741,'2-1',NULL,121,'A1000005',12,0,NULL,'2025-09-21 08:32:18','2025-10-09 08:05:28'),(5744,'3-1',NULL,121,'A1000005',12,0,NULL,'2025-09-21 08:32:18','2025-10-09 08:05:28'),(5748,'4-1',NULL,121,'A1000005',12,0,NULL,'2025-09-21 08:32:18','2025-10-09 08:05:28'),(5769,'1-1',5,124,'A1000008',12,0,NULL,'2025-09-21 08:32:18','2025-10-09 08:12:55'),(5771,'2-1',NULL,124,'A1000008',12,0,NULL,'2025-09-21 08:32:18','2025-10-09 08:12:55'),(5774,'3-1',NULL,124,'A1000008',12,0,NULL,'2025-09-21 08:32:18','2025-10-09 08:12:55'),(5778,'4-1',0,124,'A1000008',12,0,NULL,'2025-09-21 08:32:18','2025-10-09 08:12:55'),(5804,'1-1',NULL,113,'ZH0001',10,0,NULL,'2025-09-28 09:50:31','2025-09-28 09:50:31'),(5805,'1-2',NULL,113,'ZH0001',10,0,NULL,'2025-09-28 09:50:31','2025-09-28 09:50:31'),(5806,'2-1',NULL,113,'ZH0001',10,0,NULL,'2025-09-28 09:50:31','2025-09-28 09:50:31'),(5807,'1-3',NULL,113,'ZH0001',10,0,NULL,'2025-09-28 09:50:31','2025-09-28 09:50:31'),(5808,'2-2',NULL,113,'ZH0001',10,0,NULL,'2025-09-28 09:50:31','2025-09-28 09:50:31'),(5809,'3-1',NULL,113,'ZH0001',10,0,NULL,'2025-09-28 09:50:31','2025-09-28 09:50:31'),(5810,'1-4',NULL,113,'ZH0001',10,0,NULL,'2025-09-28 09:50:31','2025-09-28 09:50:31'),(5811,'2-3',NULL,113,'ZH0001',10,0,NULL,'2025-09-28 09:50:31','2025-09-28 09:50:31'),(5812,'3-2',NULL,113,'ZH0001',10,0,NULL,'2025-09-28 09:50:31','2025-09-28 09:50:31'),(5813,'4-1',NULL,113,'ZH0001',10,0,NULL,'2025-09-28 09:50:31','2025-09-28 09:50:31'),(5814,'1-5',NULL,113,'ZH0001',10,0,NULL,'2025-09-28 09:50:31','2025-09-28 09:50:31'),(5815,'2-4',NULL,113,'ZH0001',10,0,NULL,'2025-09-28 09:50:31','2025-09-28 09:50:31'),(5816,'3-3',NULL,113,'ZH0001',10,0,NULL,'2025-09-28 09:50:31','2025-09-28 09:50:31'),(5817,'4-2',NULL,113,'ZH0001',10,0,NULL,'2025-09-28 09:50:31','2025-09-28 09:50:31'),(5818,'5-1',NULL,113,'ZH0001',10,0,NULL,'2025-09-28 09:50:31','2025-09-28 09:50:31'),(5819,'1-6',NULL,113,'ZH0001',10,0,NULL,'2025-09-28 09:50:31','2025-09-28 09:50:31'),(5820,'2-5',NULL,113,'ZH0001',10,0,NULL,'2025-09-28 09:50:31','2025-09-28 09:50:31'),(5821,'3-4',NULL,113,'ZH0001',10,0,NULL,'2025-09-28 09:50:31','2025-09-28 09:50:31'),(5822,'4-3',NULL,113,'ZH0001',10,0,NULL,'2025-09-28 09:50:31','2025-09-28 09:50:31'),(5823,'5-2',NULL,113,'ZH0001',10,0,NULL,'2025-09-28 09:50:31','2025-09-28 09:50:31'),(5824,'1-7',NULL,113,'ZH0001',10,0,NULL,'2025-09-28 09:50:31','2025-09-28 09:50:31'),(5825,'2-6',NULL,113,'ZH0001',10,0,NULL,'2025-09-28 09:50:31','2025-09-28 09:50:31'),(5826,'3-5',NULL,113,'ZH0001',10,0,NULL,'2025-09-28 09:50:31','2025-09-28 09:50:31'),(5827,'4-4',NULL,113,'ZH0001',10,0,NULL,'2025-09-28 09:50:31','2025-09-28 09:50:31'),(5828,'5-3',NULL,113,'ZH0001',10,0,NULL,'2025-09-28 09:50:31','2025-09-28 09:50:31'),(5830,'2-7',NULL,113,'ZH0001',10,0,NULL,'2025-09-28 09:50:31','2025-09-28 09:50:31'),(5831,'3-6',NULL,113,'ZH0001',10,0,NULL,'2025-09-28 09:50:31','2025-09-28 09:50:31'),(5832,'4-5',NULL,113,'ZH0001',10,0,NULL,'2025-09-28 09:50:31','2025-09-28 09:50:31'),(5833,'5-4',NULL,113,'ZH0001',10,0,NULL,'2025-09-28 09:50:31','2025-09-28 09:50:31'),(5835,'3-7',NULL,113,'ZH0001',10,0,NULL,'2025-09-28 09:50:31','2025-09-28 09:50:31'),(5836,'4-6',NULL,113,'ZH0001',10,0,NULL,'2025-09-28 09:50:31','2025-09-28 09:50:31'),(5837,'5-5',NULL,113,'ZH0001',10,0,NULL,'2025-09-28 09:50:31','2025-09-28 09:50:31'),(5839,'4-7',NULL,113,'ZH0001',10,0,NULL,'2025-09-28 09:50:31','2025-09-28 09:50:31'),(5840,'5-6',NULL,113,'ZH0001',10,0,NULL,'2025-09-28 09:50:31','2025-09-28 09:50:31'),(5842,'5-7',NULL,113,'ZH0001',10,0,NULL,'2025-09-28 09:50:31','2025-09-28 09:50:31'),(5844,'1-1',0,116,'FT0001',10,0,NULL,'2025-09-28 09:50:31','2025-09-29 10:18:32'),(5845,'1-2',NULL,116,'FT0001',10,0,NULL,'2025-09-28 09:50:31','2025-09-29 10:18:32'),(5846,'2-1',NULL,116,'FT0001',10,0,NULL,'2025-09-28 09:50:31','2025-09-29 10:18:32'),(5847,'1-3',NULL,116,'FT0001',10,0,NULL,'2025-09-28 09:50:31','2025-09-29 10:18:32'),(5848,'2-2',NULL,116,'FT0001',10,0,NULL,'2025-09-28 09:50:31','2025-09-29 10:18:32'),(5849,'3-1',NULL,116,'FT0001',10,0,NULL,'2025-09-28 09:50:31','2025-09-29 10:18:32'),(5850,'1-4',NULL,116,'FT0001',10,0,NULL,'2025-09-28 09:50:31','2025-09-29 10:18:32'),(5851,'2-3',0,116,'FT0001',10,0,NULL,'2025-09-28 09:50:31','2025-09-29 10:18:32'),(5852,'3-2',NULL,116,'FT0001',10,0,NULL,'2025-09-28 09:50:31','2025-09-29 10:18:32'),(5853,'4-1',NULL,116,'FT0001',10,0,NULL,'2025-09-28 09:50:31','2025-09-29 10:18:32'),(5854,'1-5',NULL,116,'FT0001',10,0,NULL,'2025-09-28 09:50:31','2025-09-29 10:18:32'),(5855,'2-4',NULL,116,'FT0001',10,0,NULL,'2025-09-28 09:50:31','2025-09-29 10:18:32'),(5856,'3-3',NULL,116,'FT0001',10,0,NULL,'2025-09-28 09:50:31','2025-09-29 10:18:32'),(5857,'4-2',NULL,116,'FT0001',10,0,NULL,'2025-09-28 09:50:31','2025-09-29 10:18:32'),(5858,'5-1',NULL,116,'FT0001',10,0,NULL,'2025-09-28 09:50:31','2025-09-29 10:18:32'),(5859,'1-6',NULL,116,'FT0001',10,0,NULL,'2025-09-28 09:50:31','2025-09-29 10:18:32'),(5860,'2-5',NULL,116,'FT0001',10,0,NULL,'2025-09-28 09:50:31','2025-09-29 10:18:32'),(5861,'3-4',NULL,116,'FT0001',10,0,NULL,'2025-09-28 09:50:31','2025-09-29 10:18:32'),(5862,'4-3',NULL,116,'FT0001',10,0,NULL,'2025-09-28 09:50:31','2025-09-29 10:18:32'),(5863,'5-2',NULL,116,'FT0001',10,0,NULL,'2025-09-28 09:50:31','2025-09-29 10:18:32'),(5864,'1-7',NULL,116,'FT0001',10,0,NULL,'2025-09-28 09:50:31','2025-09-29 10:18:32'),(5865,'2-6',NULL,116,'FT0001',10,0,NULL,'2025-09-28 09:50:31','2025-09-29 10:18:32'),(5866,'3-5',NULL,116,'FT0001',10,0,NULL,'2025-09-28 09:50:31','2025-09-29 10:18:32'),(5867,'4-4',NULL,116,'FT0001',10,0,NULL,'2025-09-28 09:50:31','2025-09-29 10:18:32'),(5868,'5-3',NULL,116,'FT0001',10,0,NULL,'2025-09-28 09:50:31','2025-09-29 10:18:32'),(5870,'2-7',NULL,116,'FT0001',10,0,NULL,'2025-09-28 09:50:31','2025-09-29 10:18:32'),(5871,'3-6',NULL,116,'FT0001',10,0,NULL,'2025-09-28 09:50:31','2025-09-29 10:18:32'),(5872,'4-5',NULL,116,'FT0001',10,0,NULL,'2025-09-28 09:50:31','2025-09-29 10:18:32'),(5873,'5-4',NULL,116,'FT0001',10,0,NULL,'2025-09-28 09:50:31','2025-09-29 10:18:32'),(5875,'3-7',NULL,116,'FT0001',10,0,NULL,'2025-09-28 09:50:31','2025-09-29 10:18:32'),(5876,'4-6',NULL,116,'FT0001',10,0,NULL,'2025-09-28 09:50:31','2025-09-29 10:18:32'),(5877,'5-5',NULL,116,'FT0001',10,0,NULL,'2025-09-28 09:50:31','2025-09-29 10:18:32'),(5879,'4-7',NULL,116,'FT0001',10,0,NULL,'2025-09-28 09:50:31','2025-09-29 10:18:32'),(5880,'5-6',NULL,116,'FT0001',10,0,NULL,'2025-09-28 09:50:31','2025-09-29 10:18:32'),(5882,'5-7',NULL,116,'FT0001',10,0,NULL,'2025-09-28 09:50:31','2025-09-29 10:18:32'),(5884,'1-1',NULL,118,'A1000002',10,0,NULL,'2025-09-28 09:50:31','2025-09-28 09:50:31'),(5885,'1-2',NULL,118,'A1000002',10,0,NULL,'2025-09-28 09:50:31','2025-09-28 09:50:31'),(5886,'2-1',NULL,118,'A1000002',10,0,NULL,'2025-09-28 09:50:31','2025-09-28 09:50:31'),(5887,'1-3',NULL,118,'A1000002',10,0,NULL,'2025-09-28 09:50:31','2025-09-28 09:50:31'),(5888,'2-2',NULL,118,'A1000002',10,0,NULL,'2025-09-28 09:50:31','2025-09-28 09:50:31'),(5889,'3-1',NULL,118,'A1000002',10,0,NULL,'2025-09-28 09:50:31','2025-09-28 09:50:31'),(5890,'1-4',NULL,118,'A1000002',10,0,NULL,'2025-09-28 09:50:31','2025-09-28 09:50:31'),(5891,'2-3',NULL,118,'A1000002',10,0,NULL,'2025-09-28 09:50:31','2025-09-28 09:50:31'),(5892,'3-2',NULL,118,'A1000002',10,0,NULL,'2025-09-28 09:50:31','2025-09-28 09:50:31'),(5893,'4-1',NULL,118,'A1000002',10,0,NULL,'2025-09-28 09:50:31','2025-09-28 09:50:31'),(5894,'1-5',NULL,118,'A1000002',10,0,NULL,'2025-09-28 09:50:31','2025-09-28 09:50:31'),(5895,'2-4',NULL,118,'A1000002',10,0,NULL,'2025-09-28 09:50:31','2025-09-28 09:50:31'),(5896,'3-3',NULL,118,'A1000002',10,0,NULL,'2025-09-28 09:50:31','2025-09-28 09:50:31'),(5897,'4-2',NULL,118,'A1000002',10,0,NULL,'2025-09-28 09:50:31','2025-09-28 09:50:31'),(5898,'5-1',NULL,118,'A1000002',10,0,NULL,'2025-09-28 09:50:31','2025-09-28 09:50:31'),(5899,'1-6',NULL,118,'A1000002',10,0,NULL,'2025-09-28 09:50:31','2025-09-28 09:50:31'),(5900,'2-5',NULL,118,'A1000002',10,0,NULL,'2025-09-28 09:50:31','2025-09-28 09:50:31'),(5901,'3-4',NULL,118,'A1000002',10,0,NULL,'2025-09-28 09:50:31','2025-09-28 09:50:31'),(5902,'4-3',NULL,118,'A1000002',10,0,NULL,'2025-09-28 09:50:31','2025-09-28 09:50:31'),(5903,'5-2',NULL,118,'A1000002',10,0,NULL,'2025-09-28 09:50:31','2025-09-28 09:50:31'),(5904,'1-7',NULL,118,'A1000002',10,0,NULL,'2025-09-28 09:50:31','2025-09-28 09:50:31'),(5905,'2-6',NULL,118,'A1000002',10,0,NULL,'2025-09-28 09:50:31','2025-09-28 09:50:31'),(5906,'3-5',NULL,118,'A1000002',10,0,NULL,'2025-09-28 09:50:31','2025-09-28 09:50:31'),(5907,'4-4',NULL,118,'A1000002',10,0,NULL,'2025-09-28 09:50:31','2025-09-28 09:50:31'),(5908,'5-3',NULL,118,'A1000002',10,0,NULL,'2025-09-28 09:50:31','2025-09-28 09:50:31'),(5910,'2-7',NULL,118,'A1000002',10,0,NULL,'2025-09-28 09:50:31','2025-09-28 09:50:31'),(5911,'3-6',NULL,118,'A1000002',10,0,NULL,'2025-09-28 09:50:31','2025-09-28 09:50:31'),(5912,'4-5',NULL,118,'A1000002',10,0,NULL,'2025-09-28 09:50:31','2025-09-28 09:50:31'),(5913,'5-4',NULL,118,'A1000002',10,0,NULL,'2025-09-28 09:50:31','2025-09-28 09:50:31'),(5915,'3-7',NULL,118,'A1000002',10,0,NULL,'2025-09-28 09:50:31','2025-09-28 09:50:31'),(5916,'4-6',NULL,118,'A1000002',10,0,NULL,'2025-09-28 09:50:31','2025-09-28 09:50:31'),(5917,'5-5',NULL,118,'A1000002',10,0,NULL,'2025-09-28 09:50:31','2025-09-28 09:50:31'),(5919,'4-7',NULL,118,'A1000002',10,0,NULL,'2025-09-28 09:50:31','2025-09-28 09:50:31'),(5920,'5-6',NULL,118,'A1000002',10,0,NULL,'2025-09-28 09:50:31','2025-09-28 09:50:31'),(5922,'5-7',NULL,118,'A1000002',10,0,NULL,'2025-09-28 09:50:31','2025-09-28 09:50:31'),(5924,'1-1',NULL,122,'A1000006',10,0,NULL,'2025-09-28 09:50:31','2025-09-28 09:50:31'),(5925,'1-2',NULL,122,'A1000006',10,0,NULL,'2025-09-28 09:50:31','2025-09-28 09:50:31'),(5926,'2-1',NULL,122,'A1000006',10,0,NULL,'2025-09-28 09:50:31','2025-09-28 09:50:31'),(5927,'1-3',NULL,122,'A1000006',10,0,NULL,'2025-09-28 09:50:31','2025-09-28 09:50:31'),(5928,'2-2',NULL,122,'A1000006',10,0,NULL,'2025-09-28 09:50:31','2025-09-28 09:50:31'),(5929,'3-1',NULL,122,'A1000006',10,0,NULL,'2025-09-28 09:50:31','2025-09-28 09:50:31'),(5930,'1-4',NULL,122,'A1000006',10,0,NULL,'2025-09-28 09:50:31','2025-09-28 09:50:31'),(5931,'2-3',NULL,122,'A1000006',10,0,NULL,'2025-09-28 09:50:31','2025-09-28 09:50:31'),(5932,'3-2',NULL,122,'A1000006',10,0,NULL,'2025-09-28 09:50:31','2025-09-28 09:50:31'),(5933,'4-1',NULL,122,'A1000006',10,0,NULL,'2025-09-28 09:50:31','2025-09-28 09:50:31'),(5934,'1-5',NULL,122,'A1000006',10,0,NULL,'2025-09-28 09:50:31','2025-09-28 09:50:31'),(5935,'2-4',NULL,122,'A1000006',10,0,NULL,'2025-09-28 09:50:31','2025-09-28 09:50:31'),(5936,'3-3',NULL,122,'A1000006',10,0,NULL,'2025-09-28 09:50:31','2025-09-28 09:50:31'),(5937,'4-2',NULL,122,'A1000006',10,0,NULL,'2025-09-28 09:50:31','2025-09-28 09:50:31'),(5938,'5-1',NULL,122,'A1000006',10,0,NULL,'2025-09-28 09:50:31','2025-09-28 09:50:31'),(5939,'1-6',NULL,122,'A1000006',10,0,NULL,'2025-09-28 09:50:31','2025-09-28 09:50:31'),(5940,'2-5',NULL,122,'A1000006',10,0,NULL,'2025-09-28 09:50:31','2025-09-28 09:50:31'),(5941,'3-4',NULL,122,'A1000006',10,0,NULL,'2025-09-28 09:50:31','2025-09-28 09:50:31'),(5942,'4-3',NULL,122,'A1000006',10,0,NULL,'2025-09-28 09:50:31','2025-09-28 09:50:31'),(5943,'5-2',NULL,122,'A1000006',10,0,NULL,'2025-09-28 09:50:31','2025-09-28 09:50:31'),(5944,'1-7',NULL,122,'A1000006',10,0,NULL,'2025-09-28 09:50:31','2025-09-28 09:50:31'),(5945,'2-6',NULL,122,'A1000006',10,0,NULL,'2025-09-28 09:50:31','2025-09-28 09:50:31'),(5946,'3-5',NULL,122,'A1000006',10,0,NULL,'2025-09-28 09:50:31','2025-09-28 09:50:31'),(5947,'4-4',NULL,122,'A1000006',10,0,NULL,'2025-09-28 09:50:31','2025-09-28 09:50:31'),(5948,'5-3',NULL,122,'A1000006',10,0,NULL,'2025-09-28 09:50:31','2025-09-28 09:50:31'),(5950,'2-7',NULL,122,'A1000006',10,0,NULL,'2025-09-28 09:50:31','2025-09-28 09:50:31'),(5951,'3-6',NULL,122,'A1000006',10,0,NULL,'2025-09-28 09:50:31','2025-09-28 09:50:31'),(5952,'4-5',NULL,122,'A1000006',10,0,NULL,'2025-09-28 09:50:31','2025-09-28 09:50:31'),(5953,'5-4',NULL,122,'A1000006',10,0,NULL,'2025-09-28 09:50:31','2025-09-28 09:50:31'),(5955,'3-7',NULL,122,'A1000006',10,0,NULL,'2025-09-28 09:50:31','2025-09-28 09:50:31'),(5956,'4-6',NULL,122,'A1000006',10,0,NULL,'2025-09-28 09:50:31','2025-09-28 09:50:31'),(5957,'5-5',NULL,122,'A1000006',10,0,NULL,'2025-09-28 09:50:31','2025-09-28 09:50:31'),(5959,'4-7',NULL,122,'A1000006',10,0,NULL,'2025-09-28 09:50:31','2025-09-28 09:50:31'),(5960,'5-6',NULL,122,'A1000006',10,0,NULL,'2025-09-28 09:50:31','2025-09-28 09:50:31'),(5962,'5-7',NULL,122,'A1000006',10,0,NULL,'2025-09-28 09:50:31','2025-09-28 09:50:31'),(5964,'1-1',NULL,123,'A1000007',10,0,NULL,'2025-09-28 09:50:31','2025-09-28 09:50:31'),(5965,'1-2',NULL,123,'A1000007',10,0,NULL,'2025-09-28 09:50:31','2025-09-28 09:50:31'),(5966,'2-1',NULL,123,'A1000007',10,0,NULL,'2025-09-28 09:50:31','2025-09-28 09:50:31'),(5967,'1-3',NULL,123,'A1000007',10,0,NULL,'2025-09-28 09:50:31','2025-09-28 09:50:31'),(5968,'2-2',NULL,123,'A1000007',10,0,NULL,'2025-09-28 09:50:31','2025-09-28 09:50:31'),(5969,'3-1',NULL,123,'A1000007',10,0,NULL,'2025-09-28 09:50:31','2025-09-28 09:50:31'),(5970,'1-4',NULL,123,'A1000007',10,0,NULL,'2025-09-28 09:50:31','2025-09-28 09:50:31'),(5971,'2-3',NULL,123,'A1000007',10,0,NULL,'2025-09-28 09:50:31','2025-09-28 09:50:31'),(5972,'3-2',NULL,123,'A1000007',10,0,NULL,'2025-09-28 09:50:31','2025-09-28 09:50:31'),(5973,'4-1',NULL,123,'A1000007',10,0,NULL,'2025-09-28 09:50:31','2025-09-28 09:50:31'),(5974,'1-5',NULL,123,'A1000007',10,0,NULL,'2025-09-28 09:50:31','2025-09-28 09:50:31'),(5975,'2-4',NULL,123,'A1000007',10,0,NULL,'2025-09-28 09:50:31','2025-09-28 09:50:31'),(5976,'3-3',NULL,123,'A1000007',10,0,NULL,'2025-09-28 09:50:31','2025-09-28 09:50:31'),(5977,'4-2',NULL,123,'A1000007',10,0,NULL,'2025-09-28 09:50:31','2025-09-28 09:50:31'),(5978,'5-1',NULL,123,'A1000007',10,0,NULL,'2025-09-28 09:50:31','2025-09-28 09:50:31'),(5979,'1-6',NULL,123,'A1000007',10,0,NULL,'2025-09-28 09:50:31','2025-09-28 09:50:31'),(5980,'2-5',NULL,123,'A1000007',10,0,NULL,'2025-09-28 09:50:31','2025-09-28 09:50:31'),(5981,'3-4',NULL,123,'A1000007',10,0,NULL,'2025-09-28 09:50:31','2025-09-28 09:50:31'),(5982,'4-3',NULL,123,'A1000007',10,0,NULL,'2025-09-28 09:50:31','2025-09-28 09:50:31'),(5983,'5-2',NULL,123,'A1000007',10,0,NULL,'2025-09-28 09:50:31','2025-09-28 09:50:31'),(5984,'1-7',NULL,123,'A1000007',10,0,NULL,'2025-09-28 09:50:31','2025-09-28 09:50:31'),(5985,'2-6',NULL,123,'A1000007',10,0,NULL,'2025-09-28 09:50:31','2025-09-28 09:50:31'),(5986,'3-5',NULL,123,'A1000007',10,0,NULL,'2025-09-28 09:50:31','2025-09-28 09:50:31'),(5987,'4-4',NULL,123,'A1000007',10,0,NULL,'2025-09-28 09:50:31','2025-09-28 09:50:31'),(5988,'5-3',NULL,123,'A1000007',10,0,NULL,'2025-09-28 09:50:31','2025-09-28 09:50:31'),(5990,'2-7',NULL,123,'A1000007',10,0,NULL,'2025-09-28 09:50:31','2025-09-28 09:50:31'),(5991,'3-6',NULL,123,'A1000007',10,0,NULL,'2025-09-28 09:50:31','2025-09-28 09:50:31'),(5992,'4-5',NULL,123,'A1000007',10,0,NULL,'2025-09-28 09:50:31','2025-09-28 09:50:31'),(5993,'5-4',NULL,123,'A1000007',10,0,NULL,'2025-09-28 09:50:31','2025-09-28 09:50:31'),(5995,'3-7',NULL,123,'A1000007',10,0,NULL,'2025-09-28 09:50:31','2025-09-28 09:50:31'),(5996,'4-6',NULL,123,'A1000007',10,0,NULL,'2025-09-28 09:50:31','2025-09-28 09:50:31'),(5997,'5-5',NULL,123,'A1000007',10,0,NULL,'2025-09-28 09:50:31','2025-09-28 09:50:31'),(5999,'4-7',NULL,123,'A1000007',10,0,NULL,'2025-09-28 09:50:31','2025-09-28 09:50:31'),(6000,'5-6',NULL,123,'A1000007',10,0,NULL,'2025-09-28 09:50:31','2025-09-28 09:50:31'),(6002,'5-7',NULL,123,'A1000007',10,0,NULL,'2025-09-28 09:50:31','2025-09-28 09:50:31'),(6004,'1-1',NULL,114,'GG0001',11,0,NULL,'2025-09-28 09:54:15','2025-09-28 12:16:20'),(6005,'1-2',NULL,114,'GG0001',11,0,NULL,'2025-09-28 09:54:15','2025-09-28 12:16:20'),(6006,'2-1',NULL,114,'GG0001',11,0,NULL,'2025-09-28 09:54:15','2025-09-28 12:16:20'),(6007,'1-3',NULL,114,'GG0001',11,0,NULL,'2025-09-28 09:54:15','2025-09-28 12:16:20'),(6008,'2-2',NULL,114,'GG0001',11,0,NULL,'2025-09-28 09:54:15','2025-09-28 12:16:20'),(6009,'3-1',NULL,114,'GG0001',11,0,NULL,'2025-09-28 09:54:15','2025-09-28 12:16:20'),(6011,'2-3',NULL,114,'GG0001',11,0,NULL,'2025-09-28 09:54:15','2025-09-28 12:16:20'),(6012,'3-2',NULL,114,'GG0001',11,0,NULL,'2025-09-28 09:54:15','2025-09-28 12:16:20'),(6013,'4-1',NULL,114,'GG0001',11,0,NULL,'2025-09-28 09:54:15','2025-09-28 12:16:20'),(6016,'3-3',NULL,114,'GG0001',11,0,NULL,'2025-09-28 09:54:15','2025-09-28 12:16:20'),(6017,'4-2',NULL,114,'GG0001',11,0,NULL,'2025-09-28 09:54:15','2025-09-28 12:16:20'),(6018,'5-1',NULL,114,'GG0001',11,0,NULL,'2025-09-28 09:54:15','2025-09-28 12:16:20'),(6022,'4-3',NULL,114,'GG0001',11,0,NULL,'2025-09-28 09:54:15','2025-09-28 12:16:20'),(6023,'5-2',NULL,114,'GG0001',11,0,NULL,'2025-09-28 09:54:15','2025-09-28 12:16:20'),(6028,'5-3',NULL,114,'GG0001',11,0,NULL,'2025-09-28 09:54:15','2025-09-28 12:16:20'),(6039,'1-1',NULL,119,'A1000003',11,0,NULL,'2025-09-28 09:54:15','2025-09-28 12:16:20'),(6040,'1-2',NULL,119,'A1000003',11,0,NULL,'2025-09-28 09:54:15','2025-09-28 12:16:20'),(6041,'2-1',NULL,119,'A1000003',11,0,NULL,'2025-09-28 09:54:15','2025-09-28 12:16:20'),(6042,'1-3',NULL,119,'A1000003',11,0,NULL,'2025-09-28 09:54:15','2025-09-28 12:16:20'),(6043,'2-2',NULL,119,'A1000003',11,0,NULL,'2025-09-28 09:54:15','2025-09-28 12:16:20'),(6044,'3-1',NULL,119,'A1000003',11,0,NULL,'2025-09-28 09:54:15','2025-09-28 12:16:20'),(6046,'2-3',NULL,119,'A1000003',11,0,NULL,'2025-09-28 09:54:15','2025-09-28 12:16:20'),(6047,'3-2',NULL,119,'A1000003',11,0,NULL,'2025-09-28 09:54:15','2025-09-28 12:16:20'),(6048,'4-1',NULL,119,'A1000003',11,0,NULL,'2025-09-28 09:54:15','2025-09-28 12:16:20'),(6051,'3-3',NULL,119,'A1000003',11,0,NULL,'2025-09-28 09:54:15','2025-09-28 12:16:20'),(6052,'4-2',NULL,119,'A1000003',11,0,NULL,'2025-09-28 09:54:15','2025-09-28 12:16:20'),(6053,'5-1',NULL,119,'A1000003',11,0,NULL,'2025-09-28 09:54:15','2025-09-28 12:16:20'),(6057,'4-3',NULL,119,'A1000003',11,0,NULL,'2025-09-28 09:54:15','2025-09-28 12:16:20'),(6058,'5-2',NULL,119,'A1000003',11,0,NULL,'2025-09-28 09:54:15','2025-09-28 12:16:20'),(6063,'5-3',NULL,119,'A1000003',11,0,NULL,'2025-09-28 09:54:15','2025-09-28 12:16:20'),(6074,'5-1',NULL,112,'GZ0001',10,0,NULL,'2025-09-29 03:40:17','2025-09-29 14:59:24'),(6079,'5-1',NULL,117,'A1000001',10,0,NULL,'2025-09-29 03:40:17','2025-09-29 15:00:20'),(6084,'5-1',NULL,121,'A1000005',10,0,NULL,'2025-09-29 03:40:17','2025-10-09 08:05:28'),(6089,'5-1',NULL,124,'A1000008',10,0,NULL,'2025-09-29 03:40:17','2025-10-09 08:12:55'),(6094,'5-1',NULL,133,'Xhax5euA',10,0,NULL,'2025-09-29 03:40:17','2025-10-09 08:21:32'),(6099,'1-2',NULL,112,'GZ0001',10,0,NULL,'2025-09-29 03:41:11','2025-09-29 14:59:24'),(6100,'1-3',NULL,112,'GZ0001',10,0,NULL,'2025-09-29 03:41:11','2025-09-29 14:59:24'),(6101,'2-2',NULL,112,'GZ0001',10,0,NULL,'2025-09-29 03:41:11','2025-09-29 14:59:24'),(6102,'1-4',NULL,112,'GZ0001',10,0,NULL,'2025-09-29 03:41:11','2025-09-29 14:59:24'),(6103,'2-3',NULL,112,'GZ0001',10,0,NULL,'2025-09-29 03:41:11','2025-09-29 14:59:24'),(6104,'3-2',NULL,112,'GZ0001',10,0,NULL,'2025-09-29 03:41:11','2025-09-29 14:59:24'),(6105,'1-5',NULL,112,'GZ0001',10,0,NULL,'2025-09-29 03:41:11','2025-09-29 14:59:24'),(6106,'2-4',8,112,'GZ0001',10,0,NULL,'2025-09-29 03:41:11','2025-09-29 14:59:24'),(6107,'3-3',NULL,112,'GZ0001',10,0,NULL,'2025-09-29 03:41:11','2025-09-29 14:59:24'),(6108,'4-2',NULL,112,'GZ0001',10,0,NULL,'2025-09-29 03:41:11','2025-09-29 14:59:24'),(6109,'2-5',NULL,112,'GZ0001',10,0,NULL,'2025-09-29 03:41:11','2025-09-29 14:59:24'),(6110,'3-4',6,112,'GZ0001',10,0,NULL,'2025-09-29 03:41:11','2025-09-29 14:59:24'),(6111,'4-3',15,112,'GZ0001',10,0,NULL,'2025-09-29 03:41:11','2025-09-29 14:59:24'),(6112,'5-2',NULL,112,'GZ0001',10,0,NULL,'2025-09-29 03:41:11','2025-09-29 14:59:24'),(6113,'3-5',17,112,'GZ0001',10,0,NULL,'2025-09-29 03:41:11','2025-09-29 14:59:24'),(6114,'4-4',NULL,112,'GZ0001',10,0,NULL,'2025-09-29 03:41:11','2025-09-29 14:59:24'),(6115,'5-3',NULL,112,'GZ0001',10,0,NULL,'2025-09-29 03:41:11','2025-09-29 14:59:24'),(6116,'4-5',NULL,112,'GZ0001',10,0,NULL,'2025-09-29 03:41:11','2025-09-29 14:59:24'),(6117,'5-4',14,112,'GZ0001',10,0,NULL,'2025-09-29 03:41:11','2025-09-29 14:59:24'),(6118,'5-5',NULL,112,'GZ0001',10,0,NULL,'2025-09-29 03:41:11','2025-09-29 14:59:24'),(6119,'1-2',6,117,'A1000001',10,0,NULL,'2025-09-29 03:41:11','2025-09-29 15:00:20'),(6120,'1-3',7,117,'A1000001',10,0,NULL,'2025-09-29 03:41:11','2025-09-29 15:00:20'),(6121,'2-2',NULL,117,'A1000001',10,0,NULL,'2025-09-29 03:41:11','2025-09-29 15:00:20'),(6122,'1-4',NULL,117,'A1000001',10,0,NULL,'2025-09-29 03:41:11','2025-09-29 15:00:20'),(6123,'2-3',5,117,'A1000001',10,0,NULL,'2025-09-29 03:41:11','2025-09-29 15:00:20'),(6124,'3-2',14,117,'A1000001',10,0,NULL,'2025-09-29 03:41:11','2025-09-29 15:00:20'),(6125,'1-5',NULL,117,'A1000001',10,0,NULL,'2025-09-29 03:41:11','2025-09-29 15:00:20'),(6126,'2-4',18,117,'A1000001',10,0,NULL,'2025-09-29 03:41:11','2025-09-29 15:00:20'),(6127,'3-3',NULL,117,'A1000001',10,0,NULL,'2025-09-29 03:41:11','2025-09-29 15:00:20'),(6128,'4-2',9,117,'A1000001',10,0,NULL,'2025-09-29 03:41:11','2025-09-29 15:00:20'),(6129,'2-5',NULL,117,'A1000001',10,0,NULL,'2025-09-29 03:41:11','2025-09-29 15:00:20'),(6130,'3-4',NULL,117,'A1000001',10,0,NULL,'2025-09-29 03:41:11','2025-09-29 15:00:20'),(6131,'4-3',NULL,117,'A1000001',10,0,NULL,'2025-09-29 03:41:11','2025-09-29 15:00:20'),(6132,'5-2',NULL,117,'A1000001',10,0,NULL,'2025-09-29 03:41:11','2025-09-29 15:00:20'),(6133,'3-5',NULL,117,'A1000001',10,0,NULL,'2025-09-29 03:41:11','2025-09-29 15:00:20'),(6134,'4-4',17,117,'A1000001',10,0,NULL,'2025-09-29 03:41:11','2025-09-29 15:00:20'),(6135,'5-3',NULL,117,'A1000001',10,0,NULL,'2025-09-29 03:41:11','2025-09-29 15:00:20'),(6136,'4-5',NULL,117,'A1000001',10,0,NULL,'2025-09-29 03:41:11','2025-09-29 15:00:20'),(6137,'5-4',4,117,'A1000001',10,0,NULL,'2025-09-29 03:41:11','2025-09-29 15:00:20'),(6138,'5-5',NULL,117,'A1000001',10,0,NULL,'2025-09-29 03:41:11','2025-09-29 15:00:20'),(6139,'1-2',NULL,121,'A1000005',10,0,NULL,'2025-09-29 03:41:11','2025-10-09 08:05:28'),(6140,'1-3',17,121,'A1000005',10,10,'2025-10-09 16:17:48','2025-09-29 03:41:11','2025-10-09 08:05:28'),(6141,'2-2',6,121,'A1000005',10,10,'2025-10-09 16:17:48','2025-09-29 03:41:11','2025-10-09 08:05:28'),(6142,'1-4',NULL,121,'A1000005',10,0,NULL,'2025-09-29 03:41:11','2025-10-09 08:05:28'),(6143,'2-3',NULL,121,'A1000005',10,0,NULL,'2025-09-29 03:41:11','2025-10-09 08:05:28'),(6144,'3-2',NULL,121,'A1000005',10,0,NULL,'2025-09-29 03:41:11','2025-10-09 08:05:28'),(6145,'1-5',NULL,121,'A1000005',10,0,NULL,'2025-09-29 03:41:11','2025-10-09 08:05:28'),(6146,'2-4',NULL,121,'A1000005',10,0,NULL,'2025-09-29 03:41:11','2025-10-09 08:05:28'),(6147,'3-3',NULL,121,'A1000005',10,0,NULL,'2025-09-29 03:41:11','2025-10-09 08:05:28'),(6148,'4-2',NULL,121,'A1000005',10,0,NULL,'2025-09-29 03:41:11','2025-10-09 08:05:28'),(6149,'2-5',NULL,121,'A1000005',10,0,NULL,'2025-09-29 03:41:11','2025-10-09 08:05:28'),(6150,'3-4',18,121,'A1000005',10,10,'2025-10-09 16:17:48','2025-09-29 03:41:11','2025-10-09 08:05:28'),(6151,'4-3',NULL,121,'A1000005',10,0,NULL,'2025-09-29 03:41:11','2025-10-09 08:05:28'),(6152,'5-2',NULL,121,'A1000005',10,0,NULL,'2025-09-29 03:41:11','2025-10-09 08:05:28'),(6153,'3-5',NULL,121,'A1000005',10,0,NULL,'2025-09-29 03:41:11','2025-10-09 08:05:28'),(6154,'4-4',NULL,121,'A1000005',10,0,NULL,'2025-09-29 03:41:11','2025-10-09 08:05:28'),(6155,'5-3',NULL,121,'A1000005',10,0,NULL,'2025-09-29 03:41:11','2025-10-09 08:05:28'),(6156,'4-5',NULL,121,'A1000005',10,0,NULL,'2025-09-29 03:41:11','2025-10-09 08:05:28'),(6157,'5-4',NULL,121,'A1000005',10,0,NULL,'2025-09-29 03:41:11','2025-10-09 08:05:28'),(6158,'5-5',NULL,121,'A1000005',10,0,NULL,'2025-09-29 03:41:11','2025-10-09 08:05:28'),(6159,'1-2',NULL,124,'A1000008',10,0,NULL,'2025-09-29 03:41:11','2025-10-09 08:12:55'),(6160,'1-3',NULL,124,'A1000008',10,0,NULL,'2025-09-29 03:41:11','2025-10-09 08:12:55'),(6161,'2-2',NULL,124,'A1000008',10,0,NULL,'2025-09-29 03:41:11','2025-10-09 08:12:55'),(6162,'1-4',NULL,124,'A1000008',10,0,NULL,'2025-09-29 03:41:11','2025-10-09 08:12:55'),(6163,'2-3',NULL,124,'A1000008',10,0,NULL,'2025-09-29 03:41:11','2025-10-09 08:12:55'),(6164,'3-2',NULL,124,'A1000008',10,0,NULL,'2025-09-29 03:41:11','2025-10-09 08:12:55'),(6165,'1-5',NULL,124,'A1000008',10,0,NULL,'2025-09-29 03:41:11','2025-10-09 08:12:55'),(6166,'2-4',NULL,124,'A1000008',10,0,NULL,'2025-09-29 03:41:11','2025-10-09 08:12:55'),(6167,'3-3',NULL,124,'A1000008',10,0,NULL,'2025-09-29 03:41:11','2025-10-09 08:12:55'),(6168,'4-2',NULL,124,'A1000008',10,0,NULL,'2025-09-29 03:41:11','2025-10-09 08:12:55'),(6169,'2-5',NULL,124,'A1000008',10,0,NULL,'2025-09-29 03:41:11','2025-10-09 08:12:55'),(6170,'3-4',NULL,124,'A1000008',10,0,NULL,'2025-09-29 03:41:11','2025-10-09 08:12:55'),(6171,'4-3',NULL,124,'A1000008',10,0,NULL,'2025-09-29 03:41:11','2025-10-09 08:12:55'),(6172,'5-2',NULL,124,'A1000008',10,0,NULL,'2025-09-29 03:41:11','2025-10-09 08:12:55'),(6173,'3-5',NULL,124,'A1000008',10,0,NULL,'2025-09-29 03:41:11','2025-10-09 08:12:55'),(6174,'4-4',NULL,124,'A1000008',10,0,NULL,'2025-09-29 03:41:11','2025-10-09 08:12:55'),(6175,'5-3',NULL,124,'A1000008',10,0,NULL,'2025-09-29 03:41:11','2025-10-09 08:12:55'),(6176,'4-5',NULL,124,'A1000008',10,0,NULL,'2025-09-29 03:41:11','2025-10-09 08:12:55'),(6177,'5-4',NULL,124,'A1000008',10,0,NULL,'2025-09-29 03:41:11','2025-10-09 08:12:55'),(6178,'5-5',NULL,124,'A1000008',10,0,NULL,'2025-09-29 03:41:11','2025-10-09 08:12:55'),(6179,'1-2',15,133,'Xhax5euA',10,10,'2025-10-09 16:27:35','2025-09-29 03:41:11','2025-10-09 08:21:32'),(6180,'1-3',NULL,133,'Xhax5euA',10,0,NULL,'2025-09-29 03:41:11','2025-10-09 08:21:32'),(6181,'2-2',17,133,'Xhax5euA',10,10,'2025-10-09 16:27:35','2025-09-29 03:41:11','2025-10-09 08:21:32'),(6182,'1-4',NULL,133,'Xhax5euA',10,0,NULL,'2025-09-29 03:41:11','2025-10-09 08:21:32'),(6183,'2-3',8,133,'Xhax5euA',10,10,'2025-10-09 16:27:35','2025-09-29 03:41:11','2025-10-09 08:21:32'),(6184,'3-2',9,133,'Xhax5euA',10,10,'2025-10-09 16:27:35','2025-09-29 03:41:11','2025-10-09 08:21:32'),(6185,'1-5',NULL,133,'Xhax5euA',10,0,NULL,'2025-09-29 03:41:11','2025-10-09 08:21:32'),(6186,'2-4',NULL,133,'Xhax5euA',10,0,NULL,'2025-09-29 03:41:11','2025-10-09 08:21:32'),(6187,'3-3',NULL,133,'Xhax5euA',10,0,NULL,'2025-09-29 03:41:11','2025-10-09 08:21:32'),(6188,'4-2',NULL,133,'Xhax5euA',10,0,NULL,'2025-09-29 03:41:11','2025-10-09 08:21:32'),(6189,'2-5',NULL,133,'Xhax5euA',10,0,NULL,'2025-09-29 03:41:11','2025-10-09 08:21:32'),(6190,'3-4',NULL,133,'Xhax5euA',10,0,NULL,'2025-09-29 03:41:11','2025-10-09 08:21:32'),(6191,'4-3',NULL,133,'Xhax5euA',10,0,NULL,'2025-09-29 03:41:11','2025-10-09 08:21:32'),(6192,'5-2',NULL,133,'Xhax5euA',10,0,NULL,'2025-09-29 03:41:11','2025-10-09 08:21:32'),(6193,'3-5',NULL,133,'Xhax5euA',10,0,NULL,'2025-09-29 03:41:11','2025-10-09 08:21:32'),(6194,'4-4',NULL,133,'Xhax5euA',10,0,NULL,'2025-09-29 03:41:11','2025-10-09 08:21:32'),(6195,'5-3',NULL,133,'Xhax5euA',10,0,NULL,'2025-09-29 03:41:11','2025-10-09 08:21:32'),(6196,'4-5',NULL,133,'Xhax5euA',10,0,NULL,'2025-09-29 03:41:11','2025-10-09 08:21:32'),(6197,'5-4',NULL,133,'Xhax5euA',10,0,NULL,'2025-09-29 03:41:11','2025-10-09 08:21:32'),(6198,'5-5',NULL,133,'Xhax5euA',10,0,NULL,'2025-09-29 03:41:11','2025-10-09 08:21:32'),(6199,'1-1',7,134,'MBcIueGz',12,0,NULL,'2025-10-06 13:56:54','2025-10-06 22:18:59'),(6200,'1-2',5,134,'MBcIueGz',12,0,NULL,'2025-10-06 13:56:54','2025-10-06 22:18:59'),(6201,'1-3',18,134,'MBcIueGz',12,0,NULL,'2025-10-06 13:56:54','2025-10-06 22:18:59'),(6202,'1-4',NULL,134,'MBcIueGz',12,0,NULL,'2025-10-06 13:56:54','2025-10-06 22:18:59'),(6203,'1-5',NULL,134,'MBcIueGz',12,0,NULL,'2025-10-06 13:56:54','2025-10-06 22:18:59'),(6204,'2-1',NULL,134,'MBcIueGz',12,0,NULL,'2025-10-06 13:56:54','2025-10-06 22:18:59'),(6205,'2-2',14,134,'MBcIueGz',12,0,NULL,'2025-10-06 13:56:54','2025-10-06 22:18:59'),(6206,'2-3',4,134,'MBcIueGz',12,0,NULL,'2025-10-06 13:56:54','2025-10-06 22:18:59'),(6207,'2-4',NULL,134,'MBcIueGz',12,0,NULL,'2025-10-06 13:56:54','2025-10-06 22:18:59'),(6208,'2-5',NULL,134,'MBcIueGz',12,0,NULL,'2025-10-06 13:56:54','2025-10-06 22:18:59'),(6209,'3-1',NULL,134,'MBcIueGz',12,0,NULL,'2025-10-06 13:56:54','2025-10-06 22:18:59'),(6210,'3-2',NULL,134,'MBcIueGz',12,0,NULL,'2025-10-06 13:56:54','2025-10-06 22:18:59'),(6211,'3-3',NULL,134,'MBcIueGz',12,0,NULL,'2025-10-06 13:56:54','2025-10-06 22:18:59'),(6212,'3-4',NULL,134,'MBcIueGz',12,0,NULL,'2025-10-06 13:56:54','2025-10-06 22:18:59'),(6213,'3-5',NULL,134,'MBcIueGz',12,0,NULL,'2025-10-06 13:56:54','2025-10-06 22:18:59'),(6214,'4-1',NULL,134,'MBcIueGz',12,0,NULL,'2025-10-06 13:56:54','2025-10-06 22:18:59'),(6215,'4-2',NULL,134,'MBcIueGz',12,0,NULL,'2025-10-06 13:56:54','2025-10-06 22:18:59'),(6216,'4-3',NULL,134,'MBcIueGz',12,0,NULL,'2025-10-06 13:56:54','2025-10-06 22:18:59'),(6217,'4-4',8,134,'MBcIueGz',12,0,NULL,'2025-10-06 13:56:54','2025-10-06 22:18:59'),(6218,'4-5',NULL,134,'MBcIueGz',12,0,NULL,'2025-10-06 13:56:54','2025-10-06 22:18:59'),(6219,'5-1',NULL,134,'MBcIueGz',12,0,NULL,'2025-10-06 13:56:54','2025-10-06 22:18:59'),(6220,'5-2',NULL,134,'MBcIueGz',12,0,NULL,'2025-10-06 13:56:54','2025-10-06 22:18:59'),(6221,'5-3',NULL,134,'MBcIueGz',12,0,NULL,'2025-10-06 13:56:54','2025-10-06 22:18:59'),(6222,'5-4',NULL,134,'MBcIueGz',12,0,NULL,'2025-10-06 13:56:54','2025-10-06 22:18:59'),(6223,'5-5',NULL,134,'MBcIueGz',12,0,NULL,'2025-10-06 13:56:54','2025-10-06 22:18:59'),(6224,'1-1',4,135,'vEeQvW3t',12,12,'2025-10-09 15:45:31','2025-10-09 07:28:24','2025-10-09 12:01:34'),(6225,'1-2',5,135,'vEeQvW3t',12,12,'2025-10-09 15:45:31','2025-10-09 07:28:24','2025-10-09 12:01:34'),(6226,'1-3',6,135,'vEeQvW3t',12,12,'2025-10-09 15:45:31','2025-10-09 07:28:24','2025-10-09 12:01:34'),(6227,'1-4',7,135,'vEeQvW3t',12,12,'2025-10-09 15:45:31','2025-10-09 07:28:24','2025-10-09 12:01:34'),(6228,'1-5',8,135,'vEeQvW3t',12,12,'2025-10-09 15:45:31','2025-10-09 07:28:24','2025-10-09 12:01:34'),(6229,'2-1',9,135,'vEeQvW3t',12,12,'2025-10-09 15:45:31','2025-10-09 07:28:24','2025-10-09 12:01:34'),(6230,'2-2',14,135,'vEeQvW3t',12,12,'2025-10-09 15:45:31','2025-10-09 07:28:24','2025-10-09 12:01:34'),(6231,'2-3',15,135,'vEeQvW3t',12,12,'2025-10-09 15:45:31','2025-10-09 07:28:24','2025-10-09 12:01:34'),(6232,'2-4',17,135,'vEeQvW3t',12,12,'2025-10-09 15:45:31','2025-10-09 07:28:24','2025-10-09 12:01:34'),(6233,'2-5',18,135,'vEeQvW3t',12,0,'2025-10-09 15:45:31','2025-10-09 07:28:24','2025-10-09 12:02:51'),(6234,'3-1',NULL,135,'vEeQvW3t',12,0,NULL,'2025-10-09 07:28:24','2025-10-09 12:01:34'),(6235,'3-2',NULL,135,'vEeQvW3t',12,0,NULL,'2025-10-09 07:28:24','2025-10-09 12:01:34'),(6236,'3-3',NULL,135,'vEeQvW3t',12,0,NULL,'2025-10-09 07:28:24','2025-10-09 12:01:34'),(6237,'3-4',NULL,135,'vEeQvW3t',12,0,NULL,'2025-10-09 07:28:24','2025-10-09 12:01:34'),(6238,'3-5',NULL,135,'vEeQvW3t',12,0,NULL,'2025-10-09 07:28:24','2025-10-09 12:01:34'),(6239,'4-1',NULL,135,'vEeQvW3t',12,0,NULL,'2025-10-09 07:28:24','2025-10-09 12:01:34'),(6240,'4-2',NULL,135,'vEeQvW3t',12,0,NULL,'2025-10-09 07:28:24','2025-10-09 12:01:34'),(6241,'4-3',NULL,135,'vEeQvW3t',12,0,NULL,'2025-10-09 07:28:24','2025-10-09 12:01:34'),(6242,'4-4',NULL,135,'vEeQvW3t',12,0,NULL,'2025-10-09 07:28:24','2025-10-09 12:01:34'),(6243,'4-5',NULL,135,'vEeQvW3t',12,0,NULL,'2025-10-09 07:28:24','2025-10-09 12:01:34'),(6244,'5-1',NULL,135,'vEeQvW3t',12,0,NULL,'2025-10-09 07:28:24','2025-10-09 12:01:34'),(6245,'5-2',NULL,135,'vEeQvW3t',12,0,NULL,'2025-10-09 07:28:24','2025-10-09 12:01:34'),(6246,'5-3',NULL,135,'vEeQvW3t',12,0,NULL,'2025-10-09 07:28:24','2025-10-09 12:01:34'),(6247,'5-4',NULL,135,'vEeQvW3t',12,0,NULL,'2025-10-09 07:28:24','2025-10-09 12:01:34'),(6248,'5-5',NULL,135,'vEeQvW3t',12,0,NULL,'2025-10-09 07:28:24','2025-10-09 12:01:34');
-- tb_emp DML
INSERT INTO `tb_emp` (`id`,`user_name`,`region_id`,`region_name`,`role_id`,`role_code`,`role_name`,`mobile`,`image`,`status`,`create_time`,`update_time`) VALUES (2,'刘备',2,'海淀区',2,'1002','运营员','13800000001','http://likede2-java.itheima.net/image/avatar.png',1,'2024-06-10 07:06:58','2025-09-29 10:52:44'),(3,'关羽',2,'海淀区',2,'1002','运营员','13800000002','http://likede2-java.itheima.net/image/avatar.png',1,'2024-06-10 07:06:58','2025-09-29 10:52:44'),(4,'张飞',2,'海淀区',3,'1003','维修员','13800000003','http://likede2-java.itheima.net/image/avatar.png',1,'2024-06-10 07:06:58','2025-09-29 10:52:44'),(5,'赵云',2,'海淀区',3,'1003','维修员','13800000004','http://likede2-java.itheima.net/image/avatar.png',1,'2024-06-10 07:06:58','2025-09-29 10:52:44'),(6,'曹操',1,'朝阳区',2,'1002','运营员','13900139001','http://likede2-java.itheima.net/image/avatar.png',1,'2024-06-10 07:06:58','2025-09-29 10:52:41'),(7,'夏侯惇',1,'朝阳区',2,'1002','运营员','13900000002','http://likede2-java.itheima.net/image/avatar.png',1,'2024-06-10 07:06:58','2025-09-29 10:52:41'),(8,'许褚',1,'朝阳区',3,'1003','维修员','13900139003','http://likede2-java.itheima.net/image/avatar.png',1,'2024-06-10 07:06:58','2025-09-29 10:52:41'),(9,'张辽',1,'朝阳区',3,'1003','维修员','13900000004','http://likede2-java.itheima.net/image/avatar.png',1,'2024-06-10 07:06:58','2025-09-29 10:52:41'),(10,'孙权',3,'西城区',2,'1002','运营员','13700000001','http://likede2-java.itheima.net/image/avatar.png',1,'2024-06-10 07:06:58','2025-09-29 10:52:10'),(11,'周瑜',3,'西城区',2,'1002','运营员','13700000002','http://likede2-java.itheima.net/image/avatar.png',0,'2024-06-10 07:06:58','2025-09-29 10:52:10'),(12,'吕蒙',3,'西城区',3,'1003','维修员','13700000003','http://likede2-java.itheima.net/image/avatar.png',0,'2024-06-10 07:06:58','2025-09-29 10:52:10'),(13,'陆逊',3,'西城区',3,'1003','维修员','13700000005','http://likede2-java.itheima.net/image/avatar.png',1,'2024-06-10 07:06:58','2025-09-29 10:52:10'),(50,'孙一百',1,'朝阳区',3,'1003','维修员','13700137009','http://likede2-java.itheima.net/image/avatar.png',1,'2024-06-10 07:06:58','2025-09-29 10:52:41'),(51,'马超',2,'海淀区',3,'1003','维修员','13900002222','http://likede2-java.itheima.net/image/avatar.png',1,'2024-06-10 07:06:58','2025-09-29 10:52:44'),(52,'黄忠',2,'海淀区',2,'1002','运营员','13900005555','http://likede2-java.itheima.net/image/avatar.png',1,'2024-06-10 07:06:58','2025-09-29 10:52:44'),(53,'测试员工',1,'朝阳区',1,'1001','工单管理员','15100000001','/profile/upload/2024/05/18/4e7f3a15429bfda99bce42a18cdd1jpeg_20240518103539A002.jpeg',1,'2024-06-10 07:06:58','2025-09-29 10:52:41'),(55,'张三',1,'朝阳区',1,'1001','工单管理员','13800138000','https://javacz-luo.oss-cn-beijing.aliyuncs.com/dkd-images/2025/09/17/68ca81a4663bda84fb87547d.png',1,'2025-09-14 06:03:38','2025-09-17 08:24:15'),(57,'王五',3,'西城区',3,'1003','维修员','13800138002','https://javacz-luo.oss-cn-beijing.aliyuncs.com/%E5%91%98%E5%B7%A5%E5%A4%B4%E5%83%8F.png',0,'2025-09-14 06:03:38','2025-09-29 10:52:10'),(58,'赵六',4,'西城区',1,'1001','工单管理员','13800138003','https://javacz-luo.oss-cn-beijing.aliyuncs.com/%E5%91%98%E5%B7%A5%E5%A4%B4%E5%83%8F.png',1,'2025-09-14 06:03:38','2025-09-17 09:41:28'),(59,'钱七',5,'丰台区',2,'1002','运营员','13800138004','https://javacz-luo.oss-cn-beijing.aliyuncs.com/%E5%91%98%E5%B7%A5%E5%A4%B4%E5%83%8F.png',1,'2025-09-14 06:03:38','2025-09-17 09:41:28'),(60,'孙八',6,'石景山区',3,'1003','维修员','13800138005','https://javacz-luo.oss-cn-beijing.aliyuncs.com/%E5%91%98%E5%B7%A5%E5%A4%B4%E5%83%8F.png',1,'2025-09-14 06:03:38','2025-09-17 09:41:28'),(61,'周九',7,'通州区',1,'1001','工单管理员','13800138006','https://javacz-luo.oss-cn-beijing.aliyuncs.com/%E5%91%98%E5%B7%A5%E5%A4%B4%E5%83%8F.png',0,'2025-09-14 06:03:38','2025-09-17 09:41:28'),(62,'吴十',8,'昌平区',2,'1002','运营员','13800138007','https://javacz-luo.oss-cn-beijing.aliyuncs.com/%E5%91%98%E5%B7%A5%E5%A4%B4%E5%83%8F.png',1,'2025-09-14 06:03:38','2025-09-17 09:41:28'),(63,'郑十一',9,'大兴区',3,'1003','维修员','13800138008','https://javacz-luo.oss-cn-beijing.aliyuncs.com/%E5%91%98%E5%B7%A5%E5%A4%B4%E5%83%8F.png',1,'2025-09-14 06:03:38','2025-09-17 09:41:28'),(64,'刘十二',10,'顺义区',2,'1001','工单管理员','13800138009','https://javacz-luo.oss-cn-beijing.aliyuncs.com/%E5%91%98%E5%B7%A5%E5%A4%B4%E5%83%8F.png',1,'2025-09-14 06:03:38','2025-09-17 09:41:28'),(66,'阿饿',3,'西城区',2,'1002','运营员','13195587896','/profile/upload/2025/09/17/4_20250917105212A002.jpg',1,'2025-09-17 02:52:31','2025-09-29 10:52:10'),(67,'王强',2,'海淀区',2,'1002','运营员','13541524865','https://javacz-luo.oss-cn-beijing.aliyuncs.com/dkd-images/2025/09/17/68ca8083663bda84fb87547c.png',1,'2025-09-17 09:34:05','2025-09-17 09:34:05'),(68,'ww',1,'朝阳区',2,'1002','运营员','213','https://javacz-luo.oss-cn-beijing.aliyuncs.com/dkd-images/2025/09/18/68cba824470e940055f72934.png',1,'2025-09-18 06:35:26','2025-09-18 06:35:26'),(69,'王亮',7,'通州区',3,'1003','维修员','1365854785','https://javacz-luo.oss-cn-beijing.aliyuncs.com/dkd-images/2025/10/06/68e3cd8d27ab443fbf3695a2.png',1,'2025-10-06 14:09:20','2025-10-06 14:09:20'),(70,'球球',7,'通州区',2,'1002','运营员','13625635412','https://javacz-luo.oss-cn-beijing.aliyuncs.com/dkd-images/2025/10/06/68e3d04727abda792d87e8ad.png',1,'2025-10-06 14:20:57','2025-10-06 14:20:57'),(71,'乐乐',8,'昌平区',2,'1002','运营员','13252544256','https://javacz-luo.oss-cn-beijing.aliyuncs.com/dkd-images/2025/10/06/68e3d28b27abda792d87e8ae.png',1,'2025-10-06 14:30:37','2025-10-06 14:30:37');
-- tb_node DML
INSERT INTO `tb_node` (`id`,`node_name`,`address_detail`,`business_type`,`region_id`,`partner_id`,`create_time`,`update_time`,`create_by`,`update_by`,`remark`) VALUES (1,'国贸大厦A座电梯口','朝阳区建国门外大街1号',1,1,2,'2025-09-14 06:03:38','2025-09-20 19:54:38','admin',NULL,'高端商务区，人流量大'),(2,'中关村创业大街入口','海淀区中关村大街1号',1,2,5,'2025-09-14 06:03:38','2025-09-14 06:03:38','admin',NULL,'科技公司集中地'),(3,'故宫东华门公交站','东城区东华门大街',5,3,3,'2025-09-14 06:03:38','2025-09-14 06:03:38','admin',NULL,'旅游景点周边'),(5,'丰台火车站出站口','丰台区南四环西路128号',4,5,1,'2025-09-14 06:03:38','2025-09-14 06:03:38','admin',NULL,'交通枢纽，客流密集'),(6,'首钢园文创广场','石景山区石景山路68号',2,6,2,'2025-09-14 06:03:38','2025-09-14 06:03:38','admin',NULL,'工业遗址改造区'),(7,'通州万达广场一层','通州区新华东街101号',2,7,4,'2025-09-14 06:03:38','2025-09-14 06:03:38','admin',NULL,'大型社区商业中心'),(8,'昌平生命科学园','昌平区生命科学园路2号',3,8,5,'2025-09-14 06:03:38','2025-09-14 06:03:38','admin',NULL,'生物医药企业聚集'),(9,'大兴国际机场航站楼','大兴区黄村镇',4,9,4,'2025-09-14 06:03:38','2025-09-14 06:03:38','admin',NULL,'全国最大机场之一'),(10,'顺义空港物流园','顺义区天竺镇空港工业区',1,10,1,'2025-09-14 06:03:38','2025-09-14 06:03:38','admin',NULL,'物流配送枢纽'),(11,'圆明园遗址公园','北京市海淀区清华西路28号',5,2,6,'2025-09-15 09:12:33','2025-09-15 19:24:13',NULL,NULL,NULL),(12,'北京奥运博物馆','北京市朝阳区国家体育场南路1号哦',5,11,1,'2025-09-15 19:49:14','2025-09-15 19:52:14','admin',NULL,NULL);
-- tb_partner DML
INSERT INTO `tb_partner` (`id`,`partner_name`,`contact_person`,`phone`,`profit_ratio`,`account`,`password`,`create_time`,`update_time`,`create_by`,`update_by`,`remark`) VALUES (1,'北京智慧科技有限公司','张伟','13800138001',70,'zhangwei_bj','$2a$10$abc123xyz','2025-09-14 06:03:38','2025-09-14 06:03:38','admin',NULL,'负责朝阳区点位运营'),(2,'京华互联服务集团','李娜','13900139002',65,'lina_jh','$2a$10$def456uvw','2025-09-14 06:03:38','2025-09-14 06:03:38','admin',NULL,'覆盖海淀、昌平区域'),(3,'北都商业网络','王强','13700137003',75,'wangqiang_bd','$2a$10$ghi789rst','2025-09-14 06:03:38','2025-09-14 06:03:38','admin',NULL,'专注东城、西城商圈'),(4,'天通苑生活服务','赵敏','13600136004',60,'zhaomin_tt','$2a$10$jkl012mno','2025-09-14 06:03:38','2025-09-14 06:03:38','admin',NULL,'服务通州、大兴居民区'),(5,'中关村创新联盟','刘洋','13500135005',80,'liuyang_zgc','$2a$10$pqr345stu','2025-09-14 06:03:38','2025-09-14 06:03:38','admin',NULL,'高校与科技园专属合作方'),(6,'陈阳合伙人','陈阳','13545854525',50,'cy','$2a$10$VoPlc12mUCKpNewmGD/3QuOfwB1gYft00siF1a3k6/9QKdUhyLdji','2025-09-15 09:25:44','2025-09-15 16:40:56','admin','admin',NULL),(7,'王强科技','王强','13565854125',20,'wq1','$2a$10$rBRN2pIlhkWtFmknG5GqvuDjAgzx/G9lt42CC/FhYRSGm0qCKFJoa','2025-09-15 09:37:09','2025-09-15 16:40:40','admin','admin',NULL),(8,'韦晨宇科技','韦晨宇','15245262356',20,'wcy','$2a$10$vprOJNPszFw4o1p2EC.QjOH3b8UQnHKefLWP2g.9zm.Aswv/mgPY2','2025-09-15 09:41:10','2025-09-15 16:37:17','admin','admin',NULL);
-- tb_policy DML
INSERT INTO `tb_policy` (`policy_id`,`policy_name`,`discount`,`create_time`,`update_time`) VALUES (11,'暑假促销',80,'2025-09-22 01:40:17','2025-09-22 01:40:16'),(13,'八折优惠',80,'2025-09-22 02:37:44','2025-09-22 02:37:44'),(14,'冬季折扣',70,'2025-09-22 02:38:02','2025-09-22 02:38:02'),(15,'七夕节优惠',60,'2025-09-22 02:38:26','2025-09-22 02:38:26');
-- tb_region DML
INSERT INTO `tb_region` (`id`,`region_name`,`create_time`,`update_time`,`create_by`,`update_by`,`remark`) VALUES (1,'朝阳区','2025-09-14 06:03:38','2025-09-14 06:03:38','admin',NULL,'北京市核心商务区'),(2,'海淀区','2025-09-14 06:03:38','2025-09-14 06:03:38','admin',NULL,'高校与科技企业聚集地'),(3,'西城区','2025-09-14 06:03:38','2025-09-14 06:03:38','admin',NULL,'历史文化核心区'),(5,'丰台区','2025-09-14 06:03:38','2025-09-14 06:03:38','admin',NULL,'交通枢纽与居住区'),(6,'石景山区','2025-09-14 06:03:38','2025-09-14 06:03:38','admin',NULL,'西部新区，首钢园区'),(7,'通州区','2025-09-14 06:03:38','2025-09-14 06:03:38','admin',NULL,'城市副中心'),(8,'昌平区','2025-09-14 06:03:38','2025-09-14 06:03:38','admin',NULL,'高校与科技园区'),(9,'大兴区','2025-09-14 06:03:38','2025-09-14 06:03:38','admin',NULL,'新兴发展区域'),(10,'顺义东区','2025-09-14 06:03:38','2025-09-14 06:03:38','admin',NULL,'航空港与高端居住区'),(11,'北京市北五环奥体中心区域','2025-09-14 15:36:52','2025-09-14 15:37:13',NULL,NULL,'北京市北五环奥体中心区域');
-- tb_role DML
INSERT INTO `tb_role` (`role_id`,`role_code`,`role_name`) VALUES (1,'1001','工单管理员'),(2,'1002','运营员'),(3,'1003','维修员');
-- tb_sku DML
INSERT INTO `tb_sku` (`sku_id`,`sku_name`,`sku_image`,`brand_Name`,`unit`,`price`,`class_id`,`is_discount`,`create_time`,`update_time`) VALUES (4,'青梅绿茶','https://likede2-java.itheima.net/image/product4.png','可口可乐','500ML',200,1,0,'2020-11-20 02:27:35','2020-11-20 02:27:35'),(5,'冰糖雪梨','https://likede2-java.itheima.net/image/product5.png','冰糖雪梨','500ML',250,1,0,'2020-12-17 22:03:41','2024-05-13 18:47:28'),(6,'怡宝至尊','https://likede2-java.itheima.net/image/product6.png','怡宝','500ML',200,1,0,'2020-12-17 22:04:02','2024-05-13 18:47:35'),(7,'一百橙汁','https://likede2-java.itheima.net/image/product7.png','100橙汁自然纯','500ML',100,1,0,'2020-12-17 22:04:26','2020-12-17 22:04:26'),(8,'魔力花茶','https://likede2-java.itheima.net/image/product8.png','茉莉花茶','500ML',150,1,0,'2020-12-17 22:04:45','2025-09-23 02:38:47'),(9,'新星巴克','https://likede2-java.itheima.net/image/product9.png','星巴克','500ML',100,1,0,'2020-12-17 22:05:01','2020-12-17 22:05:01'),(14,'阿萨姆奶茶','https://javacz-luo.oss-cn-beijing.aliyuncs.com/dkd-images/2025/09/23/68d2020b4a354f975e5eafc0.png','阿萨姆','500ML',450,1,0,'2025-09-23 02:13:33','2025-09-23 02:25:47'),(15,'营养快线','https://javacz-luo.oss-cn-beijing.aliyuncs.com/dkd-images/2025/09/23/68d2040e4a3500e3af434c84.png','营养','450ML',350,1,0,'2025-09-23 02:21:40','2025-09-23 02:21:39'),(17,'可口可乐','https://likede2-java.itheima.net/image/product1.png','可口可乐','550ML',200,1,0,'2025-09-28 03:33:35','2025-09-28 03:33:35'),(18,'康师傅','https://likede2-java.itheima.net/image/product2.png','可口可乐','330ML',200,1,0,'2025-09-28 03:33:35','2025-09-28 03:33:35'),(21,'可口可乐plus','https://likede2-java.itheima.net/image/product1.png','可口可乐','550ML',200,1,0,'2025-09-28 08:44:13','2025-09-28 08:44:13');
-- tb_sku_class DML
INSERT INTO `tb_sku_class` (`class_id`,`class_name`,`parent_id`,`create_time`,`update_time`) VALUES (1,'饮料',0,'2025-09-23 00:41:29','2025-09-23 00:41:29'),(2,'零食',0,'2025-09-23 00:41:29','2025-09-23 00:41:29'),(3,'食品',0,'2025-09-23 00:41:29','2025-09-23 00:41:29'),(4,'玩具',0,'2025-09-23 00:41:29','2025-09-23 00:41:29'),(14,'化妆品',0,'2025-09-23 00:41:29','2025-09-23 00:41:29');
-- tb_task DML
INSERT INTO `tb_task` (`task_id`,`task_code`,`task_status`,`create_type`,`inner_code`,`user_id`,`user_name`,`region_id`,`desc`,`product_type_id`,`assignor_id`,`addr`,`create_time`,`update_time`) VALUES (523,'202303220001',4,1,'GZ0001',8,'许褚',1,'投放',1,1,'河南省-洛阳市-龙门石窟','2023-03-22 07:51:54','2023-03-22 07:57:05'),(524,'202303220002',4,1,'ZH0001',8,'许褚',1,'投放',1,1,'河南省-洛阳市-龙门石窟','2023-03-22 08:02:26','2023-03-22 08:13:24'),(525,'202303220003',4,1,'ZH0001',8,'许褚',1,'11',1,1,'河南省-洛阳市-龙门石窟','2023-03-22 09:11:22','2023-03-22 09:12:15'),(526,'202303220004',4,1,'A1000001',6,'曹操',1,'1',2,1,'河南省-洛阳市-龙门石窟','2023-03-22 09:14:45','2023-03-22 09:16:46'),(527,'202303240001',4,1,'A1000001',9,'张辽',1,'111',3,1,'河南省-洛阳市-龙门石窟','2023-03-24 02:41:10','2023-03-24 02:41:10'),(528,'202303240002',4,1,'GG0001',8,'许褚',1,'111',3,1,'河南省-洛阳市-洛阳白云山','2023-03-24 02:42:50','2023-03-24 02:42:50'),(529,'202303240003',4,1,'FT0001',50,'孙一百',1,'111',3,1,'河南省-洛阳市-洛阳白云山','2023-03-24 02:43:43','2023-03-24 02:43:43'),(530,'202303240004',4,1,'A1000002',50,'孙一百',1,'111',3,1,'河南省-洛阳市-洛阳白云山','2023-03-24 02:44:26','2023-03-24 02:44:26'),(531,'202303240005',1,0,'A1000001',50,'孙一百',1,'{"innerCode":"A1000001","statusInfo":[{"statusCode":"1001","status":true},{"statusCode":"1002","status":false},{"statusCode":"1003","status":true}]}',3,1,'河南省-洛阳市-龙门石窟','2023-03-24 10:04:44','2023-03-24 10:04:44'),(533,'202309200001',3,1,'A1000005',8,'许褚',1,'',1,1,'河南省-洛阳市-龙门石窟','2023-09-20 08:30:53','2024-05-18 08:08:00'),(535,'202405170001',4,1,'A1000007',8,'许褚',1,'不想干了',1,1,'北京市昌平区建材城西路22号','2024-05-17 06:39:26',NULL),(542,'202405180001',4,1,'A1000008',6,'曹操',1,'卖完货了',2,1,'北京市昌平区建材城西路22号','2024-05-18 07:13:05',NULL),(543,'202405190001',4,1,'Xhax5euA',13,'陆逊',3,'',1,1,'北京顺义区国际鲜花港','2024-05-19 10:45:06','2024-05-19 13:13:16'),(544,'202510060001',1,1,'MBcIueGz',69,'王亮',7,'牢弟',1,1,'通州区新华东街101号','2025-10-06 14:15:32','2025-10-06 14:15:32'),(545,'202510060002',3,1,'GZ0001',6,'曹操',1,'后台工作人员取消',2,1,'朝阳区建国门外大街1号','2025-10-06 14:34:51','2025-10-06 14:34:51'),(546,'202510080001',3,1,'GZ0001',6,'曹操',1,'杀币 不干了',2,1,'朝阳区建国门外大街1号','2025-10-07 16:19:17','2025-10-07 16:19:17'),(547,'202510090001',4,1,'vEeQvW3t',51,'马超',2,'王强催了',1,1,'北京市海淀区清华西路28号','2025-10-09 07:30:02','2025-10-09 07:30:02'),(548,'202510090002',4,1,'vEeQvW3t',3,'关羽',2,'新设备投放',2,1,'北京市海淀区清华西路28号','2025-10-09 07:44:05','2025-10-09 07:44:05'),(549,'202510090003',4,1,'A1000005',6,'曹操',1,'11111111',2,1,'朝阳区建国门外大街1号','2025-10-09 08:05:56','2025-10-09 08:05:56'),(550,'202510090004',4,1,'Xhax5euA',6,'曹操',1,'1111111111111111',2,1,'朝阳区建国门外大街1号','2025-10-09 08:26:32','2025-10-09 08:26:32');
-- tb_task_collect DML
INSERT INTO `tb_task_collect` (`id`,`user_id`,`finish_count`,`progress_count`,`cancel_count`,`collect_date`) VALUES (90,56,3,2,1,'2025-09-17'),(91,57,5,1,0,'2025-09-17'),(92,59,4,3,2,'2025-09-17'),(93,60,2,0,1,'2025-09-17'),(94,62,6,2,0,'2025-09-17'),(95,63,1,4,1,'2025-09-17'),(96,66,7,1,0,'2025-09-17'),(97,67,3,2,1,'2025-09-17'),(98,56,2,1,0,'2025-09-16'),(99,57,4,2,1,'2025-09-16'),(100,59,5,0,2,'2025-09-16'),(101,60,1,3,0,'2025-09-16'),(102,62,8,1,1,'2025-09-16'),(103,63,2,2,0,'2025-09-16'),(104,67,4,1,0,'2025-09-16'),(105,56,4,1,0,'2025-09-01'),(106,57,3,2,1,'2025-09-01'),(107,59,5,0,0,'2025-09-01'),(108,60,2,3,1,'2025-09-01'),(109,62,6,1,0,'2025-09-01'),(110,63,1,2,2,'2025-09-01'),(111,66,4,3,0,'2025-09-01'),(112,67,5,1,1,'2025-09-01'),(113,56,3,2,1,'2025-09-05'),(114,57,6,0,0,'2025-09-05'),(115,59,2,4,1,'2025-09-05'),(116,60,4,1,0,'2025-09-05'),(117,62,5,2,1,'2025-09-05'),(118,63,3,3,0,'2025-09-05'),(119,66,7,0,1,'2025-09-05'),(120,67,2,2,2,'2025-09-05'),(121,56,5,1,0,'2025-09-10'),(122,57,4,2,1,'2025-09-10'),(123,59,3,3,0,'2025-09-10'),(124,60,6,0,1,'2025-09-10'),(125,62,2,4,0,'2025-09-10'),(126,63,5,1,1,'2025-09-10'),(127,66,3,2,0,'2025-09-10'),(128,67,4,1,1,'2025-09-10'),(129,56,2,3,1,'2025-09-15'),(130,57,5,1,0,'2025-09-15'),(131,59,6,0,1,'2025-09-15'),(132,60,3,2,0,'2025-09-15'),(133,62,4,1,2,'2025-09-15'),(134,63,2,3,0,'2025-09-15'),(135,66,5,2,1,'2025-09-15'),(136,67,3,1,0,'2025-09-15'),(137,56,4,2,0,'2025-08-01'),(138,57,3,1,1,'2025-08-01'),(139,59,5,3,0,'2025-08-01'),(140,60,2,0,2,'2025-08-01'),(141,62,6,2,0,'2025-08-01'),(142,63,1,4,1,'2025-08-01'),(143,66,4,1,0,'2025-08-01'),(144,67,3,2,1,'2025-08-01'),(145,56,5,0,1,'2025-08-15'),(146,57,2,3,0,'2025-08-15'),(147,59,4,1,1,'2025-08-15'),(148,60,3,2,0,'2025-08-15'),(149,62,7,0,1,'2025-08-15'),(150,63,2,2,2,'2025-08-15'),(151,66,5,1,0,'2025-08-15'),(152,67,4,3,0,'2025-08-15'),(153,56,3,2,0,'2025-08-30'),(154,57,6,1,1,'2025-08-30'),(155,59,2,3,1,'2025-08-30'),(156,60,5,0,0,'2025-08-30'),(157,62,4,2,1,'2025-08-30'),(158,63,3,1,0,'2025-08-30'),(159,66,6,2,1,'2025-08-30'),(160,67,2,1,2,'2025-08-30'),(161,56,2,3,1,'2025-07-01'),(162,57,4,1,0,'2025-07-01'),(163,59,3,2,0,'2025-07-01'),(164,60,5,0,1,'2025-07-01'),(165,62,3,3,0,'2025-07-01'),(166,63,4,1,1,'2025-07-01'),(167,66,2,2,0,'2025-07-01'),(168,67,5,1,1,'2025-07-01'),(169,56,6,0,0,'2025-07-15'),(170,57,3,2,1,'2025-07-15'),(171,59,4,1,2,'2025-07-15'),(172,60,2,3,0,'2025-07-15'),(173,62,5,1,0,'2025-07-15'),(174,63,3,2,1,'2025-07-15'),(175,66,4,0,1,'2025-07-15'),(176,67,2,4,0,'2025-07-15'),(177,56,3,1,0,'2025-01-01'),(178,57,2,2,1,'2025-01-01'),(179,59,4,0,0,'2025-01-01'),(180,60,1,3,1,'2025-01-01'),(181,62,5,1,0,'2025-01-01'),(182,63,2,2,0,'2025-01-01'),(183,66,3,1,1,'2025-01-01'),(184,67,4,2,0,'2025-01-01'),(185,56,4,2,1,'2025-01-15'),(186,57,5,0,0,'2025-01-15'),(187,59,3,3,0,'2025-01-15'),(188,60,2,1,1,'2025-01-15'),(189,62,6,0,0,'2025-01-15'),(190,63,1,4,1,'2025-01-15'),(191,66,5,1,0,'2025-01-15'),(192,67,3,2,1,'2025-01-15'),(193,56,5,1,0,'2024-12-01'),(194,57,3,2,1,'2024-12-01'),(195,59,4,0,2,'2024-12-01'),(196,60,2,3,0,'2024-12-01'),(197,62,6,1,0,'2024-12-01'),(198,63,3,2,1,'2024-12-01'),(199,66,4,1,0,'2024-12-01'),(200,67,2,3,1,'2024-12-01'),(201,56,3,2,0,'2024-12-15'),(202,57,4,1,1,'2024-12-15'),(203,59,5,0,0,'2024-12-15'),(204,60,3,2,1,'2024-12-15'),(205,62,2,3,0,'2024-12-15'),(206,63,4,1,0,'2024-12-15'),(207,66,6,0,1,'2024-12-15'),(208,67,3,2,0,'2024-12-15'),(209,56,4,1,1,'2024-12-31'),(210,57,5,2,0,'2024-12-31'),(211,59,3,3,0,'2024-12-31'),(212,60,2,0,2,'2024-12-31'),(213,62,7,1,0,'2024-12-31'),(214,63,2,2,1,'2024-12-31'),(215,66,5,1,0,'2024-12-31'),(216,67,4,2,0,'2024-12-31'),(217,56,3,2,0,'2025-09-18'),(218,57,4,1,1,'2025-09-18'),(219,59,5,0,0,'2025-09-18'),(220,60,2,3,1,'2025-09-18'),(221,62,6,1,0,'2025-09-18'),(222,63,3,2,0,'2025-09-18'),(223,66,4,1,1,'2025-09-18'),(224,67,5,0,0,'2025-09-18'),(225,56,2,3,1,'2025-09-19'),(226,57,5,0,0,'2025-09-19'),(227,59,3,2,1,'2025-09-19'),(228,60,4,1,0,'2025-09-19'),(229,62,3,2,0,'2025-09-19'),(230,63,2,1,2,'2025-09-19'),(231,66,6,0,0,'2025-09-19'),(232,67,3,3,0,'2025-09-19'),(233,56,4,1,0,'2025-09-20'),(234,57,3,2,0,'2025-09-20'),(235,59,2,3,1,'2025-09-20'),(236,60,5,0,0,'2025-09-20'),(237,62,4,2,1,'2025-09-20'),(238,63,3,1,0,'2025-09-20'),(239,66,5,1,1,'2025-09-20'),(240,67,2,2,0,'2025-09-20'),(241,56,1,2,0,'2025-09-21'),(242,57,2,1,0,'2025-09-21'),(243,59,3,0,0,'2025-09-21'),(244,60,1,1,0,'2025-09-21'),(245,62,2,1,0,'2025-09-21'),(246,63,1,0,1,'2025-09-21'),(247,66,3,0,0,'2025-09-21'),(248,67,2,1,0,'2025-09-21');
-- tb_task_details DML
INSERT INTO `tb_task_details` (`details_id`,`task_id`,`channel_code`,`expect_capacity`,`sku_id`,`sku_name`,`sku_image`) VALUES (3770,545,'1-1',12,4,'青梅绿茶','https://likede2-java.itheima.net/image/product4.png'),(3771,545,'2-1',12,8,'魔力花茶','https://likede2-java.itheima.net/image/product8.png'),(3772,545,'2-4',10,8,'魔力花茶','https://likede2-java.itheima.net/image/product8.png'),(3773,545,'3-4',10,6,'怡宝至尊','https://likede2-java.itheima.net/image/product6.png'),(3774,545,'3-5',10,17,'可口可乐','https://likede2-java.itheima.net/image/product1.png'),(3775,545,'4-3',10,15,'营养快线','https://javacz-luo.oss-cn-beijing.aliyuncs.com/dkd-images/2025/09/23/68d2040e4a3500e3af434c84.png'),(3776,545,'5-4',5,14,'阿萨姆奶茶','https://javacz-luo.oss-cn-beijing.aliyuncs.com/dkd-images/2025/09/23/68d2020b4a354f975e5eafc0.png'),(3777,546,'1-1',12,4,'青梅绿茶','https://likede2-java.itheima.net/image/product4.png'),(3778,546,'2-1',12,8,'魔力花茶','https://likede2-java.itheima.net/image/product8.png'),(3779,546,'2-4',10,8,'魔力花茶','https://likede2-java.itheima.net/image/product8.png'),(3780,546,'3-4',10,6,'怡宝至尊','https://likede2-java.itheima.net/image/product6.png'),(3781,546,'3-5',10,17,'可口可乐','https://likede2-java.itheima.net/image/product1.png'),(3782,546,'4-3',10,15,'营养快线','https://javacz-luo.oss-cn-beijing.aliyuncs.com/dkd-images/2025/09/23/68d2040e4a3500e3af434c84.png'),(3783,546,'5-4',10,14,'阿萨姆奶茶','https://javacz-luo.oss-cn-beijing.aliyuncs.com/dkd-images/2025/09/23/68d2020b4a354f975e5eafc0.png'),(3784,548,'1-1',12,4,'青梅绿茶','https://likede2-java.itheima.net/image/product4.png'),(3785,548,'1-2',12,5,'冰糖雪梨','https://likede2-java.itheima.net/image/product5.png'),(3786,548,'1-3',12,6,'怡宝至尊','https://likede2-java.itheima.net/image/product6.png'),(3787,548,'1-4',12,7,'一百橙汁','https://likede2-java.itheima.net/image/product7.png'),(3788,548,'1-5',12,8,'魔力花茶','https://likede2-java.itheima.net/image/product8.png'),(3789,548,'2-1',12,9,'新星巴克','https://likede2-java.itheima.net/image/product9.png'),(3790,548,'2-2',12,14,'阿萨姆奶茶','https://javacz-luo.oss-cn-beijing.aliyuncs.com/dkd-images/2025/09/23/68d2020b4a354f975e5eafc0.png'),(3791,548,'2-3',12,15,'营养快线','https://javacz-luo.oss-cn-beijing.aliyuncs.com/dkd-images/2025/09/23/68d2040e4a3500e3af434c84.png'),(3792,548,'2-4',12,17,'可口可乐','https://likede2-java.itheima.net/image/product1.png'),(3793,548,'2-5',12,18,'康师傅','https://likede2-java.itheima.net/image/product2.png'),(3794,549,'1-1',12,5,'冰糖雪梨','https://likede2-java.itheima.net/image/product5.png'),(3795,549,'1-3',10,17,'可口可乐','https://likede2-java.itheima.net/image/product1.png'),(3796,549,'2-2',10,6,'怡宝至尊','https://likede2-java.itheima.net/image/product6.png'),(3797,549,'3-4',10,18,'康师傅','https://likede2-java.itheima.net/image/product2.png'),(3798,550,'1-1',12,6,'怡宝至尊','https://likede2-java.itheima.net/image/product6.png'),(3799,550,'1-2',10,15,'营养快线','https://javacz-luo.oss-cn-beijing.aliyuncs.com/dkd-images/2025/09/23/68d2040e4a3500e3af434c84.png'),(3800,550,'2-2',10,17,'可口可乐','https://likede2-java.itheima.net/image/product1.png'),(3801,550,'2-3',10,8,'魔力花茶','https://likede2-java.itheima.net/image/product8.png'),(3802,550,'3-2',10,9,'新星巴克','https://likede2-java.itheima.net/image/product9.png');
-- tb_task_type DML
INSERT INTO `tb_task_type` (`type_id`,`type_name`,`type`) VALUES (1,'投放工单',1),(2,'补货工单',2),(3,'维修工单',1),(4,'撤机工单',1);
-- tb_vending_machine DML
INSERT INTO `tb_vending_machine` (`id`,`inner_code`,`channel_max_capacity`,`node_id`,`addr`,`last_supply_time`,`business_type`,`region_id`,`partner_id`,`vm_type_id`,`vm_status`,`running_status`,`longitudes`,`latitude`,`client_id`,`policy_id`,`create_time`,`update_time`) VALUES (112,'GZ0001',10,1,'朝阳区建国门外大街1号','2025-09-14 08:00:00',1,1,2,1,1,'{"statusCode":"1001","status":true}',116.4074,39.9087,'client_123456',11,'2025-09-14 08:00:00','2025-09-22 03:12:22'),(113,'ZH0001',10,2,'海淀区中关村路1号','2025-09-14 08:30:00',1,2,2,2,1,'{"statusCode":"1001","status":true}',116.3073,39.9894,'client_789012',11,'2025-09-14 08:30:00','2025-09-22 03:12:22'),(114,'GG0001',11,3,'东城区东华门大街','2025-09-14 09:00:00',3,3,4,3,1,'{"statusCode":"1001","status":true}',116.3971,39.9193,'client_345678',11,'2025-09-14 09:00:00','2025-09-28 12:16:20'),(116,'FT0001',10,5,'丰台区南四环西路128号','2025-09-14 10:00:00',4,5,5,2,1,'{"statusCode":"1001","status":true}',116.3554,39.8689,'client_567890',13,'2025-09-14 10:00:00','2025-09-22 03:12:23'),(117,'A1000001',10,1,'朝阳区建国门外大街1号','2025-09-14 08:00:00',1,1,2,1,1,'{"statusCode":"1001","status":true}',116.4074,39.9087,'client_123456',13,'2025-09-14 08:00:00','2025-09-22 03:12:23'),(118,'A1000002',10,2,'海淀区中关村路1号','2025-09-14 08:30:00',1,2,2,2,1,'{"statusCode":"1001","status":true}',116.3073,39.9894,'client_789012',14,'2025-09-14 08:30:00','2025-09-22 03:12:23'),(119,'A1000003',11,3,'东城区东华门大街','2025-09-14 09:00:00',3,3,3,3,1,'{"statusCode":"1001","status":true}',116.3971,39.9193,'client_345678',14,'2025-09-14 09:00:00','2025-09-28 12:16:20'),(121,'A1000005',10,1,'朝阳区建国门外大街1号','2025-10-09 16:17:48',1,1,2,1,1,'{"statusCode":"1001","status":true}',116,39,'client_567890',15,'2025-09-14 10:00:00','2025-10-09 08:17:47'),(122,'A1000006',10,6,'石景山区石景山路68号','2025-09-14 10:30:00',2,6,6,2,1,'{"statusCode":"1001","status":true}',116.2721,39.9104,'client_abc123',15,'2025-09-14 10:30:00','2025-09-22 03:12:23'),(123,'A1000007',10,7,'通州区新华东路101号','2025-09-14 11:00:00',2,7,7,2,1,'{"statusCode":"1001","status":true}',116.6575,39.8848,'client_def456',15,'2025-09-14 11:00:00','2025-09-22 03:12:23'),(124,'A1000008',10,8,'昌平区生命科学园路2号','2025-09-14 11:30:00',3,8,8,1,1,'{"statusCode":"1001","status":true}',116.3414,40.1305,'client_ghi789',13,'2025-09-14 11:30:00','2025-09-22 07:08:31'),(133,'Xhax5euA',10,1,'朝阳区建国门外大街1号','2025-10-09 16:27:35',1,1,2,1,1,NULL,0,0,NULL,NULL,'2025-09-21 08:31:37','2025-10-09 08:27:35'),(134,'MBcIueGz',12,7,'通州区新华东街101号',NULL,2,7,4,1,0,NULL,0,0,NULL,NULL,'2025-10-06 13:56:54','2025-10-06 13:56:54'),(135,'vEeQvW3t',12,11,'北京市海淀区清华西路28号','2025-10-09 15:45:31',5,2,6,1,1,NULL,0,0,NULL,14,'2025-10-09 07:28:24','2025-10-09 12:04:02');
-- tb_vm_type DML
INSERT INTO `tb_vm_type` (`id`,`name`,`model`,`image`,`vm_row`,`vm_col`,`channel_max_capacity`,`create_time`) VALUES (1,'饮料机','CZ-10011','https://javacz-luo.oss-cn-beijing.aliyuncs.com/dkd-images/2025/09/18/68cbe81870a56057e0512a60.png',5,5,12,'2025-09-18 11:08:33'),(2,'零食机','LS-20011','https://javacz-luo.oss-cn-beijing.aliyuncs.com/dkd-images/2025/09/18/68cbecaf70a56057e0512a61.png',5,7,10,'2025-09-18 11:28:18'),(3,'盲盒机','CZ-10015','https://javacz-luo.oss-cn-beijing.aliyuncs.com/dkd-images/2025/09/19/68cca2a57e73306d51c9bb89.png',5,3,11,'2025-09-19 00:24:09');
SET FOREIGN_KEY_CHECKS = 1;
